0_Absolute energy,0_Area under the curve,0_Autocorrelation,0_Average power,0_Centroid,0_ECDF Percentile Count_0,0_ECDF Percentile Count_1,0_ECDF Percentile_0,0_ECDF Percentile_1,0_ECDF_0,0_ECDF_1,0_ECDF_2,0_ECDF_3,0_ECDF_4,0_ECDF_5,0_ECDF_6,0_ECDF_7,0_ECDF_8,0_ECDF_9,0_Entropy,0_Fundamental frequency,0_Histogram mode,0_Human range energy,0_Interquartile range,0_Kurtosis,0_LPCC_0,0_LPCC_1,0_LPCC_10,0_LPCC_11,0_LPCC_2,0_LPCC_3,0_LPCC_4,0_LPCC_5,0_LPCC_6,0_LPCC_7,0_LPCC_8,0_LPCC_9,0_MFCC_0,0_MFCC_1,0_MFCC_10,0_MFCC_11,0_MFCC_2,0_MFCC_3,0_MFCC_4,0_MFCC_5,0_MFCC_6,0_MFCC_7,0_MFCC_8,0_MFCC_9,0_Max,0_Max power spectrum,0_Maximum frequency,0_Mean,0_Mean absolute deviation,0_Mean absolute diff,0_Mean diff,0_Median,0_Median absolute deviation,0_Median absolute diff,0_Median diff,0_Median frequency,0_Min,0_Negative turning points,0_Neighbourhood peaks,0_Peak to peak distance,0_Positive turning points,0_Power bandwidth,0_Root mean square,0_Signal distance,0_Skewness,0_Slope,0_Spectral centroid,0_Spectral decrease,0_Spectral distance,0_Spectral entropy,0_Spectral kurtosis,0_Spectral positive turning points,0_Spectral roll-off,0_Spectral roll-on,0_Spectral skewness,0_Spectral slope,0_Spectral spread,0_Spectral variation,0_Spectrogram mean coefficient_0.0Hz,0_Spectrogram mean coefficient_1.61Hz,0_Spectrogram mean coefficient_11.29Hz,0_Spectrogram mean coefficient_12.9Hz,0_Spectrogram mean coefficient_14.52Hz,0_Spectrogram mean coefficient_16.13Hz,0_Spectrogram mean coefficient_17.74Hz,0_Spectrogram mean coefficient_19.35Hz,0_Spectrogram mean coefficient_20.97Hz,0_Spectrogram mean coefficient_22.58Hz,0_Spectrogram mean coefficient_24.19Hz,0_Spectrogram mean coefficient_25.81Hz,0_Spectrogram mean coefficient_27.42Hz,0_Spectrogram mean coefficient_29.03Hz,0_Spectrogram mean coefficient_3.23Hz,0_Spectrogram mean coefficient_30.65Hz,0_Spectrogram mean coefficient_32.26Hz,0_Spectrogram mean coefficient_33.87Hz,0_Spectrogram mean coefficient_35.48Hz,0_Spectrogram mean coefficient_37.1Hz,0_Spectrogram mean coefficient_38.71Hz,0_Spectrogram mean coefficient_4.84Hz,0_Spectrogram mean coefficient_40.32Hz,0_Spectrogram mean coefficient_41.94Hz,0_Spectrogram mean coefficient_43.55Hz,0_Spectrogram mean coefficient_45.16Hz,0_Spectrogram mean coefficient_46.77Hz,0_Spectrogram mean coefficient_48.39Hz,0_Spectrogram mean coefficient_50.0Hz,0_Spectrogram mean coefficient_6.45Hz,0_Spectrogram mean coefficient_8.06Hz,0_Spectrogram mean coefficient_9.68Hz,0_Standard deviation,0_Sum absolute diff,0_Variance,0_Wavelet absolute mean_12.5Hz,0_Wavelet absolute mean_2.78Hz,0_Wavelet absolute mean_25.0Hz,0_Wavelet absolute mean_3.12Hz,0_Wavelet absolute mean_3.57Hz,0_Wavelet absolute mean_4.17Hz,0_Wavelet absolute mean_5.0Hz,0_Wavelet absolute mean_6.25Hz,0_Wavelet absolute mean_8.33Hz,0_Wavelet energy_12.5Hz,0_Wavelet energy_2.78Hz,0_Wavelet energy_25.0Hz,0_Wavelet energy_3.12Hz,0_Wavelet energy_3.57Hz,0_Wavelet energy_4.17Hz,0_Wavelet energy_5.0Hz,0_Wavelet energy_6.25Hz,0_Wavelet energy_8.33Hz,0_Wavelet entropy,0_Wavelet standard deviation_12.5Hz,0_Wavelet standard deviation_2.78Hz,0_Wavelet standard deviation_25.0Hz,0_Wavelet standard deviation_3.12Hz,0_Wavelet standard deviation_3.57Hz,0_Wavelet standard deviation_4.17Hz,0_Wavelet standard deviation_5.0Hz,0_Wavelet standard deviation_6.25Hz,0_Wavelet standard deviation_8.33Hz,0_Wavelet variance_12.5Hz,0_Wavelet variance_2.78Hz,0_Wavelet variance_25.0Hz,0_Wavelet variance_3.12Hz,0_Wavelet variance_3.57Hz,0_Wavelet variance_4.17Hz,0_Wavelet variance_5.0Hz,0_Wavelet variance_6.25Hz,0_Wavelet variance_8.33Hz,0_Zero crossing rate,label
99115.0,45.86,49.0,34534.843205574914,1.7604563385965797,57.0,230.0,6.0,24.0,0.003472222222222222,0.006944444444444444,0.010416666666666666,0.013888888888888888,0.017361111111111112,0.020833333333333332,0.024305555555555556,0.027777777777777776,0.03125,0.034722222222222224,0.6201095289077134,0.3472222222222222,20.25,0.004085890609453747,15.0,-0.5290375242876055,0.5735614555963453,0.8852477231789215,0.7884489747117224,0.8852477231789215,0.7884489747117224,0.7593476704516542,0.7982786641490356,0.719916897776499,0.771702480607607,0.719916897776499,0.7982786641490356,0.7593476704516543,-49.89613499053175,-42.410548123617446,138.0815440714079,156.1189191381251,-11.545788297252344,52.77682700104826,30.079950242131893,51.85549941458965,27.9920174079909,51.70043308029605,38.008820090576634,150.10266375106414,45.0,1.514348142813491,46.18055555555556,15.95486111111111,8.024305555555555,4.606271777003484,-0.020905923344947737,15.5,7.5,3.0,0.0,8.333333333333332,0.0,74.0,10.0,45.0,75.0,41.31944444444444,18.551261562372396,1396.999320071027,0.375195957222422,0.05382637272986668,15.164048466524205,-1.9165604939137124,-484478.6755570088,0.3575585389742339,1.9967701658288857,44.0,46.18055555555556,0.0,0.6648500432898786,-0.00032114358525925704,16.470548715333898,0.09553112818149112,0.025632023565043054,4.8445523697837825,0.20361682843956214,0.22536153392693842,0.21999860240872765,0.30910503877797985,0.9390572514303251,0.5570014639233675,0.3520059184154962,0.42015810202466464,0.6165297721958329,0.19432687211311453,0.7522645087472215,0.42465387224748524,0.9773138904463089,0.29152383684595584,0.6345475589912937,0.2244693671225578,0.6722445065807778,0.302069514054176,0.191937491075687,0.4515069704447283,0.6361507251509033,0.2332935637364592,0.14988283362712257,0.5618647084250714,0.6345694080624253,0.32805038556243715,0.17368113175051011,0.4643482316023363,0.7409446971279936,0.4110075603848907,9.465289878324375,1322.0,89.59171248070987,0.15482944327672404,1.5803216492919674,0.04842402517352131,1.3173648457794183,1.0761724130680188,0.8523959470866891,0.6463760719346395,0.46018881154664293,0.29561424979953277,4.430834633590119,6.976901693107017,4.260892849707971,6.766446660765816,6.574663187110492,6.2592921707620555,5.826481802142592,5.449375046624728,5.055057082616431,2.1803207881337707,4.428128655957988,6.795567726103439,4.260617677107218,6.636968455258276,6.4859886649066265,6.200980537653166,5.790517089546419,5.429909267796613,5.0464060799569035,19.6083233937163,46.17974072005867,18.152862990478507,44.04935027609343,42.068048961297244,38.45215962835335,33.53008816432912,29.483914656503543,25.466214323826,2.0,1
87095.0,43.965,45.0,30346.689895470383,1.7360939204317125,57.0,230.0,7.0,23.0,0.003472222222222222,0.006944444444444444,0.010416666666666666,0.013888888888888888,0.017361111111111112,0.020833333333333332,0.024305555555555556,0.027777777777777776,0.03125,0.034722222222222224,0.5963530823368347,0.3472222222222222,20.8,0.007215950516531595,13.0,-0.842011852747957,0.5684340414876896,0.8479469166043928,0.8007085845760491,0.8479469166043928,0.8007085845760491,0.7972095882022474,0.705081740029629,0.7798780434558643,0.6981389932957178,0.7798780434558643,0.705081740029629,0.7972095882022472,-50.12222629633487,-29.421966214904693,122.40031166648049,2.2854583755402658,-12.978624348464301,28.425582753326005,23.430349933190058,45.87984910942647,99.43541206011103,45.159502704975665,152.79757101839988,129.83820785440008,37.0,1.396556344636055,45.83333333333333,15.302083333333334,7.141059027777778,4.770034843205575,-0.010452961672473868,14.0,7.0,4.0,0.0,8.333333333333332,1.0,84.0,12.0,36.0,88.0,44.44444444444444,17.39003146760938,1437.6504741650297,0.27591214105670925,0.04400185468735557,15.084594104902116,-1.9704704551427195,-461463.1056897629,0.4354766202341089,1.9647025197684376,45.0,45.83333333333333,0.0,0.6657674742948397,-0.000323737768289639,16.492871137545126,0.11225634323158362,0.028528927217598987,3.9265456829099676,0.4681595993681983,0.6420477209828989,0.11382165189365497,0.6847212304561183,0.22726489006071288,0.1142009599583442,0.6678451817101474,0.469862059255519,0.19747185637125017,0.4129823519550569,0.3643405275597525,0.29797862100933836,0.7941713873544636,0.7651803119986105,0.4325252856707788,0.19794908977384118,0.3035848086078328,0.26839611927956974,0.5198814923598601,0.7469400555351099,0.30197671403431975,0.1055552114328181,0.9504450634883238,0.5783273204244255,0.39708885257143095,0.29626314041149776,0.09301102689006895,0.4048205506369579,0.5389983890543946,0.3316217465987207,8.26192714226933,1369.0,68.25944010416667,0.1475841103407907,1.646600664247613,0.046570272867926525,1.3402886315038975,1.0654213116821967,0.8227367313105165,0.6147218452514335,0.43757804043241744,0.28181683828719123,4.597490497662859,7.350222559501027,4.01201008021221,6.560940684041232,5.968946681307036,5.598302234433193,5.352693091276069,5.12259687496243,4.907662363152658,2.1802215011955854,4.5951210872484305,7.163412449852176,4.011739783860537,6.422582739347843,5.873091342121257,5.537516788147208,5.3172775348259975,5.103873450812253,4.899564178614558,21.1151378064752,51.31447792669715,16.09405609340939,41.24956904376884,34.49320191289967,30.664092179012172,28.273440382365234,26.04952420190618,24.00572914036294,0.0,1
100705.0,45.78,49.0,35088.85017421603,1.7811651854426296,57.0,230.0,6.0,25.0,0.003472222222222222,0.006944444444444444,0.010416666666666666,0.013888888888888888,0.017361111111111112,0.020833333333333332,0.024305555555555556,0.027777777777777776,0.03125,0.034722222222222224,0.6112378509386562,0.3472222222222222,23.1,0.006403743499366131,16.0,-0.9823709388578679,0.5623010130733412,0.9067532163929563,0.7067764656012342,0.9067532163929563,0.7067764656012342,0.8318418782990431,0.7855712953754981,0.7913510048516146,0.703326228574114,0.7913510048516146,0.7855712953754981,0.8318418782990429,-46.57719788026744,-35.2058375619898,113.35338039842864,140.3531765181449,1.9503767738185551,55.348740408065396,42.98432320039485,43.630039186938916,52.48607643997631,42.323150437298516,69.49891902461127,12.383035357981804,42.0,1.598907517139395,45.138888888888886,15.92013888888889,8.506799768518519,4.181184668989547,-0.006968641114982578,16.0,9.0,3.0,0.0,4.861111111111111,0.0,78.0,9.0,42.0,81.0,39.58333333333333,18.69946894670779,1272.068590675784,0.2835239651078155,0.05884889823935312,13.647184804349896,-2.0311061455662855,-531224.6788022192,0.3021006008940301,2.199751318648207,47.0,45.138888888888886,0.0,0.8084314553813318,-0.0003706691480034651,15.968833015387142,0.08205620828549764,0.022348884706038314,5.128516299663668,0.21297201832738727,0.260187817529594,0.397090234427169,0.15392661673054103,0.5468682133338958,0.36916376003192564,0.22944925128519525,0.6091255879502707,0.33301431866480524,0.4213269823958501,0.24879829365918585,0.4420580924436791,1.663028165057805,0.14017132403581428,0.2925198503859872,0.32133092876113223,0.4891019652379992,0.20584550393755596,0.1486241064882203,1.177489617709831,0.21798251776519897,0.5473205084206442,0.2937643429918856,0.22104141961261498,0.4781257188603257,0.2618697062999264,0.0440404220137123,0.7488274590004477,0.4483656201685465,0.3199539686078508,9.809144542077894,1200.0,96.21931664737654,0.11688697867071264,1.4336746645129368,0.040655633077684994,1.1692212248263343,0.9333081026947225,0.722005636478327,0.5318886322237524,0.3613220094825269,0.21935189652306664,4.072244467684153,8.097305274534028,3.7416873430510353,7.528926449129028,7.0064414227470095,6.522727643925374,6.083164032250052,5.618721978935199,4.892747272920285,2.1686420084022666,4.070566599234242,7.969374483943537,3.7414664628521486,7.4375839628074285,6.944001540598153,6.482644813478661,6.059866263059925,5.607092212727823,4.887827802016007,16.569512438801425,63.51092966533032,13.99857129264737,55.317655203810254,48.21915739582952,42.02468377772178,36.72197912617186,31.439483082032993,23.89086062216063,2.0,1
150818.0,53.125,41.0,52549.82578397213,1.7730938614754208,57.0,230.0,6.0,28.0,0.003472222222222222,0.006944444444444444,0.010416666666666666,0.013888888888888888,0.017361111111111112,0.020833333333333332,0.024305555555555556,0.027777777777777776,0.03125,0.034722222222222224,0.6512321008579051,0.3472222222222222,9.149999999999999,0.030381022647719386,18.0,0.6864480536321076,0.4390186876182297,0.7019223281020738,0.8931280361534079,0.7019223281020739,0.8931280361534079,0.7630571189330337,0.7316736363954917,0.6921625349207399,0.62086738498174,0.6921625349207399,0.7316736363954917,0.7630571189330337,-48.251375994965976,-7.598294281205477,25.782439285116073,13.634919768352866,-10.054297694157059,67.43848368852682,25.0615142796879,24.751792181338534,41.28778368490849,27.415538167334994,141.30411498135504,134.9788693142048,61.0,1.557459851588604,45.83333333333333,18.479166666666668,10.729890046296298,4.958188153310105,-0.04529616724738676,15.5,8.5,4.0,0.0,2.7777777777777777,0.0,88.0,7.0,61.0,87.0,37.5,22.88391599161103,1490.048882851831,1.0459215999246796,0.061657805159366495,12.926109213206495,-1.7159058321410565,-726459.1213221259,0.3396464605290024,2.419048257924548,44.0,45.83333333333333,0.0,0.9595556420179182,-0.0003942122490236975,16.270655167677923,0.06879323422853012,0.1747721451856909,15.932291828093298,0.3688534865002895,0.37241416764117635,0.14668502584971582,0.2298169284890826,0.49636171633111414,0.44948316467801747,0.4524265599952172,0.5073717668648328,0.498030115460511,0.24497247849235074,0.30858724000920723,0.4324051769338695,6.614829766123153,0.5622381532768921,0.5134609982829481,0.08294957550967544,0.21160600355927298,0.40269689203243664,0.4203415675968638,0.7618700938485847,0.5488474947974701,0.13477796789922564,0.8240988432763146,0.7888226920701579,0.596215873516136,0.5624867784897992,0.21321956730535244,0.5932248997259413,0.5643557930408745,0.5347812435132017,13.497926152437886,1423.0,182.19401041666663,0.16554450161146606,1.5896231571197075,0.05888666145467988,1.329074249901973,1.088850004684212,0.8657478472416561,0.659710562269042,0.4718847438505471,0.3052971417149901,4.7586142604586,18.737953837015656,3.9685166219641608,16.78563180043829,14.585456582854178,12.194802586768683,9.82779281428502,7.7293040965621085,6.074883422223627,2.1005057318331177,4.755733875841473,18.670404714854968,3.9680797043291047,16.73293149983387,14.544756766533547,12.164032669935436,9.805625608524064,7.714886039706154,6.067207120979809,22.617004697826165,348.5840122164786,15.745656539908554,279.99099657813264,211.54994939762344,147.9636907952566,96.15029357454293,59.5194666056529,36.81100224886811,2.0,1
77669.0,40.705000000000005,53.0,27062.369337979093,1.840719334612265,57.0,230.0,5.0,22.0,0.003472222222222222,0.006944444444444444,0.010416666666666666,0.013888888888888888,0.017361111111111112,0.020833333333333332,0.024305555555555556,0.027777777777777776,0.03125,0.034722222222222224,0.5968641308231268,0.3472222222222222,16.65,0.009459938059447932,14.0,-0.8555609341331016,0.5005041355508809,0.7738035571772809,0.8071611561517568,0.7738035571772809,0.8071611561517568,0.7578286473104564,0.6599195192929118,0.7415541108705709,0.7314948758589767,0.7415541108705709,0.6599195192929118,0.7578286473104564,-52.922377932887834,-24.926117947265467,51.63436324729495,164.05219495920818,-14.772017067628584,62.88282176986545,31.79185809023208,61.17625701580386,85.57779843309949,-22.77405519828797,95.1669665530551,107.32898925925042,37.0,1.374097334827147,45.83333333333333,14.17013888888889,6.982783564814816,4.637630662020906,0.017421602787456445,14.0,7.0,4.0,0.0,8.333333333333332,0.0,80.0,9.0,37.0,84.0,43.40277777777778,16.422059182020316,1400.8234851898537,0.23190930797140616,0.06303802008608321,15.430150580500499,-1.8316408269631388,-432505.35073708254,0.41177696568912664,1.930824172102745,49.0,45.83333333333333,0.0,0.6405926507867696,-0.000312455357522818,16.63853421375366,0.07878022355110381,0.019101339021115243,2.7511917261495964,0.18124224335805023,0.40912254146837557,0.1886035162790642,0.21543164577516177,0.5658221951990946,0.31787051523905935,0.2851280112745867,0.4610012368033912,0.35656583544065235,0.3234606546986064,0.26617398347632343,0.29929226371644413,0.5459607401236377,0.6723025868532397,0.6402729469729503,0.17177553599972942,0.17044503366935976,0.1890453085663216,0.4868101801523044,0.8375994612429528,0.24329468940824298,0.2760729419736609,0.5829607409849327,0.8982131023489153,0.1785318776542463,0.53114088154643,0.011053039867924946,0.9192056448719008,0.4441066501279901,0.25420180343831567,8.300071785676106,1331.0,68.89119164737654,0.16906796845797234,1.7504441459176099,0.06171192031619838,1.4492788803747496,1.1710284770553971,0.9165215443100168,0.688370297900738,0.48524411983752436,0.30839581142738876,4.099774063630944,6.210365069624678,3.7823587907131,5.809918475839814,5.705287200671856,5.827533332064377,5.961514314822112,5.77054271452346,4.973173523252028,2.184484068189745,4.096286537202015,5.958571942171806,3.7818553198893734,5.626254830951452,5.583815393445186,5.755009382714934,5.921638224241414,5.750104465512161,4.963602211687499,16.77956339486248,35.504579590037096,14.302429660575553,31.654743422804547,31.17899434807542,33.12013299513692,35.065799258797,33.06370136430289,24.63734691586903,4.0,1
107594.0,47.13000000000001,45.0,37489.19860627178,1.7559960592598098,57.0,230.0,6.0,26.0,0.003472222222222222,0.006944444444444444,0.010416666666666666,0.013888888888888888,0.017361111111111112,0.020833333333333332,0.024305555555555556,0.027777777777777776,0.03125,0.034722222222222224,0.6228397764602357,0.3472222222222222,6.300000000000001,0.005310674545206639,18.0,-0.9929061310988945,0.5535403221638117,0.8868866169447999,0.7997058230125857,0.8868866169447998,0.7997058230125857,0.8208821222887495,0.6915385503225304,0.7835479709729278,0.7302904355214246,0.7835479709729276,0.6915385503225304,0.8208821222887495,-46.2732355913438,-23.409943389306715,106.3083699846923,12.158177484541156,-6.361205314515855,-5.220159127644866,70.8747959729586,37.564960087665476,38.37022071004839,101.56530713351162,130.3484632921345,84.13808075199286,42.0,1.619059103696263,45.138888888888886,16.395833333333332,8.846932870370372,4.529616724738676,-0.020905923344947737,15.0,9.0,3.0,0.0,6.25,0.0,87.0,7.0,42.0,86.0,35.416666666666664,19.328483587125447,1367.2651660877877,0.3572045552922544,0.05285607786873718,14.192581144581705,-1.9591069775186023,-534947.8458996896,0.3082307822533365,2.1194085335308595,46.0,45.138888888888886,0.0,0.7642458748733822,-0.00035286197037624615,16.19904521469054,0.09364173351345795,0.05473590640259614,6.462670036719638,0.429768235286657,0.47878556567533614,0.2866735136494593,0.1867117516700513,0.4812944234333701,0.39097676617617433,0.4709992333974465,0.16730880107289878,0.44459896266575727,0.4968894735864412,0.14096431251050107,0.2884354167866758,2.691084562533387,0.3817618447936506,0.3573203887132026,0.32738172153922424,0.5579740063063673,0.3564712384482622,0.3633439856338227,0.8264293871733415,0.5173544581657877,0.4069932518923457,0.34771302132905957,0.4146132770465738,0.3028334749042997,0.213378958842824,0.07845682384579036,0.7141714666642637,0.2502688121730926,0.39465680908661327,10.235571653959212,1300.0,104.76692708333333,0.1591325922282845,1.4737680692355288,0.04705970865288271,1.2257298930160891,1.001408032258906,0.8004071876129454,0.6230038210904936,0.46190380136860576,0.30606834561228535,4.679088614333929,8.538743668536805,3.9282353190044437,8.0929159877035,7.6028281415016385,7.076445674842208,6.523248558697953,5.863526995810132,5.175931421848087,2.165583013049381,4.67638183630038,8.41059754803897,3.927953424532354,7.999554700943904,7.5365892618701595,7.031033474746835,6.493430372111614,5.845305270802837,5.166874127699312,21.868547078880113,70.73815111507913,15.428818105295449,63.992875413393705,56.8001777021366,49.435431723010545,42.16463799746157,34.16759370887542,26.696588251488528,4.0,1
95230.0,44.255,50.0,33181.18466898955,1.7924925968707341,57.0,230.0,5.0,24.0,0.003472222222222222,0.006944444444444444,0.010416666666666666,0.013888888888888888,0.017361111111111112,0.020833333333333332,0.024305555555555556,0.027777777777777776,0.03125,0.034722222222222224,0.6194299871618667,0.3472222222222222,18.0,0.003888849718435745,15.0,-0.900793991904512,0.6103936999802515,1.040586940491781,0.6806065926243616,1.040586940491781,0.6806065926243617,0.712972977863136,0.8144924756666142,0.7938996687553633,0.5851027806500457,0.7938996687553633,0.8144924756666142,0.712972977863136,-40.32738986386413,-53.04414694109337,210.46726334175764,16.143579623784927,-25.132909409979277,60.25282725529666,50.67540435174803,-4.4743644884353655,67.56337221299869,65.81370312582467,66.80156007050242,124.5065744956531,40.0,1.513815432892079,45.138888888888886,15.38888888888889,8.302854938271606,4.519163763066202,-0.04529616724738676,16.0,8.0,4.0,0.0,7.986111111111111,0.0,76.0,11.0,40.0,79.0,37.15277777777778,18.18405131488091,1364.3195015483598,0.23927306249197533,0.05555170418239032,14.249865443412704,-1.9214143450507262,-507821.42419457523,0.3278653478045425,2.186435972425872,44.0,45.138888888888886,0.0,0.7509746257418963,-0.00035099163937237334,15.77653449513133,0.1154253535961205,0.04868417602929892,4.253781657451019,0.42105181012888854,0.25774895989695734,0.43251813508788955,0.3868702473999727,0.3419970233411192,1.1106233008431787,0.4527320742995215,0.4354455939309557,0.4598095338284921,0.5087749212523818,0.6777374985646172,0.4769497565098244,0.8390146637718058,0.2997369655443968,0.19136828785427915,0.23029092882832108,0.37271114596236055,0.24207845651031867,0.34696244960744616,0.5373439576162907,0.23304923148690765,0.17476813042862632,0.3188851245768021,0.49892247961150255,0.3476866503482752,0.1564895328043033,0.04196379901377635,0.31375067718925675,0.46601777176469755,0.591692884678902,9.687198820487495,1297.0,93.84182098765433,0.12109851841696136,1.4475420183734602,0.03781180131734393,1.1941536879893537,0.9574087243237968,0.7348837886220774,0.5318662798705085,0.35765769137297077,0.2224084649357783,4.743300649336634,7.602117468384612,4.40435688168751,7.042078083678902,6.763898054919232,6.619284185448689,6.315482641525966,5.769869639242373,5.247338503569141,2.180558804960803,4.741754548564756,7.4630296869409385,4.404194569833315,6.940090828374809,6.695796101430274,6.57836369813585,6.293046897628564,5.758773882490322,5.242622992907668,22.48423619883455,55.69681210816176,19.396929808949263,48.16486070609214,44.83368543192885,43.27486894495158,39.60243925575249,33.163476629652656,27.48509584576415,5.0,1
138990.0,51.64,45.0,48428.57142857143,1.8262241168429383,57.0,230.0,6.0,27.0,0.003472222222222222,0.006944444444444444,0.010416666666666666,0.013888888888888888,0.017361111111111112,0.020833333333333332,0.024305555555555556,0.027777777777777776,0.03125,0.034722222222222224,0.6457587263054856,0.3472222222222222,3.85,0.019872134543045986,18.25,0.3612654173208192,0.4888611719348349,0.8168108447009703,0.9236901545801662,0.8168108447009704,0.9236901545801661,0.5825100329999967,0.74826912581324,0.7082383279192837,0.6710987599260194,0.7082383279192837,0.74826912581324,0.5825100329999967,-41.82092382879726,-16.032816821781324,18.955478101675055,216.52092019542317,-12.09230071610746,27.576460343832498,28.61000100131992,35.39822558034649,70.23208291307193,44.83455991873087,-32.21245089272703,104.11860828631204,58.0,1.5708579278659338,45.83333333333333,17.979166666666668,10.206597222222221,5.066202090592334,-0.027874564459930314,16.0,9.0,4.0,0.0,3.4722222222222223,1.0,92.0,6.0,57.0,95.0,36.11111111111111,21.968253609849526,1514.9072732552195,0.875802884725561,0.0697878864601795,12.930921574892217,-1.7775880341707568,-692302.3534214423,0.33424983378193784,2.477016356933787,47.0,45.83333333333333,0.0,0.9600662169377244,-0.00039405512552831857,15.974869234679735,0.08295128320994294,0.08416411078992762,10.028526986336269,0.21027448106547472,0.3519006879622107,0.7153075947589904,0.8453513869460011,0.38801266183964267,0.19430411686932478,0.2279744622052052,0.41454365214246225,0.2795445933422733,0.31679762962480396,0.5371574479248291,0.21529471155868113,5.015171087270425,0.22206252371802523,0.5975672574992141,0.19911141661850695,0.1911402972914163,0.23175922530380638,0.42436188595989616,0.8856464269356179,1.1171764019868506,0.3309161681023457,0.3227064857514509,0.2347612589440214,0.4674018986062132,0.6921337067291322,0.33123382140663077,0.5773115007486294,1.4625812612716842,0.4863382586225448,12.623538831836692,1454.0,159.35373263888889,0.14350337701335414,1.749385607090923,0.04851566591510134,1.4395490869094363,1.1521634180613884,0.888058446654655,0.6517920562441117,0.44826863446882215,0.2796098558957337,5.418526865356111,15.165447122058891,4.127654647502121,13.933465460273347,12.611147252463496,11.043526411683837,9.285399741297931,7.750474054437403,6.626920584489861,2.142514737811268,5.4166262720785605,15.06421044760287,4.12736951570933,13.858901765977294,12.558405730083683,11.00776216135159,9.262495099653913,7.737499809360825,6.6210191633631,29.339840171371684,226.93043640966744,17.035179119206674,192.06915815900857,157.7135544813987,121.17082780088383,85.79381547111275,59.86890329985881,43.837894761621406,0.0,1
87837.0,43.074999999999996,44.0,30605.226480836234,1.7460365221945193,57.0,230.0,6.0,23.0,0.003472222222222222,0.006944444444444444,0.010416666666666666,0.013888888888888888,0.017361111111111112,0.020833333333333332,0.024305555555555556,0.027777777777777776,0.03125,0.034722222222222224,0.6111797295008288,0.3472222222222222,5.85,0.005173998951655504,14.0,-0.7162048435364929,0.5611496467128116,0.7504678622648729,0.950651499000394,0.7504678622648729,0.950651499000394,0.8045518082184144,0.8072606986531295,0.5594317428386487,0.620100658735987,0.5594317428386486,0.8072606986531295,0.8045518082184145,-46.91150995870132,-24.485427817094706,-2.3827543233147597,128.51909784015538,8.890611209448538,32.578775348878104,-14.570086435806942,2.4936930528875636,11.486014903208291,81.56772633841263,163.61312972307033,181.02503765802587,39.0,1.4650945287919501,46.18055555555556,14.996527777777779,7.56589988425926,4.616724738675958,-0.05226480836236934,14.0,7.0,4.0,0.0,7.638888888888888,0.0,85.0,7.0,39.0,83.0,43.05555555555556,17.463950965727467,1391.1799240060504,0.3782111696145302,0.04768460468836032,14.744734755591907,-1.888250178542973,-479364.044181503,0.3798534996652209,2.0703676522961896,48.0,46.18055555555556,0.0,0.726966928660222,-0.00033483416801770804,16.43401566178435,0.11547992055076584,0.018779207012483656,3.6189463197763425,0.21516564388682163,0.3052420271387246,0.30078962171846635,0.13650493505547445,0.43296019071778674,0.2982910485408631,0.4424656979654552,0.6058608656537755,0.4670623124102491,0.26424511517403565,0.10148232020454899,0.4316651128564013,2.189290007866759,0.5839392497702167,0.28722193966287024,0.4449158801257357,0.3176123367116851,0.23304337002678527,0.3334084726410695,1.0587678346227647,0.3296109764127425,0.33940211541196097,0.3954824199755832,0.2151662667985425,0.06346602660937076,0.785837097036128,0.34954066218426816,0.36631035157230885,0.5945640493371288,1.2189612611259937,8.949510486259728,1325.0,80.09373794367283,0.16428604385939313,1.3725439201037553,0.059685262433872927,1.1410847516561085,0.9335750201905858,0.7466374183547209,0.5779223644981655,0.4259237177648435,0.28945183235323213,4.801884286809922,8.355069248423476,3.9478313844392976,7.80926621097512,7.271780484891046,6.8092742411074205,6.400587063144729,6.0011973541471635,5.651791051641264,2.1699083914107637,4.7990731188121165,8.241559642042144,3.9473801830343245,7.725449135384663,7.211603781553615,6.768216032022147,6.374442759450313,5.986063704143842,5.644374166208299,23.031102799705057,67.92330533333785,15.581810309412099,59.682564343415635,52.007229102118394,45.808748256121625,40.63352049350851,35.83295867006829,31.858959728159626,2.0,1
114858.0,49.51,50.0,40020.20905923345,1.7691389367741037,57.0,230.0,7.0,27.0,0.003472222222222222,0.006944444444444444,0.010416666666666666,0.013888888888888888,0.017361111111111112,0.020833333333333332,0.024305555555555556,0.027777777777777776,0.03125,0.034722222222222224,0.6262467957880639,0.3472222222222222,3.05,0.005409877957670841,16.25,-0.9418319107859574,0.5415707701431839,0.8560420651637354,0.9082584184418192,0.8560420651637354,0.9082584184418191,0.7571942617477286,0.7657975395999213,0.6103478884532569,0.8253894632186182,0.6103478884532568,0.7657975395999213,0.7571942617477285,-41.40210291657432,-18.21101342600302,-21.811891379050216,44.72385623066437,-2.6110233662806754,19.803953487663346,-13.989879907965788,67.97924319527648,19.400240412190133,111.61423009703924,99.32707762716771,178.2118970557852,42.0,1.4922584573627053,45.83333333333333,17.25,8.652777777777779,4.2787456445993035,-0.04878048780487805,17.0,8.0,3.0,0.0,4.861111111111111,1.0,78.0,6.0,41.0,77.0,36.80555555555556,19.97029043354152,1298.8439928941712,0.1967422864976667,0.06238018880435962,13.43021171799576,-2.129629915579943,-569239.2831886504,0.31460449320697553,2.3364401634604093,43.0,45.83333333333333,0.0,0.874819482768475,-0.0003777533141483863,16.003478348202414,0.07952038077757217,0.0649627452001404,6.414339960687256,0.770710679066887,0.3358419151807374,0.6561574709363331,0.16556680180892797,0.15124419073551681,0.4150679160936293,0.4872768769698469,0.42736094756019316,0.1606197998759006,0.17815167258996398,0.46096436840917426,0.28664445209046285,2.010357677717471,0.500654869419443,0.43508576129017473,0.22760541059766926,0.15455475061443388,0.6274238936583877,0.2246897130930438,1.1532365949532049,0.3821645216509357,0.17897925326739025,0.16376169767618878,0.1958955145990679,0.40897674673757517,0.34224254606565624,0.10315503570156066,0.4985180875384736,0.2895572547502022,0.7076646050422841,10.062305898749054,1228.0,101.25,0.21245331312061533,1.6312553788702613,0.08219911523206815,1.3617079793792113,1.1206740583013008,0.9044807574209207,0.7097340985650319,0.5296693915722496,0.36093058026122427,5.115147083870939,8.099322428649385,3.837541788103437,7.7961817290398105,7.660049110563594,7.523237335576862,7.159005190902003,6.492175003648328,5.799107986155538,2.1755838539123835,5.110733144997638,7.933349210272405,3.8366613456096426,7.676340334502449,7.577627731110614,7.468668861776703,7.123737279876056,6.470532173911791,5.787865111707876,26.11959327937744,62.93802969212979,14.719970280895192,58.926200931109165,57.4204420312966,55.78101456687292,50.747632832695906,41.86778661362765,33.499382551325226,0.0,1
142080.0,54.06,41.0,49505.22648083624,1.7703859797297297,57.0,230.0,8.0,26.0,0.003472222222222222,0.006944444444444444,0.010416666666666666,0.013888888888888888,0.017361111111111112,0.020833333333333332,0.024305555555555556,0.027777777777777776,0.03125,0.034722222222222224,0.6365067542256669,0.3472222222222222,4.55,0.02465087942323306,14.0,0.5050048379506951,0.4530706066260497,0.9056335666126714,0.8607627188697404,0.9056335666126714,0.8607627188697404,0.6979700918676746,0.7429561634128818,0.7452681157994845,0.7316940650622201,0.7452681157994846,0.7429561634128818,0.6979700918676746,-41.857892745337345,3.773149507427766,76.54934753000842,47.229138344845126,-4.896651793792751,-9.647890589693288,48.23316714835675,47.47691586093731,56.70714226784583,113.8639329496042,4.872997495651368,29.722927678944128,53.0,1.442345318628083,45.138888888888886,18.79861111111111,9.248505015432098,4.306620209059234,-0.006968641114982578,17.0,7.0,4.0,0.0,2.083333333333333,2.0,84.0,5.0,51.0,88.0,29.51388888888889,22.211108331943574,1302.7803780261615,0.9710619086681324,0.057851476315059755,11.772244389474224,-2.039424192303075,-722142.8020975622,0.33483140857934474,2.754821276496522,46.0,45.138888888888886,0.0,1.104683666848573,-0.00043188590826619843,15.619812201717922,0.06628364822530741,0.27331674705842496,11.510344263619393,0.3954681347109732,0.6914155381991128,0.25525954457357497,0.6526180671348745,0.2575074322163628,0.24066920710107637,0.12565677066732522,0.19071520285681345,0.4074476419771704,0.17490378223859757,0.17488878496663215,0.34708245441150176,3.0595609500135317,0.19328491591425964,0.16760747401840453,0.29306428035877646,0.29660770641837697,0.5643467445622697,0.2712544942224775,1.4445848812622273,0.399882134832351,0.13735766989840753,0.23695961242166322,0.5107755354865995,0.2709763923078624,0.4345684370433728,0.10754337715728646,0.49896746622172616,0.8022315646656644,0.33797388616516516,11.829858563251854,1236.0,139.94555362654322,0.1288579114554524,1.6667333724663027,0.040430645876533076,1.3737141842835257,1.1029814693415858,0.8529781882009249,0.625625755792329,0.42436020905962674,0.25719146579731933,4.804666284711261,15.520430416315245,3.416956500488709,13.779303134466003,12.072316346685106,10.426454416782947,8.83370241843069,7.278732963527807,5.865197656479583,2.1226249321651482,4.802938032714605,15.430675946723477,3.416717297217616,13.710656593008334,12.021824065121297,10.391505180468616,8.811520347311097,7.266352039869329,5.85955596436237,23.068213746096447,238.10576017279047,11.67395708910605,187.98210421140288,144.52425385272954,107.98337991570611,77.64289083107748,52.79987196731315,34.33439609949462,0.0,1
93459.0,44.489999999999995,47.0,32564.11149825784,1.7881740656330585,57.0,230.0,6.0,24.0,0.003472222222222222,0.006944444444444444,0.010416666666666666,0.013888888888888888,0.017361111111111112,0.020833333333333332,0.024305555555555556,0.027777777777777776,0.03125,0.034722222222222224,0.6179087528666182,0.3472222222222222,23.1,0.009050781820474084,15.0,-0.7272019109647196,0.5034835677749596,0.7537433553707373,0.8004089261562118,0.7537433553707373,0.8004089261562118,0.7581373103545133,0.8864511980976669,0.560963426939268,0.6910765583551692,0.560963426939268,0.8864511980976669,0.7581373103545133,-44.06260771434079,-56.98970450784466,21.14389238886623,126.08751485743143,27.60331188772336,37.51348091730056,-15.23678802418286,19.871084221133394,74.61971033960067,87.39025722259356,102.93432738125436,166.43996511573678,42.0,1.299572062089193,45.83333333333333,15.496527777777779,7.857542438271604,4.989547038327526,-0.027874564459930314,15.0,8.0,4.0,0.0,7.986111111111111,0.0,80.0,10.0,42.0,80.0,39.58333333333333,18.014172661176165,1497.7746363810643,0.30348239997300447,0.057363440354621056,14.715480399722917,-1.8100721042719925,-511780.23494238604,0.4267387172440322,2.1024402366359483,47.0,45.83333333333333,0.0,0.7076855375422072,-0.0003357893220458915,16.108982466988117,0.09569316628064972,0.05262105250446414,3.322755136029935,0.6927737890708479,0.3837604225181327,0.38375998275756684,0.13426482044224594,0.25820904545310674,0.4017024665298816,0.28395292277685663,0.49088900615318476,0.7284869206439518,0.32972535349685145,0.6398756495945942,0.8660420553594216,2.1035476600512655,0.6314124912905726,1.1166721308951866,0.1517264068596614,0.2804226944680771,0.3075680019941286,0.4327841574682064,1.063373444564717,0.35174431272367856,0.2895084821941117,0.28272728263910346,0.18599063929081094,0.10148188691054558,0.40523914316499104,0.5543752703270467,0.42027639515442416,0.4593390890347517,0.5605127348560276,9.185207863691948,1432.0,84.36804349922839,0.1565971353151039,1.654077244896114,0.06151261947183918,1.341669664429619,1.0644337156666137,0.8195803147416102,0.6066146820995824,0.42510039690143436,0.27569226020912985,4.891752347299872,9.35068061227811,4.462894681214818,8.660479039446733,8.013238346632093,7.354893105005835,6.6137978668736235,5.901454976734214,5.482081181275058,2.1637498727910534,4.889245173288502,9.20321989201337,4.46247074312664,8.555923077274917,7.942226996560047,7.309086173643761,6.585919894086422,5.886124403627166,5.475144551128392,23.90471836452491,84.69925638075058,19.913645133261223,73.20381970424549,63.07896966488722,53.422740693750406,43.37434085132332,34.646460494975265,29.977207855750926,4.0,1
147669.0,54.74,34.0,51452.61324041812,1.6517732902640365,9.0,9.0,9.0,9.0,0.003472222222222222,0.006944444444444444,0.010416666666666666,0.013888888888888888,0.017361111111111112,0.020833333333333332,0.024305555555555556,0.027777777777777776,0.03125,0.034722222222222224,0.6476330708836251,0.3472222222222222,2.2,0.03343068795254254,22.0,-1.2070048032093434,0.5537747064228025,0.9155311169023823,0.767930134761988,0.9155311169023823,0.767930134761988,0.8382348060826211,0.7879058702862901,0.7175847267807117,0.664171938463415,0.7175847267807117,0.7879058702862901,0.8382348060826211,-41.79392907089158,-40.652229538740606,104.68697382642952,102.59954704257962,-8.919498591768145,13.547899789540502,3.874452361662381,21.228845171501934,55.78963042689943,93.31430435755458,131.21270110796408,114.0311415749902,44.0,0.7702169312334689,44.44444444444444,19.038194444444443,10.710214120370372,4.780487804878049,0.0,21.0,11.0,3.0,0.0,4.166666666666666,0.0,79.0,8.0,44.0,84.0,39.23611111111111,22.643753737694052,1442.361960465788,0.03786135318797208,0.05431666927890236,12.94572847607051,-1.8173182152788705,-723928.817670949,0.38514526030411794,2.4271880472921645,42.0,44.44444444444444,0.0,0.9123058696950219,-0.00039357168055456166,15.605594159648211,0.054655609602427546,0.30145761776350743,15.94019790241597,0.7945883326527188,0.6832967595023399,0.43470119732216067,0.511300180090175,0.4327060225677034,0.46260710002633215,0.5671009379001607,0.6644660897986309,0.5743667686320909,0.6340799201332075,0.8409045276116844,0.18463608964319253,1.7354370632503535,0.6239999601159474,0.5768025148801457,0.38664413240996864,0.47329326602586896,0.2922023693300496,0.43697968493765715,0.8986528971711291,0.19154577233574227,0.48557072911859595,0.5391174530362369,0.324887408325922,0.4597215958111004,0.3353101056266921,0.13675203608656467,0.649285853161188,0.5618170953316799,1.0492306159352245,12.25914905810587,1372.0,150.28673562885803,0.07897805230435904,0.9815644632860763,0.030289824395149743,0.7994031848690506,0.6378366154013714,0.4958956638374297,0.3715485476053596,0.2599006192932839,0.15929647850464443,5.710525301810051,12.48903983593578,4.623355832280394,10.790028954369486,9.26109161566462,8.005854537775761,7.151231821721402,6.659192505501323,6.333649574315806,2.150919576030906,5.7099791321743885,12.450407512527642,4.62325660962262,10.760375429516998,9.239100733609675,7.990481485530893,7.141573233173006,6.654118761595403,6.331646038919644,32.60386168986698,155.01264722800474,21.374501678419247,115.7856793841531,85.36098236578684,63.847794370611986,51.00206824477315,44.277296493415946,40.089741562166815,8.0,2
149357.0,55.045,31.0,52040.76655052265,1.5874190027919681,57.0,230.0,5.0,31.0,0.003472222222222222,0.006944444444444444,0.010416666666666666,0.013888888888888888,0.017361111111111112,0.020833333333333332,0.024305555555555556,0.027777777777777776,0.03125,0.034722222222222224,0.6512430458240325,0.3472222222222222,2.45,0.04289311176856857,22.0,-1.0891636528477036,0.5717080951724336,0.6038022036445618,0.7338445331371202,0.6038022036445618,0.7338445331371202,0.8028241041896857,0.8376612315746598,0.8553723311118471,0.9260888965738201,0.855372331111847,0.8376612315746598,0.802824104189686,-64.96652799588833,-48.02118012743882,100.97074747435738,102.97279629239488,-28.63527850479272,35.24390092573392,69.72664309984822,93.44819881259507,90.7695680354225,119.63936984859255,181.909943547186,91.25195532991681,49.0,0.7038416690846746,46.18055555555556,19.135416666666668,10.60988136574074,5.627177700348432,-0.003484320557491289,20.0,11.0,4.0,0.0,3.125,0.0,90.0,10.0,49.0,91.0,43.40277777777778,22.772806029219247,1674.0559826819956,0.06338209451884182,0.046001219713136345,14.287977211358392,-1.8711705879801672,-634784.2529472692,0.38836490956931957,2.053422247466765,47.0,46.18055555555556,0.0,0.7546071054091709,-0.00034974729104908275,16.758065534327724,0.06582976137749164,0.2462390080520609,17.32528866789172,0.6011676691980593,0.4690200864931482,0.514044677567858,0.11374231502150159,0.8793072952737715,0.39720889838543155,0.9824456805147956,0.25698140213419723,0.819662456966413,0.3969540796096568,0.4856594816173172,0.32255983195865845,2.6768810126038747,0.4495880142360823,0.6778323449804938,0.8840156736017114,0.363044465330517,0.4717870002846653,0.574947481192679,0.41878511376489147,0.43619859400566,0.439126241287126,0.8271712649315978,0.6079751636158893,0.37102521378364484,0.8345848808873308,0.3493734129344212,0.6040661521988696,0.3314330795268582,0.4009626793948987,12.346518676837615,1615.0,152.43652343750003,0.09261866657446238,0.9761236157560246,0.03606069551258366,0.7945573542030367,0.6342949734658732,0.49315266338910685,0.368930418607796,0.25849302647362293,0.1641133993662459,4.305763685044279,12.927666996710167,4.548773268477136,10.855844369584348,8.902033771868133,7.129077401459445,5.669929474907365,4.592207944613102,4.039737150439352,2.1040762972448372,4.304767437858642,12.890762454742257,4.54863032947846,10.826727833815628,8.879407365478663,7.112000073579301,5.657913979255002,4.584926952725876,4.036402239221002,18.531022694048055,166.17175666459264,20.69003787425132,117.21803558751805,78.84387516211672,50.580545046591986,32.01199059664917,21.021555161832193,16.292543036788317,8.0,2
139659.0,53.265,34.0,48661.67247386759,1.6219478157512226,57.0,230.0,5.0,30.0,0.003472222222222222,0.006944444444444444,0.010416666666666666,0.013888888888888888,0.017361111111111112,0.020833333333333332,0.024305555555555556,0.027777777777777776,0.03125,0.034722222222222224,0.6476115791529575,0.3472222222222222,2.25,0.02845631244418535,21.0,-1.1060448577573394,0.6143346207565591,0.635837112687818,0.9421268671368399,0.6358371126878181,0.9421268671368399,0.8022517851673836,0.8292170353388855,0.7989004067314808,0.6698407207169114,0.7989004067314808,0.8292170353388855,0.8022517851673836,-62.672005301317526,-28.440392809398205,57.26041990581939,200.68596527173435,-20.378740315673628,11.032626560510367,22.886542652944772,29.255527035415174,94.74853508942891,117.91784335452292,117.27680719858532,185.08116719194888,45.0,0.8564724600064137,46.18055555555556,18.50347222222222,10.277657214506174,5.954703832752613,0.003484320557491289,19.0,10.5,4.0,0.0,7.638888888888888,0.0,85.0,9.0,45.0,84.0,42.70833333333333,22.02105999567989,1773.164270120964,0.09948529211706353,0.04909872844403185,15.182433311849035,-1.7719829733798484,-587425.6958912073,0.39660109118449094,1.904712798379113,45.0,46.18055555555556,0.0,0.6574715378954622,-0.00032054332049362064,16.884445314372996,0.06819959857265434,0.185093711780045,16.514598940723637,0.6130555887028304,0.43061863659794913,0.5463878271392285,0.3766769578489996,0.2979720685569043,0.537780148463977,0.4686282888543505,0.3030610477786432,0.6484219693570876,0.45414969730590143,0.5966531719500421,0.47842034190893745,1.211583188148817,0.9023066947713408,0.3874618437099913,0.7120960124661327,0.29970382062750267,0.520538872910956,0.4597027329694776,0.4966695803019873,1.5098065462424768,1.0964794291009001,0.580260419837449,0.37545200300407056,0.6319422844929814,1.0949948696672502,0.27001127170734096,0.19729120146802082,1.1318041018424674,0.9215276541503303,11.939371803188974,1709.0,142.54859905478395,0.09686071146838675,1.1248487129477103,0.024453995922519827,0.9468314479426753,0.780516627780917,0.6225609764371094,0.47060560120433187,0.3261859891674672,0.19902016986250584,5.194816768351141,10.158501831437842,4.607123728767769,8.669672435278716,7.405822501096723,6.353865619853629,5.54983040921085,5.250820982959186,5.425238640202156,2.157529754658947,5.193913674611471,10.096032628330095,4.607058829042501,8.617814708162296,7.364577429256076,6.323292350174521,5.529841583546185,5.240679697859364,5.421586970171228,26.976739259316034,101.92987483230587,21.224991054258457,74.26673034421839,54.237000711508024,39.984026145775616,30.579147939116574,27.464723695555318,29.39360527513044,10.0,2
156866.0,56.975,36.0,54657.142857142855,1.6278617418688561,57.0,230.0,6.0,32.0,0.003472222222222222,0.006944444444444444,0.010416666666666666,0.013888888888888888,0.017361111111111112,0.020833333333333332,0.024305555555555556,0.027777777777777776,0.03125,0.034722222222222224,0.6535311933053596,0.3472222222222222,7.199999999999999,0.024721139929027587,22.0,-1.2000222195707235,0.5375310540250859,0.7718733707882892,0.8438840026263743,0.7718733707882892,0.8438840026263743,0.7258631089670532,0.8662810141537266,0.8045813305817664,0.6942736727154327,0.8045813305817664,0.8662810141537266,0.7258631089670532,-49.81533601807611,-46.141582016002,26.659513617421982,104.56251018384413,-25.037011603925844,86.2011948362611,61.026985990697284,43.1917909782405,51.21090777046597,31.630457537614458,114.0644910385693,167.29300201509596,48.0,0.8910591452694427,45.48611111111111,19.79861111111111,10.766734182098766,5.599303135888502,-0.003484320557491289,20.0,11.0,4.0,0.0,4.861111111111111,0.0,82.0,5.0,48.0,84.0,40.97222222222222,23.338243530975316,1667.4240375358036,0.0644931123646158,0.050674861049154245,13.791367579080966,-1.8744412646539297,-688054.9321891188,0.37626184423193326,2.2349906479336186,46.0,45.48611111111111,0.0,0.8114525300291039,-0.00036596158381385163,16.074789596006184,0.059903827585671254,0.24934277119816767,14.42320096402717,0.390784396299915,0.42808461033013856,0.3737083608670405,0.38730774463044954,0.5016991539107074,1.7051990508555022,0.2524685369338618,1.2596606677658668,0.9990927817051387,0.4873215304643632,0.904213239599129,0.2897279037911618,2.7030175505084824,0.7732140694995795,0.4092965867499633,0.5657797868502774,0.2609268694510905,0.22447739696721208,0.9053433330638707,1.309972139901292,0.49417660218942155,0.21348802400980965,0.5409554269744012,0.5012333230047692,0.6117398695098389,0.37542146870630505,0.5181762334830153,0.5662476170952625,0.30395771298786844,0.9869416821635199,12.356723238063509,1607.0,152.68860918209873,0.10665273855382551,1.1159145065879903,0.033631274114706323,0.9226380736166533,0.7488912273835224,0.591869885590722,0.44967580087243086,0.3200988002763511,0.20494630812042425,4.908436057388958,10.748480364505943,5.106194277324629,9.653023613855693,8.823660856795803,8.195150310640088,7.559888031062675,6.657114019665161,5.609080255173229,2.1590706081624145,4.9072772209072335,10.690395921581027,5.10608352215122,9.608829474747097,8.791823067219815,8.173749363206285,7.546502416107375,6.64941379588337,5.605334808890721,24.08136972283502,114.28456496015627,26.07208893518421,92.32960387476857,77.29615284529842,66.81017865251515,56.94969871631444,44.21470382888408,31.419778319761974,4.0,2
210144.36965362396,65.945,34.0,73221.03472251706,1.6883560245451563,57.0,230.0,6.0,36.0,0.003472222222222222,0.006944444444444444,0.010416666666666666,0.013888888888888888,0.017361111111111112,0.020833333333333332,0.024305555555555556,0.027777777777777776,0.03125,0.034722222222222224,0.7117597060542528,0.3472222222222222,29.15,0.04473537465150477,25.0,-1.1835012675834293,0.45163300121511474,0.7786079342859025,0.8465764766286574,0.7786079342859025,0.8465764766286574,0.813514283686166,0.7879740930380563,0.7073913828668618,0.695489210795387,0.7073913828668619,0.7879740930380563,0.813514283686166,-40.78128952332089,-6.423394651491299,10.059726274967895,97.92400366904634,-1.6131661921143943,12.342872962620401,31.913549447999692,20.413545546415996,34.565077569055745,136.58242261081662,85.63782299659036,6.483224431819983,53.0,0.6267094411159523,44.791666666666664,22.921875,12.433268229166666,4.557491289198606,-2.475758661185018e-17,27.0,11.0,3.0,0.2692309999999978,1.7361111111111112,0.0,77.0,10.0,53.0,76.0,37.15277777777778,27.012366615796445,1391.2351136110694,-0.11983268182477363,0.07837255537789004,11.198229226487392,-2.0654601700145157,-909014.2687900387,0.37307044932896843,2.9705942353837607,42.0,44.791666666666664,0.0,1.1863058803803046,-0.0004506274897804403,15.375489108732573,0.058962213716225675,0.2310633801807953,21.119545263505643,0.46932309036660025,0.9188945445994703,0.6335892447903422,0.24912216449993121,0.21518984247977552,0.6066006565120625,0.25698754784879324,0.5557262280309814,0.2124894404521577,0.5194249660555005,0.4994738486500568,0.22250751503958094,7.651207707220036,0.13704345707414448,0.6011714609845383,0.5628435664511955,0.3696740514286493,0.47459179530085505,0.12028935702052002,1.6787798879278992,0.7722536912644395,0.6245684341044758,0.24428838544441614,0.19592158395764842,0.729683917187238,0.3893584661371929,0.2784427446262366,0.9282990161064184,1.1124192497470315,0.5462041351475487,14.291801729333121,1308.0,204.25559667056922,0.1057308966125668,1.2361704457233982,0.04207333065283982,0.9511175684473636,0.7215242617776738,0.5396818295138214,0.39445915100695933,0.2752875437006385,0.1791281211299921,5.5297726155357285,18.430173223439386,4.062174966750721,16.2557058099466,14.111615558527262,12.033495735090295,10.068183243793849,8.244551355040503,6.667447727301945,2.084081553819199,5.528761720044585,18.38866954608468,4.061957076994291,16.227857121336825,14.093157787072947,12.021387737251008,10.06045306180582,8.239954114810558,6.665041058577532,30.567206157030355,338.14316767510223,16.499495295344005,263.34334675052236,198.61709641133484,144.5137631293289,101.2127158087981,67.89684381418346,44.4227723125243,10.0,2
156757.0,56.25,34.0,54619.1637630662,1.6035951823523031,4.0,4.0,4.0,4.0,0.003472222222222222,0.006944444444444444,0.010416666666666666,0.013888888888888888,0.017361111111111112,0.020833333333333332,0.024305555555555556,0.027777777777777776,0.03125,0.034722222222222224,0.6465414365231339,0.3472222222222222,2.2,0.03517693666606778,23.0,-1.219464094334027,0.5780939298915868,0.834605046064993,0.7123031260711523,0.834605046064993,0.7123031260711523,0.8052973878891379,0.8921487124739151,0.8053349044358341,0.8332962913208457,0.8053349044358341,0.8921487124739151,0.8052973878891379,-53.94556218298797,-55.72809429241295,128.44756889651455,44.697887800695774,-30.192093986954475,35.06977901173098,3.3817677548674987,80.41256541001911,119.20649297909758,128.41810446198596,151.5286947336304,148.2056356048064,44.0,0.8825728580848538,45.48611111111111,19.54513888888889,11.079885223765434,4.912891986062718,0.0,20.5,10.5,3.0,0.0,2.4305555555555554,0.0,75.0,7.0,44.0,77.0,35.06944444444444,23.330133709194403,1478.0743096249298,0.03543431421849063,0.051873726535090356,13.087624243471625,-1.9352796887642638,-701364.1347792946,0.3510985093416811,2.3448561164779367,42.0,45.48611111111111,0.0,0.8893138154658842,-0.0003889387871002558,16.02032458993927,0.05567268412919735,0.2229913488383291,19.004613439336556,0.5373578695292746,1.0423000346439537,0.3153329733982074,0.30472892231863574,0.4218950255721098,0.967389985686516,0.4566345021211407,0.302386893083319,0.49987668034622856,1.0194819413534966,0.7064388023507328,0.38535168178007156,2.8713919752839834,0.3367803232168272,0.43154301711493515,0.6341100209554688,0.2855503143733916,0.2988904851675655,0.3741870935956565,0.670947233636749,0.37700718812119666,0.1140153886966718,0.544797196537232,0.21722537613311857,0.3998169292613083,0.7908911484994472,0.08043854130636877,0.3136093519801172,0.17490728438980302,0.8429254191410802,12.739022125066434,1410.0,162.2826847029321,0.07982168300989645,1.0222099052752351,0.022375915495489833,0.8357756472987365,0.668463519062952,0.5173963323942814,0.38152167642308565,0.2609705577315218,0.1595512738578667,4.876743026991771,12.844443286003482,4.567119044029478,10.860385329003721,9.098281918426743,7.531346088945289,6.098692502775677,4.908007905998726,4.587932186022129,2.1182712748037638,4.876089729510146,12.803702989249519,4.567064229977773,10.828178450774702,9.07369221380431,7.513552751308561,6.086747198120812,4.901064779549777,4.585157045788958,23.77625105023433,163.9348102369171,20.85807568074247,117.24944856182164,82.33189039085298,56.453474946696446,37.04849145383156,24.0204359733433,21.023665134548125,8.0,2
191882.0,63.879999999999995,31.0,66857.83972125435,1.6480375960225555,57.0,230.0,5.0,34.0,0.003472222222222222,0.006944444444444444,0.010416666666666666,0.013888888888888888,0.017361111111111112,0.020833333333333332,0.024305555555555556,0.027777777777777776,0.03125,0.034722222222222224,0.6588306433979592,0.3472222222222222,2.5,0.046735403282081624,23.25,-1.0909719130328994,0.5109412014866056,0.8131954845323479,0.7605721394516174,0.8131954845323479,0.7605721394516174,0.7457061010198239,0.819125851961507,0.7670453306861582,0.8106779441451609,0.7670453306861582,0.819125851961507,0.7457061010198238,-48.210202594413815,-33.669993787827295,118.99062853169265,115.89555599582941,-26.30329456131221,11.72418415243316,56.38955501916609,58.8266232171288,35.763527125569325,123.062696456132,89.62297616299075,77.48716802581545,50.0,0.5791735035160156,44.791666666666664,22.20138888888889,11.254050925925927,5.358885017421603,0.027874564459930314,24.0,10.0,4.0,0.0,2.4305555555555554,0.0,78.0,9.0,50.0,78.0,41.31944444444444,25.81195351856276,1602.5980231105939,-0.14467157580075385,0.06902230045533281,12.688871329833532,-1.9869432566513936,-813182.272877029,0.4204167249668297,2.4635103263245677,44.0,44.791666666666664,0.0,0.9559787545763355,-0.00040195806031266253,15.882546822852376,0.09595031359380535,0.39707521477652413,17.45474225514485,1.2387654472691367,0.5668621682139464,0.7135872926567264,0.29854031369441875,0.6479138162882638,0.6000379615647213,0.5569550649919158,0.3907390478162009,0.48831704373826373,0.9412425646809595,0.3631133952682387,0.3287571440983844,3.4100999359837716,0.07499035473857685,0.5833825271884139,1.0092080248103668,0.2562152208956891,0.7301037903609158,0.27103864140020634,0.5174224084601112,0.664979840759208,0.2646068261164359,0.5141290141161419,0.3573316424208546,0.8032907207561722,0.6072898983722754,0.18017119179854807,0.24462729847124579,0.7625126890533026,0.20731159182369505,13.166445072560984,1538.0,173.35527584876542,0.11926828371897057,1.753745393233972,0.03143090848711686,1.387477973110724,1.0571317024251679,0.7696741707527566,0.5349889090850612,0.3558395928062625,0.2256244115199609,5.453215040259511,17.124426236205714,4.723865477007548,14.656978759571475,12.274993100310612,10.028173766540423,8.0242323760867,6.489991996128855,5.732016952022384,2.098138560930923,5.451910614803886,17.034387309644018,4.723760910847989,14.591159351904217,12.229387890503794,9.998593439219617,8.006378213186908,6.480229493930603,5.727574701668957,29.72332935181128,290.17035101496117,22.31391714285543,212.9019312326619,149.55792817640082,99.97187076280558,64.10209209259398,41.99337429400807,32.80511196319825,6.0,2
208874.0,65.71,32.0,72778.39721254355,1.6914961172764442,57.0,230.0,4.0,37.0,0.003472222222222222,0.006944444444444444,0.010416666666666666,0.013888888888888888,0.017361111111111112,0.020833333333333332,0.024305555555555556,0.027777777777777776,0.03125,0.034722222222222224,0.656625417877264,0.3472222222222222,2.7,0.04863315533036093,27.0,-1.255078101252289,0.455959757369038,0.8472850560860845,0.7904228663538126,0.8472850560860845,0.7904228663538126,0.582376133515781,0.7084839202224018,0.7944742204530981,0.9169235117329083,0.7944742204530982,0.7084839202224018,0.5823761335157811,-39.89988807549494,-16.206324941805473,19.927743474069498,166.69817319108006,-28.375104604169408,9.441173374770246,99.32488581383295,113.36287674775906,7.239554961411138,66.59453024361355,-12.210292202646476,18.45883173320183,54.0,0.5653178504207247,44.44444444444444,22.84027777777778,12.436631944444445,5.177700348432055,0.013937282229965157,25.0,12.0,4.0,0.0,1.7361111111111112,0.0,80.0,9.0,54.0,82.0,39.23611111111111,26.930594951549892,1549.0440372550258,-0.12982754813698624,0.07600450510189731,11.433763224078213,-2.012522822712349,-907599.5305415319,0.4035570116951562,2.850395594771609,46.0,44.44444444444444,0.0,1.1340374874309522,-0.0004429373103220192,15.385496859662908,0.0805208695399402,0.3157770060120314,21.33666543668299,0.159656504234736,0.6247685273875829,0.9364060804502182,0.8269236967147249,1.0658406296803218,0.6646251151290982,0.6787310654208365,0.23303120939502908,0.7105735596845041,0.27983002697695303,0.32924411299295897,0.15541988837387563,8.338517599762941,0.1769380425493521,0.5211209399671477,0.5764047612220653,0.16166821033147732,0.44194504301507853,0.795273353873114,1.7656308526747502,0.6086829905324666,0.1843944692778971,0.24835641044658097,0.27714197806396923,0.8769785176224426,0.2761525278195788,0.35624809783194233,1.0182879527783277,0.9939988861345872,0.348693730419891,14.268099224437536,1486.0,203.57865547839504,0.09448215160933457,1.23702007182868,0.026927063849622197,0.9473120733927064,0.7214602760370653,0.5470461923924852,0.4094536037392072,0.29276766961344136,0.18697809410094435,5.473709155673485,20.476132027134238,4.5638341054082945,18.09646816541547,15.698692900968094,13.299255195299883,10.933610961542309,8.660007617076719,6.589040126266639,2.0794358637727104,5.472893662764791,20.438731960044034,4.5637546685728365,18.071656257728563,15.68210616814612,13.28799944359947,10.925941442491036,8.655057424388119,6.58638664047885,29.952565043931006,417.7417641345254,20.82785667492036,326.58475989749996,245.92845386900657,176.57092921309982,119.37619640474311,74.91001901945589,43.38048897787827,6.0,2
191004.0,61.805,32.0,66551.91637630662,1.6179993612699208,57.0,230.0,6.0,36.0,0.003472222222222222,0.006944444444444444,0.010416666666666666,0.013888888888888888,0.017361111111111112,0.020833333333333332,0.024305555555555556,0.027777777777777776,0.03125,0.034722222222222224,0.6662618312320074,0.3472222222222222,2.65,0.04763745660183544,26.0,-1.233602733332687,0.5456812571601738,0.9574826789362099,0.6862644841357867,0.9574826789362099,0.6862644841357867,0.7106079690371256,0.8064931123948652,0.8971756049775125,0.7843281904283984,0.8971756049775125,0.8064931123948652,0.7106079690371254,-46.45825057933355,-35.340387941801566,124.86049211843685,83.8974752741021,-14.320536215508715,51.21259951004041,96.03656702341392,68.30559433483116,40.13761149919559,58.40454539471317,28.344309203577087,26.647138506656276,53.0,0.7098520027971434,44.44444444444444,21.47222222222222,12.374614197530864,4.804878048780488,0.003484320557491289,21.0,13.0,3.0,0.0,1.3888888888888888,0.0,81.0,9.0,53.0,85.0,35.416666666666664,25.752831559526292,1444.7232891937788,0.12407272632337085,0.05607013250063299,11.858287207414692,-2.0229064846658242,-820690.7820997578,0.33976168965755615,2.6229951198198402,43.0,44.44444444444444,0.0,1.0324712844228259,-0.00042907661229262965,15.46477028008226,0.056591110092108377,0.4821719981505028,23.482869908100987,0.2388203113611566,0.7337769448865552,0.2567915297028416,0.7620377142581226,0.8495433325747561,0.4572609044414374,0.9758963817504236,0.4524828085300469,0.5049748401956042,0.5946778083976835,0.3531701243376153,0.37964993674871855,2.1551734593777905,0.38131017068121786,0.23346415051237218,0.34094597773022317,0.34263130243010537,0.5831360250705655,0.6744088626085383,1.1901838756826688,0.38731254370235774,0.16323679698942914,0.44106472858615325,0.6672513737690366,0.4112329407396886,0.2960478456862646,0.023023164620271992,0.6377010109865203,0.5300078739714287,0.3359821784823878,14.218016956412715,1379.0,202.1520061728395,0.09367059629502206,1.0894188921733592,0.03347974147754207,0.8936545446145393,0.7130146369800164,0.548220329451241,0.402307931741708,0.27754806151062816,0.17555385076277316,4.885447628300477,14.558808119969944,4.48530876330525,12.236508274845853,10.287680219065486,8.783865095393287,7.71743630927703,6.841685899116766,5.729447763785858,2.1095692373905486,4.884549554284047,14.517990919940628,4.4851838099562285,12.203832034048192,10.262941801316206,8.766740584986241,7.7069430720490715,6.836053906730468,5.7267575925154315,23.858824348256483,210.77206035147853,20.11687380909347,148.93351631526082,105.32797441720352,76.8557404844449,59.39697151580518,46.731633015724896,32.79575252343314,8.0,2
81351.0,40.18,25.0,28345.296167247387,1.8985000799006773,57.0,230.0,6.0,21.0,0.003472222222222222,0.006944444444444444,0.010416666666666666,0.013888888888888888,0.017361111111111112,0.020833333333333332,0.024305555555555556,0.027777777777777776,0.03125,0.034722222222222224,0.6055767562344883,0.3472222222222222,9.45,0.033859486402874985,12.0,3.5895691793742603,0.34955133254318077,0.8453070428654886,0.6389672060159914,0.8453070428654886,0.6389672060159914,0.786524318607668,0.6616264549111751,0.6128019714445402,0.3154396091142602,0.6128019714445401,0.6616264549111751,0.786524318607668,-29.0326752456626,-12.05673419928918,-23.03299084047169,47.344489650300375,-2.996089045904671,-27.184251152324176,-5.2227454374396745,-65.4310244011711,84.42237917842515,205.6918221608547,181.22546447047586,5.46571779760057,63.0,0.7676948046437634,43.75,13.96875,7.29296875,4.369337979094077,-0.006968641114982578,12.5,6.5,4.0,0.0,6.25,0.0,84.0,10.0,63.0,91.0,38.888888888888886,16.80680665682806,1320.2482782512793,1.3466933478942624,0.058784094699572784,13.01104329829461,-1.474973327390274,-618335.0450740412,0.5332821922076273,2.5563159417314045,51.0,43.75,0.0,0.9535260232454958,-0.0003914391531515715,15.114558310627848,0.12081320323036471,0.1359930065694804,11.655325118082107,1.8129813824577288,1.4989548206887098,0.8633163990746249,0.17692770715844777,0.1098861191217356,0.19446470484145836,0.30049536468605453,0.5337157989633712,0.6680631278456175,0.4527053561900395,0.17611135067722178,0.34694840282476835,2.168119170247403,0.1446999679730575,0.30252631154145615,0.37413911192612626,0.32069197283632406,0.1372877370644497,0.2464827287900364,1.930698100697467,0.48032868916399474,0.31261017635775334,0.3334948372659823,0.19219608453065437,0.11392568523609836,0.16081882753207413,0.1569933875137584,1.0308827722142315,0.41273168816031325,1.4434512254250371,9.345735574982848,1254.0,87.3427734375,0.12169327116401625,1.2628824460800667,0.03580510888031661,1.0347603551132996,0.8322603681329536,0.6523726837791853,0.4927453009290961,0.35100174490751246,0.22782391639754238,6.906484291123729,14.456090794845114,4.231565813245425,13.133399301602475,11.784134982152802,10.489933382586676,9.257954894178734,8.058821074256855,7.412927375348903,2.1345938844554886,6.905412081207916,14.400822511099443,4.23141432927638,13.092572253870443,11.754708841874079,10.469628085685043,9.244832658899796,8.051173509616984,7.409425654888135,47.68471601129224,207.38368899618848,17.90486722600548,171.41544822281818,138.17317995723263,109.61311225256507,85.46693089106027,64.82139488195827,54.89958853531447,4.0,2
209245.0,66.025,35.0,72907.66550522648,1.7113038304380035,57.0,230.0,5.0,35.0,0.003472222222222222,0.006944444444444444,0.010416666666666666,0.013888888888888888,0.017361111111111112,0.020833333333333332,0.024305555555555556,0.027777777777777776,0.03125,0.034722222222222224,0.6566035230116046,0.3472222222222222,2.65,0.0451071192690752,25.25,-1.1372163046280055,0.48995165725933637,0.8392699792631355,0.9479399727036357,0.8392699792631355,0.9479399727036357,0.7014554399840889,0.7220593198529892,0.5516435921417121,0.7997584732127692,0.551643592141712,0.7220593198529892,0.7014554399840889,-39.27152176976368,-14.41121579632742,10.909094546652305,154.22067754520893,2.595969537574379,10.67185712726876,29.770457212386887,62.70770260128435,-32.81299019509627,44.50358304825429,47.410778823316974,133.06134308724313,53.0,0.6784630561127646,45.138888888888886,22.93402777777778,12.214023919753085,5.83623693379791,-0.003484320557491289,26.0,11.0,4.0,0.0,2.7777777777777777,0.0,91.0,11.0,53.0,94.0,43.75,26.954501273236144,1730.7865414457574,-0.17338852236837668,0.08316630095366698,12.52455563746291,-1.8312260691899267,-899837.1592613438,0.44684907043036876,2.5667005808102537,50.0,45.138888888888886,0.0,1.008031583648609,-0.00040732296378770145,15.794650573652897,0.0943731443478063,0.23746309392657022,19.197085398459475,0.8419157432412426,0.11100240784294571,0.830375084962319,0.7133448243501983,1.0237649627972485,0.275215694999767,0.5866682525348528,0.9167234305774301,0.36179435950984784,0.43066991001020016,0.4110288182534786,0.494425527180125,3.534209290258763,0.6785191028872466,0.683098128052636,0.578956810891688,0.5553886597257438,0.3574250369011073,1.2797446052846702,1.5659694492565077,0.36205747143322564,0.40101734570187475,0.44989367742030273,0.28184702700205605,0.6205162183072247,1.0000897032172176,0.44688035373571305,3.142111982698565,1.906582219947031,1.0163299972973197,14.162468315128057,1675.0,200.57550877700618,0.0906459595672501,1.9998836862307503,0.0337725977628797,1.52644702741041,1.1073562477752665,0.7608430112961013,0.49991225185826477,0.3146519714517819,0.18194293752839677,6.71073043768764,19.79297530975561,4.935826371132843,17.31111796041196,14.85959983968016,12.625178210846181,10.946409044820356,9.845294612285139,8.600768612530814,2.1197453008723044,6.710118204422444,19.691681920398352,4.935710827997398,17.243687671487425,14.818281598617826,12.602231658233674,10.934987824271547,9.840265247418502,8.598843962637,45.02568631732148,387.7623368541433,24.361241377610764,297.3447645118074,219.58146953593567,158.81624276778703,119.57395871696696,96.8308201395523,73.94011749377877,12.0,3
174612.0,60.489999999999995,35.0,60840.4181184669,1.6788391404943532,57.0,230.0,6.0,32.0,0.003472222222222222,0.006944444444444444,0.010416666666666666,0.013888888888888888,0.017361111111111112,0.020833333333333332,0.024305555555555556,0.027777777777777776,0.03125,0.034722222222222224,0.6506192445613526,0.3472222222222222,2.5,0.04613016354405268,22.25,-1.044999992024451,0.508910043807732,0.7488972899588134,0.7573501434208871,0.7488972899588134,0.7573501434208871,0.8296254236090761,0.7097016135734711,0.5554707127353264,1.0866464898742094,0.5554707127353263,0.7097016135734711,0.8296254236090761,-47.23065378767154,-42.55464808504046,57.369720167971934,146.62924089759926,31.893718771587526,-28.317325432957706,46.22370333721843,133.9884767894739,-38.504080108449685,87.67498311745338,82.35168469283174,106.19994790197497,50.0,0.5629944832627091,44.44444444444444,21.03472222222222,10.961419753086421,5.818815331010453,-0.006968641114982578,24.0,9.0,4.0,0.0,3.125,0.0,85.0,7.0,50.0,89.0,39.23611111111111,24.62299061175686,1726.7197629753973,-0.10852300443472196,0.07116684550434237,13.03700213278466,-1.852833939314293,-786767.4373759523,0.44951886930966906,2.3366727819362025,50.0,44.44444444444444,0.0,0.889459305441266,-0.0003905915978185757,15.827971465192398,0.10306008231989894,0.1862941121940001,17.686365117616823,0.35898778294583455,0.8424446294880876,0.4974046035593352,0.5286244130741238,0.8749679878003593,0.31941255805991603,0.33250196437898205,0.8839932449872114,0.4795961724703357,0.48740199685089813,0.2462551957154902,0.4229370707668809,6.10170346326816,1.0402861889591624,0.8738203373838305,1.200971627599651,0.927487248270831,0.6567628356818291,0.6270754623464783,0.8635958143038746,0.4273971593687243,0.3550092436272828,0.2874377226499292,0.2147826600712044,0.2783632643175903,0.7991976373943406,0.24788615313997053,0.8201578877369997,0.6904785169988765,0.9427547723745591,12.79969248461139,1670.0,163.8321277006173,0.11224144523800875,1.4850679177845427,0.043304720076485274,1.1457269479351555,0.8620032555178088,0.6317883064751696,0.44992449678694346,0.30756117161071006,0.19682457332550285,5.446866190192843,17.245458201538323,4.8770259025468,15.419781662983912,13.46168527061614,11.383793595224079,9.314414102242733,7.531398433225962,6.305436870558863,2.1125602400146937,5.44570960957677,17.18139697057758,4.876833640317406,15.37715761429498,13.434058236906681,11.366248288440032,9.303541154595347,7.525115845335268,6.302364176714828,29.655753151836777,295.20040186057247,23.78350635533152,236.4569762948701,180.47392071260026,129.19160015446596,86.55587801524932,56.62736848571593,39.71979421593838,10.0,3
174176.0,59.599999999999994,35.0,60688.501742160275,1.6035110462979971,57.0,230.0,5.0,33.0,0.003472222222222222,0.006944444444444444,0.010416666666666666,0.013888888888888888,0.017361111111111112,0.020833333333333332,0.024305555555555556,0.027777777777777776,0.03125,0.034722222222222224,0.6518566196350523,0.3472222222222222,2.5,0.0350890675718005,23.0,-1.1673828696195876,0.5132978951135353,0.933434174479586,0.7830096619543481,0.933434174479586,0.7830096619543481,0.780384364099394,0.6706831116221603,0.8571848276013136,0.6176064111590052,0.8571848276013136,0.6706831116221603,0.780384364099394,-40.10394305328982,-43.51526495759765,98.44369324153114,176.3298531639129,12.56964561627574,15.552136004332766,76.03603976111758,6.0982625048615855,63.96722170027809,-22.616533709147,43.29488765567228,91.82360140380547,50.0,0.7838512283490847,43.75,20.71527777777778,11.533661265432098,4.905923344947735,0.027874564459930314,23.0,11.0,3.0,0.0,2.7777777777777777,0.0,79.0,8.0,50.0,82.0,37.5,24.59223002856345,1481.1449467523712,0.004906643855957258,0.0560219066105639,12.121113142015115,-1.9000523987245381,-813649.1323013501,0.3782186490739974,2.581847896134363,44.0,43.75,0.0,1.0009348164004674,-0.00042049535173543505,15.327339594691523,0.05237003805005325,0.2397301244079225,18.65224723975893,0.7102516498729059,0.24611469942138045,0.5552685880284965,0.9638573460583043,0.542451062187521,0.41196310826411836,0.3153262126166338,0.7536663565985654,0.39322505748339037,0.828894901187218,0.5609557368023924,0.35163161062469,5.241503332130332,0.6371867382597246,0.4414177472156825,0.24865674923726888,0.541127400850442,0.3352506930618983,0.42258577881768317,0.9413721311248328,0.775686734952964,0.44272917379739923,0.39972624113237176,0.3442921034917638,0.08169585510982784,0.17714332722562243,0.22100515753242217,1.2987483596638154,1.2355640909128034,0.39218551812833635,13.25349178017944,1408.0,175.65504436728395,0.08465540105969283,1.112332011367097,0.020138679133673357,0.916030414181276,0.7396423254026421,0.5809582304716101,0.43707077963231733,0.3034602197372626,0.18224072627806345,5.3472244194517184,16.594804775661416,4.589733518376894,15.026844584704191,13.2383094595846,11.2765624492966,9.382434162362108,7.8971469755877175,6.696591634818447,2.1024355235879346,5.346554259993271,16.5574835962112,4.589689336253064,14.998898174637649,13.217630898848707,11.261587286316857,9.372248393243273,7.891314354977327,6.694111430294992,28.58564245505219,274.15026303880296,21.065248203315097,224.96694645314858,174.70576657820007,126.82334820733347,87.83903994465112,62.27284224907123,44.811127841206066,10.0,3
179867.0,60.58,35.0,62671.42857142857,1.6067890719253672,57.0,230.0,5.0,34.0,0.003472222222222222,0.006944444444444444,0.010416666666666666,0.013888888888888888,0.017361111111111112,0.020833333333333332,0.024305555555555556,0.027777777777777776,0.03125,0.034722222222222224,0.6595002385854108,0.3472222222222222,2.5,0.03929379373573543,24.0,-1.1786149107959822,0.49605373508933215,0.7996533783285736,0.8191937082409899,0.7996533783285736,0.8191937082409899,0.8413875933013341,0.7305269553290634,0.8100626846805202,0.5919095915014533,0.8100626846805202,0.7305269553290634,0.8413875933013341,-45.20174096245179,-14.395884300323024,25.905398789406537,111.42794845655618,-16.729097220758923,13.604200593618925,34.801306865725905,8.79673627995761,86.0556925388555,75.72701544038766,168.82815873405607,33.97040092115993,50.0,0.7133540634894988,44.791666666666664,21.052083333333332,11.680049189814817,5.177700348432055,0.006968641114982578,23.0,11.0,4.0,0.0,2.7777777777777777,0.0,83.0,9.0,50.0,84.0,39.58333333333333,24.990762182143314,1548.2084406649274,-0.0288905434444878,0.05632206254094178,12.579116754403532,-1.9345616834899855,-787915.7084379662,0.3740809085369591,2.476395460021135,45.0,44.791666666666664,0.0,0.9758748235839929,-0.00040554154460823263,15.920244438586545,0.05720021526359731,0.1837896924892839,19.00905150997518,0.7210889872729801,0.6685876664081816,1.2443701637886577,0.36102645362132263,0.3239508494594245,0.4746289997118883,0.4011636632482471,0.5571852994241508,0.7497809492469847,0.31509517281209926,0.36206661919586847,0.41361001249979007,5.390494402637154,0.34678808391995786,0.5814935049724551,0.30064230228328553,0.23790090827016336,0.6528876960774724,0.4170960598928201,0.611647863945421,0.40084195533373324,0.40458143852346273,1.2282254159080506,0.49506162559197914,0.43716595816904197,0.44617752665017874,0.16181732118474124,1.4307934393858048,0.6344535168651841,0.2499391225760122,13.466550477788784,1486.0,181.34798177083334,0.10675621292623963,1.0427870923595768,0.03396338912138859,0.8508923189155616,0.6837833160821264,0.5379499528899728,0.41044721287833996,0.2969600288689628,0.19505707494194463,5.600021244885312,15.686802498655329,4.388324227731837,13.950527545425635,12.08648530936102,10.176964800734918,8.50662762047926,7.314445400034436,6.4491018778797695,2.112261276709989,5.599003576902634,15.652104258272349,4.388192796117511,13.924553890781917,12.067127558373098,10.162736954363385,8.49671975287764,7.308414756384524,6.4461513920158175,31.34884105416849,244.98836771182738,19.256236015897613,193.89320105728984,145.6155675100475,103.28122240358317,72.19424655894106,53.412926251339066,41.55286776878746,18.0,3
209124.0,66.52000000000001,33.0,72865.50522648083,1.6609275358160709,57.0,230.0,7.0,36.0,0.003472222222222222,0.006944444444444444,0.010416666666666666,0.013888888888888888,0.017361111111111112,0.020833333333333332,0.024305555555555556,0.027777777777777776,0.03125,0.034722222222222224,0.6559320211773733,0.3472222222222222,34.45,0.043040942960044556,25.0,-1.1935445288177455,0.4787272466847395,0.7587477913626806,0.861045311748753,0.7587477913626806,0.861045311748753,0.7271391293664241,0.6214749744975383,0.9301037022682963,0.38448416737037416,0.9301037022682963,0.6214749744975383,0.727139129366424,-40.775016278416444,-20.71380373696285,-32.435566466594466,131.8528938747911,21.799642513892362,23.257155845448303,46.93047050932687,-37.263691590265545,206.15849813730864,-37.77452898793729,49.49030003399566,68.56424485019866,53.0,0.5947957969979573,43.75,23.13888888888889,12.022376543209878,5.644599303135888,0.027874564459930314,26.0,10.5,4.0,0.0,2.7777777777777777,0.0,81.0,10.0,53.0,85.0,40.97222222222222,26.946706663338286,1683.1312749381518,-0.13597092322535576,0.07198367151738745,12.24498529921224,-1.9262596230221234,-896701.7152911203,0.4453314084511868,2.5430610378385192,46.0,43.75,0.0,1.0097500988993728,-0.000416450928728602,15.630634583221214,0.09810090174205344,0.25933155193993057,20.323650002887966,0.8019380027657455,0.5812528234870658,0.49234517146686424,1.0905237109775594,0.18741680564573965,0.3061011851769301,0.7023659044318555,0.2684082367699713,0.5760890667257484,0.861303486750241,0.4546556603449027,1.0783367528631957,10.300394886349656,0.6603908907664842,0.8350886568388362,0.105944179377508,0.2939086703891294,0.19135721663109123,0.7899353288860308,2.2329295836238083,1.288913408224809,1.3169825002785216,0.8093466740005513,0.30290630904563126,0.31972463085989417,0.15093246418756803,0.3091075789855159,1.4298938625391906,0.8469402252279379,0.6763796222457902,13.810026103800613,1620.0,190.71682098765433,0.1466123907189515,1.4799529467486083,0.049522489260081466,1.1557309718104478,0.8969672967073854,0.6930272821649986,0.5282379389527707,0.3874632473353681,0.2629208987698035,5.952141336526749,19.650410964072705,4.793634268275359,17.931098636800158,16.154981228200302,14.23226844181161,12.14785901154612,9.948295596738175,7.7524432405110835,2.116494295944209,5.950335393646151,19.5946010506047,4.7933784558535875,17.893814133477928,16.130061008940466,14.215385263367352,12.136368618505832,9.940747331666996,7.747983531108986,35.4064912968781,383.9483903323589,22.97647702104132,320.1885842434545,260.17886815214155,202.0771781859617,147.29144324425317,98.81845751204449,60.03124879833607,4.0,3
170221.0,59.705000000000005,29.0,59310.45296167247,1.6905299581132767,57.0,230.0,6.0,32.0,0.003472222222222222,0.006944444444444444,0.010416666666666666,0.013888888888888888,0.017361111111111112,0.020833333333333332,0.024305555555555556,0.027777777777777776,0.03125,0.034722222222222224,0.6452131597511989,0.3472222222222222,2.85,0.04500840407644295,22.0,-0.856983736731149,0.48581734300213253,0.7677143836680106,0.9918388276988559,0.7677143836680107,0.9918388276988559,0.6646700021443437,0.7172565943401432,0.6523496461120567,0.6357261573511812,0.6523496461120568,0.7172565943401432,0.6646700021443437,-47.53768302900465,7.488936119866266,75.23844599957975,37.88374329425643,11.429884698352314,32.672668505655245,68.10536488913037,22.705430408949233,18.047687318888165,-3.3457689592836113,-9.512279954803327,152.0491728685551,57.0,0.5476809223048453,46.18055555555556,20.74652777777778,10.710334683641975,5.912891986062718,0.017421602787456445,22.0,9.5,4.0,0.0,4.166666666666666,0.0,89.0,11.0,57.0,93.0,45.138888888888886,24.311419927451563,1758.8970609241383,0.010453611817947222,0.0682906232794409,13.610144354000155,-1.7294478153386852,-777942.9535676797,0.4962381243587351,2.25227438175106,46.0,46.18055555555556,0.0,0.8814273628530496,-0.0003718785178325507,16.441181275964055,0.11512596727152613,0.20295863170625364,12.471258389677992,0.34671595957472634,0.6416820303780042,0.3931589941129841,0.4140388730383807,0.9052986836943665,0.38504751767849993,0.8048329552153456,0.4981241944266762,0.17924609058379218,0.7691335790938306,0.33102749625871564,0.7339595621180274,4.894188147792365,0.7294437587337605,0.25121785570078675,0.31015315530992893,0.8108608775151976,1.0752196778131455,0.7427089053169524,2.797126547402351,0.6722217028906933,0.8137445422133661,0.6312501566176723,0.6244519092990299,0.8197949390621183,0.9051400710248563,0.6478181801906155,2.5630966251772223,1.4939972820432397,0.3735930313309306,12.673859871987853,1697.0,160.62672405478395,0.07515071896393591,1.5930112667179375,0.021987316141785816,1.2119906870999129,0.8977372319335039,0.6493482087942019,0.4540014210771235,0.2929651960182282,0.16411403319732035,5.996807188789408,17.926638595760256,4.608158252408406,15.948920506980908,14.108229180191984,12.522063558484177,11.272819179090876,10.112232317708466,8.381821956660124,2.1239054737870466,5.996336283844954,17.855718592291684,4.608105797089361,15.902803020611783,14.079637724857163,12.505215818467637,11.263673244290205,10.107987625696301,8.380215146239232,35.95604882895552,318.82668644711094,21.234639037168577,252.89914391237926,198.236198463221,156.3804226664532,126.87033495413903,102.17141384122954,70.22800589725745,4.0,3
132773.0,45.08,21.0,46262.36933797909,1.7098393498678195,57.0,230.0,1.0,31.0,0.003472222222222222,0.006944444444444444,0.010416666666666666,0.013888888888888888,0.017361111111111112,0.020833333333333332,0.024305555555555556,0.027777777777777776,0.03125,0.034722222222222224,0.6119254113568117,0.6944444444444444,2.7,0.18441095920057823,26.25,-1.0593427298170501,0.31416416015346377,0.7725578650207774,0.8033159821366156,0.7725578650207774,0.8033159821366156,0.5500257663531491,0.7388542383474772,0.44399002921044695,0.504674070337348,0.44399002921044695,0.7388542383474772,0.5500257663531491,-34.181638719720176,0.22611696727343086,15.88550186559381,21.275288090757137,11.810545073570673,16.57245556158361,-15.537414772236005,-5.4324683432801555,43.932166415001525,151.1374609727367,-15.07078944724442,114.8363326974543,54.0,1.2521601959313822,45.48611111111111,15.677083333333334,13.104456018518517,4.487804878048781,0.013937282229965157,11.0,11.0,3.0,0.0,3.125,0.0,71.0,5.0,54.0,82.0,23.26388888888889,21.471314843556065,1388.209228801255,0.5355684754732786,0.0650102580487001,12.371208979209435,-1.1943601135308655,-835629.9831273528,0.47694838394650935,2.72421243017869,45.0,45.48611111111111,0.0,1.0668204850943233,-0.0004123297285578859,15.510602665601851,0.1626676037616862,0.9161157727810068,25.195561952183546,1.2754886256761646,0.8866081970500872,0.6692306669045092,0.39600823156395804,0.11033984143230016,0.31196170405286744,0.3310035142815123,0.4730231884853316,0.4325514748512596,0.38881735775680215,0.8965869160457858,0.39570116469050853,3.7655710412048906,0.28204401427453685,0.363720028040475,0.3113409431352195,0.2395000896339068,0.8546165888204806,0.6965002129838807,2.9542199159962927,0.30721856671810865,0.47520717676889035,0.36078961460919895,0.25424146331641595,0.3762283372988278,0.9494265604406016,0.3492913601129029,2.9853522290970713,2.485783093617644,1.3470782738473768,14.67127871969016,1288.0,215.24641927083334,0.12688422983895586,1.1984446889396234,0.04653501494795219,0.9943032811315654,0.8056771786754777,0.6325302508394173,0.4770767145686015,0.33893376184310486,0.22008192874554747,6.764691851603476,26.098374126647908,4.408625970154434,22.494936401688253,19.05833245547851,15.908280279836552,13.155271787841201,10.809839813966635,8.80420685373146,2.0434643921783584,6.76350177344315,26.07084314674225,4.408380364385986,22.472950956675234,19.04129513103841,15.895700265908689,13.146618334019857,10.804525010786039,8.801455690278265,45.74495623936863,679.6888623820373,19.43381743710392,505.0335247011304,362.5709202673071,252.67328694360953,172.83357362038703,116.73776070870106,77.46562226793165,24.0,3
197565.0,63.80500000000001,32.0,68837.97909407665,1.714940146280971,57.0,230.0,4.0,34.0,0.003472222222222222,0.006944444444444444,0.010416666666666666,0.013888888888888888,0.017361111111111112,0.020833333333333332,0.024305555555555556,0.027777777777777776,0.03125,0.034722222222222224,0.6493445999858638,0.3472222222222222,2.65,0.04955393789930656,25.0,-1.1521055590191709,0.4949952477896882,0.8646040883056207,0.8018514285975529,0.8646040883056207,0.8018514285975529,0.7274448351424067,0.8076947912234917,0.7453092619146384,0.4612176826898418,0.7453092619146384,0.8076947912234917,0.7274448351424067,-44.39572615181597,-20.83928988892742,135.4921656620095,74.78770489449218,-19.490457815694672,40.077230280862835,70.14854281351855,-54.35065768652825,24.461834718744697,101.20713473653984,97.33368860988364,88.2225374679014,53.0,0.5624335367915554,45.138888888888886,22.17013888888889,12.097005208333334,5.710801393728223,0.003484320557491289,24.0,10.0,4.0,0.0,2.7777777777777777,0.0,77.0,7.0,53.0,79.0,41.666666666666664,26.19140285157199,1708.4608342578433,-0.13307000016340492,0.08079519469193705,12.709822761954683,-1.786003658630867,-871786.8459799169,0.4544111215967357,2.5162153201088655,45.0,45.138888888888886,0.0,0.9852033750346524,-0.0004012739965487448,15.89025173997863,0.09455843458758784,0.2911947388494065,15.999596485585226,0.47282376409435234,0.5943615231806678,0.4411595176096535,0.47818595924914187,0.6289700660380063,0.6884983723735802,1.015425248692027,0.8195341327058993,0.6325175126075565,1.1180459538867609,0.8042608369451523,0.24458246534845843,5.716817566171282,0.24590545941050598,0.3760689333646159,0.23402395976723617,1.009915044404232,0.502717730035554,0.6709269604285193,1.456013553585085,0.7297972621576805,0.8615913690775969,0.479415989352713,0.48350663075482786,0.5063792125216338,0.5522514698602149,0.5338371218212384,2.0365995231435807,1.1973253418284788,1.8842981149136862,13.945412327382432,1639.0,194.47452498070987,0.08030169878842125,1.6059912179178293,0.025117732853597405,1.206384247235639,0.8744369089057564,0.6168933055340113,0.4284610151502668,0.286014377017218,0.1695880714909177,6.233534770184296,20.45822889978075,5.126020981380211,17.958923481202174,15.365615195429914,12.786536146648446,10.488511105270401,8.808734172147828,7.65771798993652,2.0915987036854586,6.233017517083381,20.3950955360301,5.125959442001706,17.918358453041854,15.340713491437418,12.771646302616379,10.479756025971069,8.804089589032152,7.6558399081619655,38.850507368268275,415.959921923795,26.275460201046442,321.0675696516965,235.33749042637004,163.11494927913463,109.82528636387694,77.51199349170435,58.61188469940541,12.0,3
182215.0,60.42,36.0,63489.547038327524,1.6177696128200203,57.0,230.0,5.0,33.0,0.003472222222222222,0.006944444444444444,0.010416666666666666,0.013888888888888888,0.017361111111111112,0.020833333333333332,0.024305555555555556,0.027777777777777776,0.03125,0.034722222222222224,0.6578126675431473,0.3472222222222222,2.85,0.03226344962083564,25.0,-0.962745555930236,0.4884890806703946,0.8207064036840594,0.8302958547031307,0.8207064036840594,0.8302958547031307,0.7646164413365859,0.6948036881205161,0.7630731593751486,0.9343013223508396,0.7630731593751485,0.6948036881205161,0.7646164413365861,-41.33577794433971,-25.440351919958932,-35.10963821083342,137.70364640261846,-11.931397434387408,5.310204072032007,-9.744445427887692,97.76723826419577,108.60149455619121,39.40485015147156,137.3053180979207,71.55703901820921,57.0,0.9464388325131387,45.138888888888886,21.00347222222222,11.947699652777779,4.83623693379791,0.006968641114982578,23.0,11.0,3.0,0.0,2.083333333333333,0.0,76.0,8.0,57.0,87.0,33.33333333333333,25.153349125359473,1455.8152124829235,0.08677914052190736,0.05732928034915547,12.280513296455643,-1.9886076036927172,-787888.8809355593,0.3328808619318555,2.6241355372712825,42.0,45.138888888888886,0.0,1.027480615203526,-0.00041529094045771677,15.757599010898092,0.05930326526775853,0.2808255291352722,19.665983992728943,0.48002743759142036,0.4460558374446788,2.294686172278445,0.3446869439366874,0.33928499064168405,0.23556671254623235,0.8335490294547696,0.4908150174494838,0.08662929649201372,0.3272915202281884,0.3951186361293279,0.7051584851589181,3.481709243057215,0.25623366090600064,1.1996211784985982,0.5749812188154542,0.15712212189510835,0.1506365349585464,0.3017763198751259,0.37985337810539543,0.5337089547080112,0.3202884882565188,0.6077539874829816,0.44247843124692976,0.24602653923426437,0.44547756799655336,0.3750109447686343,1.9615025588114778,0.6977908044184081,0.8842258574112332,13.839982905790084,1388.0,191.54512683256175,0.09547985078058549,1.0161120727829156,0.02450584066413644,0.8234260902487001,0.6543341874113141,0.5084838770031264,0.3852330286054031,0.2785730990541528,0.18237925814579897,6.104847232556712,13.589625128277259,4.583408975342617,11.444076064954032,9.568656174626483,8.181963703894164,7.471152691806799,7.073003222307759,6.403048498863525,2.1453126720611966,6.104100534145081,13.55158394368162,4.583343462912702,11.414413977701681,9.546257264467695,8.166148063724377,7.461214248228199,7.067515236011826,6.400450600152822,37.26004333095026,183.6454273826495,21.0070372990246,130.28884645435153,91.13102775940224,66.68597419866938,55.669718057963486,49.9497716112593,40.965767884996616,8.0,3
237925.0,71.56,38.0,82900.6968641115,1.71541653882526,57.0,230.0,6.0,37.0,0.003472222222222222,0.006944444444444444,0.010416666666666666,0.013888888888888888,0.017361111111111112,0.020833333333333332,0.024305555555555556,0.027777777777777776,0.03125,0.034722222222222224,0.6621849115646168,0.3472222222222222,30.799999999999997,0.040014963659201416,25.0,-1.0566934825649392,0.4984938309179872,0.9818942947846169,0.7422983160265023,0.9818942947846169,0.7422983160265023,0.7455804132048156,0.8426048314584135,0.6716672527031615,0.7875355407508172,0.6716672527031615,0.8426048314584135,0.7455804132048157,-33.08639332318101,-50.919497104180145,50.11415422457466,105.00811817581973,2.306932901296747,33.62577003856394,12.325672782446777,40.45241750096831,52.08310438019498,69.33003082128553,59.77119239507647,102.58152493927503,56.0,0.6540326202571708,43.40277777777778,24.87152777777778,12.272400655864196,5.365853658536586,0.006968641114982578,29.0,9.0,4.0,0.0,2.4305555555555554,0.0,74.0,7.0,56.0,82.0,36.45833333333333,28.742450699657155,1603.0280580397011,-0.30814486306879796,0.09074680804890106,11.486782612589568,-2.0702050630660467,-970720.1583267448,0.4046877750600576,2.878595449499265,47.0,43.40277777777778,0.0,1.098905026163092,-0.00044120622853935246,14.89160393860412,0.08197460739830409,0.30881295012998033,19.21142112733896,0.882268905751493,0.5798022190996176,0.8375039225774895,1.071814312661708,0.23691551047951895,0.8342524366901222,0.9347636811233017,0.614187748454204,0.619012535711152,0.6522853783717162,0.8442375757953077,0.41659041945937847,3.504557358346677,0.5545131706603419,0.7802857777567407,0.5787873789335987,0.2895128513925528,0.3769033951051678,0.5082103108884449,1.14743463755591,0.44738054492071455,0.1598335698935957,0.3691056055798291,0.16384021382518413,0.6309052297362092,0.22235613289572295,0.33279797989148785,1.528613414801561,0.9223658303923529,1.312174012438645,14.406095176051371,1540.0,207.5355782214506,0.13844785855900213,2.2174058156224508,0.04444316606725377,1.736806176879057,1.3008517727282134,0.9258360300516633,0.6308551688652175,0.41634908502953905,0.26004931854901575,6.332420573902607,18.489829338659884,5.260730289622763,16.220264588551288,13.92819555885847,11.75334664533055,9.908351677372208,8.49421157058834,7.387268957897272,2.108091570639048,6.33090692675587,18.356385821332356,5.260542556157523,16.127011118820676,13.867314671240235,11.716824868997618,9.88824831395332,8.484001629261506,7.382690363833151,40.080382515245454,336.9569004216115,27.67330798514432,260.0804876265657,192.30241619119465,137.28398501076106,97.77745471840068,71.9782836453119,54.504117008234864,6.0,3
222178.4595149189,68.855,35.0,77414.09739195781,1.6818359372813276,57.0,230.0,6.0,37.0,0.003472222222222222,0.006944444444444444,0.010416666666666666,0.013888888888888888,0.017361111111111112,0.020833333333333332,0.024305555555555556,0.027777777777777776,0.03125,0.034722222222222224,0.7220206606963587,0.3472222222222222,2.6,0.045430671236920864,25.0,-1.1497716230983523,0.5476416349962525,1.0735044053806302,0.7590479931627382,1.0735044053806302,0.7590479931627382,0.8489023447171935,0.7708293745512412,0.7760862963907528,0.6794895590163963,0.7760862963907527,0.7708293745512412,0.8489023447171935,-34.54100281332764,-31.425014409023913,175.70515321851417,79.78923971962806,-3.3943778561245086,-0.48124618755520915,14.593537226163715,8.445198436479572,50.995075565767394,63.59217399542362,89.8927563370177,38.13522388029228,52.0,0.6474141108996159,43.40277777777778,23.927083333333332,12.107928240740742,4.13588850174216,0.003484320557491289,27.0,10.0,3.0,0.4864859999999993,1.3888888888888888,0.0,65.0,8.0,52.0,64.0,29.166666666666664,27.77504247389735,1278.1719628104715,-0.3109575134024287,0.08238011850357074,10.567312004263382,-2.244245909329682,-939905.3279376056,0.3701007032784195,3.139549387188154,41.0,43.40277777777778,0.0,1.2322717175852023,-0.0004712269221848445,14.741635392232741,0.07249124867377232,0.32551293454921887,21.133590293918424,0.5067432285598761,0.46507647454442297,0.7361020665038801,0.39353088305489164,0.6339434201604244,0.1999308150324841,0.7463211888873806,0.3346089260259903,0.20488329183598414,0.525298938642685,0.7831383343812495,0.27678694663832876,3.810389664167544,0.13379517296632654,0.3669423161267228,0.500297682800279,0.32506608398077746,0.2703310743303444,0.3254182582501156,1.6361033810997128,0.13890627521877544,0.3341516786970634,0.4849943654635155,0.19068131241844263,0.3577582999695797,0.17706641277127216,0.10074910939509499,0.8178327756963238,1.3125987077047556,0.9960248124951796,14.10488098448633,1187.0,198.94766758652406,0.11428472452475982,1.966117035004078,0.026267521603454986,1.5381788448440186,1.1535877560110344,0.8258952782670124,0.569478844460342,0.3805315581747391,0.23521182138913443,5.714557025245445,18.05840611635492,4.193245942063055,15.536921670880972,13.038203388569674,10.683248910649077,8.734814548006149,7.461920016953487,6.722242379239677,2.0885076240868505,5.713414127868061,17.951056104526877,4.193163668155238,15.46059315965481,12.987069834681384,10.651277119492335,8.716230781351076,7.452210817780467,6.71812607832904,32.64310099652236,322.24041526787164,17.582621547937094,239.02994084836507,168.66398289089113,113.44970427622093,75.972679033772,55.53544607264422,45.133218004324725,8.0,4
246998.0,72.28,35.0,86062.02090592335,1.7482192973222455,57.0,230.0,6.0,39.0,0.003472222222222222,0.006944444444444444,0.010416666666666666,0.013888888888888888,0.017361111111111112,0.020833333333333332,0.024305555555555556,0.027777777777777776,0.03125,0.034722222222222224,0.6662272008405743,0.3472222222222222,2.8,0.052063743705106524,27.0,-1.1133092932114634,0.4176881567499573,0.9163273361688056,0.80484836387045,0.9163273361688056,0.80484836387045,0.7291465707582343,0.5759711788845265,0.7290442017137626,0.857229150265869,0.7290442017137627,0.5759711788845265,0.7291465707582343,-33.0659088417135,-8.785572868519804,19.078004514246445,24.026210066431283,-26.16923856677494,-14.99800958168055,89.92713246878013,107.40252794275266,-4.5604507894247925,51.20566778155561,107.47429520994056,19.114322316717825,56.0,0.5246956368164094,44.09722222222222,25.131944444444443,12.790895061728397,5.289198606271777,0.020905923344947737,28.0,11.0,4.0,0.0,2.083333333333333,0.0,83.0,7.0,56.0,82.0,38.541666666666664,29.285353753104033,1580.668144376823,-0.2773888584980314,0.10243982815507842,11.211192654142007,-1.994149598397947,-1025103.8188742306,0.43433357535634665,2.9931438330592717,44.0,44.09722222222222,0.0,1.1770680530792388,-0.00045020423417369156,15.055821458974439,0.10190278989530133,0.21050785447508913,22.619608827543317,0.950150348308475,1.221081189739128,0.8300447562607746,1.021360742209486,0.7614916969506111,1.0280503904580334,0.8679782148484847,0.44530866859205054,0.6818523287767002,0.12017397142807244,0.2434886096608988,0.1938502968519481,5.473106498250072,0.22794774244570104,0.5426896816566817,0.34808061997681367,0.524992705295507,0.8157942966712459,0.3055815792427496,2.3659872176781187,0.3026939021962011,0.7557049345481773,0.19519649966113176,0.5833512110232643,0.390176359542556,0.34329608412618123,0.4413225130302535,1.9805982946993441,0.8425907763664302,0.7202480541447669,15.033872185362041,1518.0,226.01731288580245,0.1622327706918584,2.498467662123609,0.05499550877879812,1.9439325054925183,1.444243470976956,1.020713242369239,0.6922623014873099,0.45605725639889005,0.2892275690839173,6.698224537652384,22.60633474189028,4.966739703162717,20.221659198213626,17.715815775510563,15.112228486231524,12.544139174957767,10.130229664857376,8.027645550825437,2.095544116888296,6.696259589123029,22.467844351510852,4.966435217838549,20.128006039913323,17.656848229182053,15.077718471205106,12.525022975893082,10.11995873715117,8.022433577348536,44.83989248492212,504.80402980371804,24.665478772987036,405.1366271427873,311.76428938836943,227.33759429691963,156.87620054664959,102.41356484164231,64.35944050296924,16.0,4
176526.0,61.005,34.0,61507.31707317073,1.7004466764102741,57.0,230.0,6.0,33.0,0.003472222222222222,0.006944444444444444,0.010416666666666666,0.013888888888888888,0.017361111111111112,0.020833333333333332,0.024305555555555556,0.027777777777777776,0.03125,0.034722222222222224,0.6474935337308418,0.3472222222222222,2.7,0.04723900854347536,22.25,-0.9408871601747832,0.4845784036525722,0.8898013734476393,0.8604944397218458,0.8898013734476393,0.8604944397218458,0.5918260214504125,0.7367436288758983,0.7665089886267881,0.5684877072687953,0.7665089886267881,0.7367436288758983,0.5918260214504125,-40.76102561077104,-10.003442757081618,54.26015062865125,109.52925161912194,-35.669757100345784,70.51799286642823,73.69888526822588,18.39593476843752,36.29403702090216,22.270013666033435,19.758453082081957,72.72283273354637,54.0,0.517940595770436,45.48611111111111,21.20138888888889,10.630449459876543,5.592334494773519,-0.010452961672473868,23.0,10.0,4.0,0.0,3.819444444444444,0.0,81.0,8.0,54.0,80.0,44.44444444444444,24.757574598494095,1669.4376129596826,-0.05766514517801398,0.07452708486551005,12.847789665648769,-1.810098676864423,-819874.4315798779,0.47446700234743583,2.5127050886324254,49.0,45.48611111111111,0.0,0.9722202011068434,-0.0003967693804016805,15.823274325686738,0.11261057018324483,0.23069623735323663,17.265979467524634,0.4870065526114506,0.5945676724619166,0.7234510383296897,0.5058621149372021,0.609828807405209,1.6113286849460913,0.6138054339093058,0.5885900242623128,0.8606961289808002,0.361994087069912,0.47392377867107205,0.48838055548737414,3.742712484169398,0.3017707340232038,0.4563507466261426,0.2177252233237807,0.40776160437880493,0.4652785784591374,0.34657760744458954,1.323116608474646,0.6319874235559874,0.8646728340587334,0.37425649982241616,0.7018718138921303,0.9818544581478145,0.8030140815225011,0.07794876980015826,3.0048570185434103,1.4661761258977062,0.38270476534861836,12.784311056216474,1605.0,163.43860918209876,0.10265213944265811,1.8311953826663125,0.0348886749852883,1.4026648711407066,1.0269428425975495,0.7203467170010893,0.49174603644023585,0.32733326816180575,0.20210958544714364,6.1690187134135614,16.809958759657114,4.9855190171441555,15.04637643884169,13.339756508543863,11.90857832656066,10.887996437241876,9.853006455055054,8.12548410180665,2.129278479980713,6.168164591247105,16.709920316143776,4.985396940130626,14.980853620491663,13.300168875066062,11.886771570411204,10.876886146918935,9.847567676076721,8.122970122078685,38.04625442471456,279.22143697187454,24.85418265066381,224.42597519859817,176.89449210527604,141.29533836713603,118.30665225303704,96.97458913491107,65.98264360418301,4.0,4
198100.0,65.13,31.0,69024.39024390244,1.8089390206966178,7.0,7.0,7.0,7.0,0.003472222222222222,0.006944444444444444,0.010416666666666666,0.013888888888888888,0.017361111111111112,0.020833333333333332,0.024305555555555556,0.027777777777777776,0.03125,0.034722222222222224,0.6556936366585664,0.3472222222222222,2.65,0.054621241772893805,22.0,-0.9500688667357515,0.46794738234374667,0.8521824604052283,0.7493254726503549,0.8521824604052283,0.7493254726503551,0.6438767618141278,0.8306606767344897,0.4649157278423479,0.9573474040052857,0.4649157278423478,0.8306606767344897,0.6438767618141278,-35.67160432362739,-21.260337537108565,64.54241375285001,51.243542939471766,14.713484743697347,41.69425766720223,10.331250752355869,124.13194718642954,-40.424705131471256,85.7205730716103,6.519313141174091,22.568364727331222,53.0,0.4089137023656573,45.48611111111111,22.63888888888889,11.082947530864198,5.630662020905923,0.0,25.0,9.0,4.0,0.0,2.7777777777777777,0.0,89.0,10.0,53.0,83.0,42.013888888888886,26.226841636427025,1673.335863545046,-0.21674722608963728,0.09783325094743782,12.023180360666126,-1.8811407644348037,-910148.6865359707,0.4997557763564452,2.766005192491193,46.0,45.48611111111111,0.0,1.0805382583046352,-0.00042369285473347083,15.508162569347805,0.14676967215667436,0.2716362973031544,16.019701277826023,0.32360935800758706,0.9813936162306126,0.44443646857948094,0.6876663324584048,0.5078029860015962,0.13677555585093926,1.0480614210850372,0.40557825009012693,0.4125776500564141,0.6128596529818997,0.3691280622442755,0.46513557581498227,3.0433199940332623,0.44333407973426964,0.7420545416951234,0.6739861786081786,0.6442593308256086,0.9321444772776886,0.16621996269265477,2.352882703467977,0.19248039069749906,0.41076359880987284,0.12689268508020324,0.5420753187989121,0.3773996609291837,0.6881800450115296,1.0594746396897723,2.133018779301151,0.83674150956043,0.8401421238610884,13.241145422461209,1616.0,175.32793209876542,0.11529213809710469,3.09843928033915,0.03834656504597051,2.523286818340959,1.9616643743643323,1.4340902696690874,0.9691840870550514,0.586748432578553,0.2991132349257147,6.037737591081071,21.69733099333397,4.769044486465453,19.38130327459514,17.02789672272978,14.678531528371664,12.383550626192694,10.168412834611312,7.980692539805867,2.1186924638118247,6.036636724339676,21.474958585765474,4.768890316922346,19.216345652964797,16.914524518362946,14.608308352709477,12.34556634249222,10.151470132545072,7.975085246416196,36.44098294164645,461.17384626034226,22.742314854835712,369.26794025421907,286.10113968230127,213.40267292784145,152.4130083168767,103.05234585195467,63.60198468760528,12.0,4
196555.0,64.185,32.0,68486.06271777004,1.6710445931164304,57.0,230.0,6.0,35.0,0.003472222222222222,0.006944444444444444,0.010416666666666666,0.013888888888888888,0.017361111111111112,0.020833333333333332,0.024305555555555556,0.027777777777777776,0.03125,0.034722222222222224,0.662114575423625,0.3472222222222222,2.65,0.04555368344650666,24.0,-1.129568821493094,0.47332311644832165,0.7747195798398216,0.6555275799796437,0.7747195798398216,0.6555275799796437,0.9179190424731256,0.7319289076535822,0.770058692130836,0.5368380812723227,0.7700586921308361,0.7319289076535822,0.9179190424731256,-42.63157096804051,-36.09543246793004,27.944469054282482,37.20668688571599,29.803627043000578,16.802995788483553,44.24119679893365,-9.360669889020535,100.82440739910554,94.61307864291267,175.42524379113985,-2.97071534756652,53.0,0.6448637721814859,43.75,22.302083333333332,11.631076388888891,5.195121951219512,-0.010452961672473868,24.0,11.0,4.0,0.0,2.4305555555555554,0.0,77.0,8.0,53.0,79.0,34.02777777777778,26.124368679240632,1557.7461053113448,-0.14855104427286087,0.07208389094518726,12.168945401181642,-1.9172420031312574,-871034.9558442888,0.4280270725633522,2.513753530516592,53.0,43.75,0.0,0.9829924736075798,-0.0004189336296033658,15.380926477476256,0.10063799054590838,0.31168629407268916,16.819818730805725,0.9660378156490179,0.3207568814034225,0.7054323350666631,0.5533750113620952,0.19388657465917397,0.28806678161123783,0.27886603481347666,1.402295012256452,0.6691547972595725,0.6041314484504736,0.3787314358587433,0.5678932846332766,5.520360404340849,0.6572422025498463,0.5366589195462446,0.5818305393352705,0.521899670153823,0.48202044820458634,0.7650381052364076,2.345600200906674,0.3141678387075268,0.5078132028435232,0.6379207198579225,0.5545693328353559,0.43932362815453896,0.1416255173095881,0.11556844870100855,0.999779543628103,0.5625730815802596,1.1414803094850974,13.605135717145362,1491.0,185.09971788194446,0.13301706636745816,1.9077873895412314,0.03863318856499481,1.490173397189749,1.121407653444645,0.8138230179563847,0.5747144045206295,0.39148800048375626,0.24622096738733656,5.525572027727673,20.399413353335138,4.804005673285112,17.874309786641295,15.238782411495807,12.601153254829574,10.159699301413665,8.11220471825384,6.614593211141361,2.065027599305906,5.523970736133701,20.3100076916907,4.803850329235586,17.81208392061773,15.197464731319815,12.574846140098348,10.143431039267819,8.102752775220104,6.610008970046576,30.514252693661504,412.49641243653537,23.076977985696846,317.2703335951287,230.96293425970967,158.12675544714634,102.88919324838182,65.65460253633711,43.6922185840962,10.0,4
163456.0,57.904999999999994,30.0,56953.31010452961,1.5953953969263899,57.0,230.0,5.0,32.0,0.003472222222222222,0.006944444444444444,0.010416666666666666,0.013888888888888888,0.017361111111111112,0.020833333333333332,0.024305555555555556,0.027777777777777776,0.03125,0.034722222222222224,0.6544135447633769,0.3472222222222222,2.75,0.053182409080290025,22.0,-1.0729439071862967,0.5041104637271692,0.8304450031467183,0.7807944072268231,0.8304450031467183,0.7807944072268231,0.6816436901069457,0.8216913649228361,0.8173715364383322,0.7216172113695128,0.817371536438332,0.8216913649228361,0.6816436901069457,-43.6581469261442,-43.46943425572336,38.755879521229005,96.2203963942911,-13.73303410512265,28.751042811573488,37.64900468303826,36.64287328276457,118.35323809286804,84.99645178460948,45.73400233793298,144.11854304499678,55.0,0.5456863081423511,44.44444444444444,20.11111111111111,11.152777777777779,5.083623693379791,-0.010452961672473868,22.0,11.0,4.0,0.0,2.7777777777777777,0.0,78.0,4.0,55.0,80.0,37.5,23.823424513607517,1526.4357432776198,0.03687389784953838,0.05146455999903549,12.716880113125542,-1.8904336328270743,-757898.6869203096,0.4028325631768503,2.446569639734697,45.0,44.44444444444444,0.0,0.9324945619991027,-0.0004010435741996991,15.696993386634814,0.0796086010782705,0.1968305492489686,22.13473322103416,0.5847929080684114,0.3401854019688181,0.8193404243773423,0.8056427892030265,0.3618728371559979,0.48664009349259973,0.5027989299725355,0.9963965888891184,0.3568463124063322,0.6540996661527719,0.36579742838305024,1.084202804862109,6.055153944986417,0.41810513123318493,0.3047880804855752,0.4768030938188029,0.21233877409668925,0.42341807785989205,0.5666472999944027,0.5772233634352993,0.49998568310376756,0.40579127496976736,0.3976243037000179,0.31168502215072574,0.43229873946837094,0.2640568080997325,0.25623619982644613,0.4528193033322031,0.880189653744884,0.5430302206479412,12.771012701900299,1459.0,163.09876543209876,0.09350845083240393,1.1636093881536123,0.023499349033967585,0.960626002012386,0.7770028240942509,0.6083386402019032,0.45355967947356546,0.313335843597742,0.1925699278732202,5.233985805358774,14.403500629989255,4.660458688217434,12.437219943526545,10.626881833232625,9.004815026320736,7.594735240235134,6.431683998148014,5.636318916881582,2.1145605000666605,5.233150445030227,14.356421684734034,4.660399442663295,12.400066032401284,10.598437814547912,8.984242748116785,7.581179788557006,6.424046987775705,5.633028293527032,27.385863580320063,206.10684358990162,21.71932296517635,153.76163760791212,112.32688410883914,80.71661775708904,57.474286986425255,41.26837970115011,31.73100775567607,11.0,4
191717.0,69.155,17.0,66800.34843205575,1.4516424208599135,57.0,230.0,18.0,32.0,0.003472222222222222,0.006944444444444444,0.010416666666666666,0.013888888888888888,0.017361111111111112,0.020833333333333332,0.024305555555555556,0.027777777777777776,0.03125,0.034722222222222224,0.5662150181706846,0.3472222222222222,20.099999999999998,0.018172062732090054,12.0,-0.3013432074681277,0.49146810980151573,0.8127002483675574,0.7326883563951326,0.8127002483675576,0.7326883563951326,0.7544723074947882,0.8050621073445123,0.7646222211610987,0.8101801890916778,0.7646222211610989,0.8050621073445123,0.7544723074947882,-50.04449077412875,-14.261714854013954,142.4849314889577,9.514060083383079,-17.21184239960886,-4.924013152085339,76.27437368424766,80.92868518102102,47.42199420654475,145.09844728110224,114.92669923479012,-30.285763738706347,50.0,0.4878284226062553,46.18055555555556,24.06597222222222,7.738064236111111,5.564459930313589,-0.017421602787456445,21.5,5.0,4.0,0.0,4.861111111111111,4.0,72.0,7.0,46.0,69.0,46.18055555555556,25.800853237398524,1701.5956096270809,0.5892180753425377,-0.0012274996081646289,14.241865162802984,-2.3948538645514894,-696528.6616545685,0.6285883680221823,2.111836318790124,45.0,46.18055555555556,0.0,0.7871218639155222,-0.00035125284834532734,16.660919090057238,0.24129220349574076,0.1655239303245963,13.282039546123665,0.4539243601373396,0.7552108325238311,1.1350254258055261,0.29714144856195795,0.7843145831494572,0.63647055198781,0.36753966607133315,0.7755710564466738,0.28028629558600626,1.2345127799312818,0.15845108235051147,0.26650418335141557,1.0972312609422843,0.6078911514328876,0.2687716920891496,0.8575225800868994,0.8944209644728452,0.9694987681159788,0.6400881883226669,1.0304363035012816,0.5232057796587358,0.5562160079578145,0.9299031721990563,0.6806065410988046,1.2250537858829387,0.35085408034044857,0.635682964598336,0.6721733500183912,0.5835066685018276,0.8498894432837811,9.301236948761503,1597.0,86.51300877700618,0.2172182137739107,2.4289820325420606,0.0679478684988069,2.029365472891991,1.6590698747804373,1.3128950555751606,0.9908623838652973,0.6937507613854377,0.4304848498794317,5.587059217259068,13.933330246373995,4.8410789647979175,12.432943579203444,11.193744708243539,10.131638297221093,8.981631711995757,7.5153896557171835,6.105249132147536,2.1266277424736915,5.5828350275432985,13.71997587607603,4.840602093807686,12.266204051013093,11.070113266987212,10.046213274600705,8.926807937116637,7.4833008464405575,6.090053346204162,31.16804694476438,188.2377380401082,23.431428630575347,150.45976182109,122.54740774392627,100.92640115876341,79.6878999461686,55.99979155833796,37.08874975961252,0.0,4
233320.0,70.73,34.0,81296.16724738675,1.7362457569003944,57.0,230.0,5.0,38.0,0.003472222222222222,0.006944444444444444,0.010416666666666666,0.013888888888888888,0.017361111111111112,0.020833333333333332,0.024305555555555556,0.027777777777777776,0.03125,0.034722222222222224,0.6566569795174213,0.3472222222222222,2.6,0.04946643964852936,24.25,-1.1075119896942909,0.5521589911504616,1.1005131155089167,0.8581437559946243,1.1005131155089167,0.8581437559946241,0.8830772081492806,0.7864137871769531,0.5747851192903588,0.5060099367330505,0.5747851192903588,0.7864137871769531,0.8830772081492806,-31.778420511601517,-16.473653106888257,150.65623196708458,124.63154793230703,-4.806529275580445,30.893865342959415,-82.5211365492095,-20.040306832830453,24.237678633788192,58.12964099631122,137.9796392224758,49.448571140635366,52.0,0.5379844908510757,44.09722222222222,24.59027777777778,12.300298996913579,5.045296167247387,0.013937282229965157,28.0,10.0,4.0,0.0,2.083333333333333,0.0,81.0,12.0,52.0,77.0,41.31944444444444,28.462938865986573,1515.8837230155855,-0.3604683292182181,0.0973635508722858,11.186015675765892,-2.076350834550519,-978711.0463931707,0.42016196152005497,3.043799542072052,48.0,44.09722222222222,0.0,1.1837794658461709,-0.0004510262619230334,14.933589517695674,0.10129726248555637,0.32668838659482125,18.959620944496812,0.7128923342816189,0.8123439200823481,0.4977727962504696,0.6654532495568082,0.24735898075439228,0.4599337958552244,0.30605536061797467,0.4275695478568474,0.8713331223956148,0.6097442361385741,0.43383976738356633,0.3997186534513363,2.611848525033268,0.511555577122051,0.7098588413236181,0.2790241147999392,0.4007704363844889,0.15679635230070613,0.2897069445803612,1.1839575567121332,0.12986557617048727,0.6339703939035602,0.35737861287639827,0.516509169105339,0.4928451645650032,0.5533849452275427,0.10438370147217568,1.7102565806945953,2.00866784085884,2.895320829461905,14.333775765673792,1448.0,205.4571277006173,0.1482975633694178,2.4506581057537407,0.04980270263154872,2.0072045352144587,1.5891928417716994,1.1914575410478312,0.8253284244470556,0.5175501338596294,0.2950373850061911,7.497543486300905,17.26819141622006,4.712503587853387,14.55872102028159,12.236371808382387,10.586272227014765,9.777516778883033,9.593318823218995,9.321417482055757,2.126425090485847,7.496076717968661,17.0934112931246,4.712240417926663,14.419690971036918,12.132735105681524,10.519010818149415,9.742621174670552,9.57934798944426,9.316747115609793,56.191166161671816,292.18470963591955,22.205209756341645,207.92748770020359,147.20326114463685,110.6495885923444,94.91866735313901,91.76390790286978,86.80177681622341,16.0,4
182910.0,61.56999999999999,34.0,63731.70731707317,1.62009212180854,9.0,9.0,9.0,9.0,0.003472222222222222,0.006944444444444444,0.010416666666666666,0.013888888888888888,0.017361111111111112,0.020833333333333332,0.024305555555555556,0.027777777777777776,0.03125,0.034722222222222224,0.6609863659470403,0.3472222222222222,2.55,0.03515464208476076,23.0,-1.0795656041847497,0.5133923593482856,0.8759880455456235,0.746856523924406,0.8759880455456234,0.746856523924406,0.9005926100703162,0.7063764103049502,0.8036128788122836,0.8393378386067061,0.8036128788122836,0.7063764103049502,0.9005926100703162,-38.42075328568151,-38.49896266407915,-11.299851123419488,124.93877818445529,3.628649399589576,-19.808886223094557,39.95764362623642,68.83855717316922,77.96606181681315,67.51725069532185,169.8785040208937,24.302483707702198,51.0,0.8344957657324972,43.40277777777778,21.40972222222222,11.470293209876543,4.571428571428571,0.0,23.5,10.5,4.0,0.0,1.7361111111111112,0.0,77.0,8.0,51.0,80.0,33.33333333333333,25.201273115988936,1381.2892409676133,-0.03622002532963453,0.05866378115091083,11.823375890569796,-2.1244664089164136,-796742.0949098221,0.3316637777487569,2.6701924803066457,46.0,43.40277777777778,0.0,1.038966978053801,-0.00043021646596306856,15.298761540082758,0.05503366321883196,0.2836193740899366,17.939463173805127,0.4331385376203968,0.772092453283923,1.0782409539203885,0.48631898027474313,0.2802212687599193,0.27684602327568075,0.5868182024363346,0.8852638237465088,0.17529530198063442,0.3950243218594938,0.18166404858931345,0.28133009268861386,2.5364633421729996,0.5952273787111805,0.2669931734468379,0.49862820045310163,0.3282684916227828,0.4840682986173224,0.2827366972389807,1.5237969170964416,0.3964509997969837,0.37182708405170495,0.15232243987497682,0.3890755194490052,0.24450155258602138,0.28267186995282534,0.09150241431849997,0.6249451496954512,0.8068708226213556,0.40498960050755173,13.293906913844049,1312.0,176.7279610339506,0.13312406137895927,1.230809631326605,0.04557622446002773,1.015183870229499,0.8184889064673021,0.6382775104873512,0.476832002833015,0.33895001291838806,0.2280910466456477,5.403525961485794,12.650394916883753,4.329661360026255,10.82203721068985,9.374864457536106,8.260626578839876,7.3452317095528885,6.507167355012775,5.790116811540082,2.137932038887348,5.401885855951877,12.590377246316013,4.329421474085004,10.77431627061233,9.339066308104023,8.235930627114454,7.329738065449236,6.4983336229287705,5.785622452746046,29.18037080073295,158.51759920455197,18.74389030026837,116.08589109918158,87.21815950716372,67.83055329464189,53.72506010809551,42.228339874886565,33.47342716571917,12.0,4
156655.0,54.635,25.0,54583.62369337979,1.7264698222208037,57.0,230.0,3.0,32.0,0.003472222222222222,0.006944444444444444,0.010416666666666666,0.013888888888888888,0.017361111111111112,0.020833333333333332,0.024305555555555556,0.027777777777777776,0.03125,0.034722222222222224,0.6487515232432252,0.3472222222222222,2.35,0.06686986645276684,25.0,-1.1999953132117163,0.3875889901605528,0.9089829146582363,0.7357125080048328,0.9089829146582362,0.7357125080048328,0.6660131146879408,0.6402951347378694,0.6064263820008069,0.803898105676893,0.6064263820008068,0.6402951347378694,0.6660131146879407,-32.96565239676483,-19.132182721065778,37.56184021404938,-13.96798660153559,-3.1414292369760446,26.679822432842005,48.44051952336883,104.99330862635544,1.836683278715197,26.788857783227684,49.0659373531932,85.0903709124133,47.0,0.6868411065376433,44.44444444444444,18.989583333333332,11.740306712962964,4.386759581881533,0.010452961672473868,20.0,12.5,3.0,0.0,2.4305555555555554,0.0,73.0,8.0,47.0,75.0,23.958333333333332,23.32254214750661,1337.8782250021377,0.12239857309313618,0.07235666863589053,11.44263123502369,-1.6491844912611173,-862405.8772655299,0.44169084199829867,2.943065108249651,42.0,44.44444444444444,0.0,1.1500618859995584,-0.000442647769974097,15.067043128092228,0.07928449420971162,0.7540142376778467,27.113877422984228,0.6592655680107252,0.7008473348112156,0.24541648862027748,0.4871095672755958,0.6571876168024533,0.661187956542441,0.5474937991792951,0.5231628810201931,0.3156336060126879,0.1634612167158643,0.3370745132946019,0.6323599068242326,6.133941887156252,0.26719226227084997,0.36109012197266643,0.43264720722050615,0.26388353804430575,0.42591256315541026,0.25572290669473813,0.7221687791419731,0.28141381723999226,0.1771414949522304,0.2799212914377575,0.33159761110116454,0.34303249464653895,0.44201338071516527,0.09772661011243412,1.550895447441005,0.7200693391358814,0.555249992154063,13.540188220575486,1259.0,183.33669704861111,0.12289545409154869,1.3162747721467856,0.031361589318840685,1.087646084118877,0.8788641938765346,0.6896473559283947,0.5223648660237631,0.37524981751260966,0.24367298177795346,5.672005296674076,23.650267059148685,4.316394763035455,20.802357914573605,17.801399810446863,14.791081562418045,12.052705628729946,9.687086295929879,7.4673240529189,2.0799136413830785,5.670673751227662,23.613609480409036,4.316280829727753,20.7739048039054,17.779691587316677,14.774995103571575,12.041380648395867,9.679815518864459,7.463347237617488,32.1565407928624,557.6025526932634,18.6302802010753,431.55512080172383,316.1174329400994,218.300480310564,144.9948479195625,93.69882847924922,55.701551989252586,8.0,4
190812.0,62.71000000000001,29.0,66485.01742160278,1.6378040165188774,57.0,230.0,5.0,34.0,0.003472222222222222,0.006944444444444444,0.010416666666666666,0.013888888888888888,0.017361111111111112,0.020833333333333332,0.024305555555555556,0.027777777777777776,0.03125,0.034722222222222224,0.660702185057725,0.3472222222222222,2.65,0.052557867530925145,23.25,-1.0164029965524306,0.49731130033696813,0.9871030908563819,0.6830242529365089,0.9871030908563819,0.6830242529365089,0.7180852129833994,0.6002976395120666,0.7673571234683758,0.9219294614130213,0.7673571234683758,0.6002976395120666,0.7180852129833994,-37.24288762981893,-21.018549909500344,90.04859146047814,72.69607840132635,0.7862376238584288,13.472218762609007,50.83299356227343,99.23969136115515,56.87391587317403,-11.451736224487314,74.4284367640225,-22.81613648021381,53.0,0.5976737551827163,44.791666666666664,21.79861111111111,11.532069830246915,5.094076655052265,-0.020905923344947737,23.0,11.0,4.0,0.0,2.4305555555555554,0.0,80.0,11.0,53.0,77.0,33.68055555555556,25.739884744626707,1524.7433752676702,0.023129073875141598,0.06681546363165065,11.716337801445487,-1.9064174951783373,-882105.314717402,0.42178857746671355,2.7823975177142155,44.0,44.791666666666664,0.0,1.0894781406521643,-0.00043371125704491664,15.256709787989593,0.08721084716028593,0.41840787657023215,23.842471014886492,0.4557575733087315,0.37956063380081406,1.0237490832674667,1.399055214564899,0.39238328949516205,0.5745960934503651,0.5571851413824602,0.3325612061527745,0.41382238865559895,0.6587357551046009,0.15594516321965568,0.6600318033076803,5.986644427404984,0.3453725184329861,0.5152734144567053,0.6319936460231579,0.477193187627432,0.34526418588026103,0.21315059970684275,1.8227362773187195,0.2373220217413417,0.44760021567383035,0.32840128437306015,0.73672434621254,0.3303343998924838,0.4693805914020725,0.12193846913968358,1.4394970185442997,1.3893904536748745,0.4106358169289095,13.688032009504136,1462.0,187.36222029320984,0.1262924441326359,1.3733841188722264,0.03785257590019943,1.0908917832574045,0.8622934145544513,0.6781463882897834,0.5231041563077111,0.38081465779099044,0.2461153748971444,5.892206101809193,18.061698820154614,4.6497221178785075,15.748320171171818,13.769025514955041,12.058405481721687,10.491398194025074,8.933433405924676,7.213467587704027,2.103093332821832,5.8908524820056805,18.00940810609844,4.649568039720068,15.71049150507261,13.741998169796815,12.039321419318664,10.47834901629289,8.925313026135413,7.209267775654876,34.70214296475248,324.3387803320042,21.618482955986313,246.81954333095868,188.842513698699,144.94526023766517,109.79579810724618,79.66121261450247,51.9735418610958,2.0,4
200297.0,64.155,34.0,69789.89547038327,1.592131584596874,57.0,230.0,5.0,35.0,0.003472222222222222,0.006944444444444444,0.010416666666666666,0.013888888888888888,0.017361111111111112,0.020833333333333332,0.024305555555555556,0.027777777777777776,0.03125,0.034722222222222224,0.665995672293169,0.3472222222222222,2.6,0.039719445856295256,25.0,-1.1493130119616406,0.5557983535010553,0.8942016189447175,0.7228409044080647,0.8942016189447175,0.7228409044080647,0.8466694122214509,0.8234136600790429,0.8418521068018864,0.8495548389645575,0.8418521068018864,0.8234136600790429,0.8466694122214511,-52.348505762183905,-41.75825228951351,192.7567699711383,122.30190656973872,-6.535786175298251,50.10067800649406,-20.418841443405796,68.88063296141698,107.28796253716996,49.42045307881422,102.85131571125324,42.478637793056365,52.0,0.8859383488381856,45.138888888888886,22.302083333333332,12.140769675925927,5.188153310104529,0.003484320557491289,25.0,11.0,4.0,0.0,1.3888888888888888,0.0,77.0,6.0,52.0,81.0,36.80555555555556,26.371873169049717,1552.8667155754524,-0.0729587367264985,0.059788800742678706,12.376656841833142,-2.1115752470357387,-797968.6678790317,0.33545940916464234,2.4639495989280626,43.0,45.138888888888886,0.0,0.9643555782961133,-0.0004121518559718912,15.84012113742544,0.047619130086479444,0.2547355052387317,27.61780059134216,0.2755885833401301,0.22097466433374668,0.9430437664528377,0.7537667447721945,0.2101079653093672,0.4232479069796188,0.6224598128964348,0.27313571267347436,0.5531953181506599,0.599083464736501,0.6375220437447885,0.39015031141567524,3.9105087056184735,0.9327929069345948,0.4052072777153365,0.24668725972553246,0.6451223434053925,0.500938568459066,0.05116066245579344,0.355679057094871,0.5061273497946644,0.202058437140414,0.6045009915052119,0.673433854558973,0.5641961610391997,0.40827600422910343,0.0933720886284755,0.5833267678930284,0.8465412369173817,0.6643377192993029,14.074543453963258,1489.0,198.0927734375,0.12219041851103733,1.2796037058228447,0.05009969957320215,1.0483789442693983,0.8401443865616491,0.6515735858412433,0.48332859873530815,0.3379703347571292,0.21855460790646838,4.870072026131521,14.126465486503422,4.462009854587926,11.822970852993933,9.722563030196438,7.852831326939565,6.383942792041486,5.590020968557195,5.238528369259762,2.104926501788562,4.868538902107374,14.068391574640536,4.4617285845894346,11.776397640193569,9.686195810836752,7.82575310826999,6.365620082733733,5.579794842261969,5.233967267656743,23.702671041332874,197.91964149741682,19.907021962542437,138.68354137995664,93.82238928587145,61.242411711597406,40.521119037703016,31.134110481733273,27.39441335890219,12.0,5
224868.0,68.02499999999999,31.0,78351.21951219512,1.6291272213031642,57.0,230.0,6.0,39.0,0.003472222222222222,0.006944444444444444,0.010416666666666666,0.013888888888888888,0.017361111111111112,0.020833333333333332,0.024305555555555556,0.027777777777777776,0.03125,0.034722222222222224,0.6664620114213125,0.3472222222222222,2.8,0.04700666058356485,26.0,-1.1642868817598777,0.503399932644559,0.9406835992809639,0.8344750816931642,0.9406835992809639,0.8344750816931642,0.6285135794832859,0.7698685957324357,0.871389853953728,0.7470849054445463,0.871389853953728,0.7698685957324357,0.6285135794832859,-42.78515159786139,-2.5719757853015346,87.73626397520165,74.89906847830068,-22.898200381780107,24.603692741251344,113.24321125634924,39.85356324205625,41.5089590060542,51.92356659431548,-21.048417450919768,29.662062219513896,56.0,0.6301408888066471,44.791666666666664,23.645833333333332,12.802806712962965,5.188153310104529,-0.010452961672473868,25.0,14.0,4.0,0.0,1.3888888888888888,0.0,88.0,9.0,56.0,88.0,37.5,27.94264959996934,1549.688568016472,0.028224407291938355,0.0645146867929381,11.534665060373888,-2.0592125171121096,-916750.0649627316,0.3655268552126529,2.8191496156675298,51.0,44.791666666666664,0.0,1.1317729816377544,-0.00043964286775009787,15.597589770696379,0.05695408659848844,0.31437360512191626,28.355954136945535,0.6251950715340265,0.49012909640202873,0.34663736028404907,0.9185366659982901,0.9110805233145716,0.40234642163583556,0.37387705951112793,0.7236699248303584,0.585200352588934,0.37742028864664695,0.11453297127077985,0.3772407926151236,4.785167942578008,0.36956285608568595,0.17672391689707956,0.25055181933332416,0.5240917911877511,0.4653171192051155,0.9195252328752528,2.5500988169945824,0.5162356780730815,0.6508828922556427,0.3117486530202292,0.42547815073646217,0.5667982311701365,0.31394437410591775,0.31205615834877454,0.8367080659204635,0.7436227642653715,0.4465376887609125,14.888459713445474,1489.0,221.66623263888889,0.1320515489732729,1.3053195180822788,0.04861551054849536,1.07053541525927,0.8576773014001744,0.6656348910957735,0.4978037956853284,0.35659507442115257,0.23720873985153482,5.371533237762165,17.010732105837693,4.3698582764084115,14.9269858107824,13.190273330227518,11.706266272546111,10.29011737498357,8.708192881703374,6.858135712204222,2.106968698689942,5.369909842147952,16.960576279486816,4.369587839605607,14.888547925166336,13.162359217586117,11.68732647937528,10.278069223932093,8.700888645296404,6.854032204531063,28.835931712797446,287.66114773229083,19.0932978880292,221.66885931997479,173.24770017277422,136.59360023550659,105.63870697194004,75.70546321784789,46.97775746074895,2.0,5
166441.0,58.60499999999999,30.0,57993.379790940766,1.6044686705799653,57.0,230.0,5.0,32.0,0.003472222222222222,0.006944444444444444,0.010416666666666666,0.013888888888888888,0.017361111111111112,0.020833333333333332,0.024305555555555556,0.027777777777777776,0.03125,0.034722222222222224,0.6527710807899462,0.3472222222222222,2.45,0.051060510430034345,21.5,-0.9914758813488067,0.4745835665893306,0.8213088795788727,0.7752161237374998,0.8213088795788727,0.7752161237374998,0.8330214168339186,0.6633344219277629,0.7502731771650704,0.6986502821303966,0.7502731771650704,0.6633344219277629,0.8330214168339186,-44.71544764892349,-17.531984696158744,40.29409710641061,118.40386192189703,0.004169901878119977,1.8829618086528046,52.88631867454004,33.07138864206881,50.86259769603572,76.18161952326659,89.86382399098791,60.70267208428088,49.0,0.5806651655709736,44.44444444444444,20.37152777777778,10.82648533950617,5.076655052264808,-0.003484320557491289,21.0,10.0,4.0,0.0,2.7777777777777777,0.0,83.0,10.0,49.0,86.0,37.5,24.039969610814587,1521.0644542821974,0.08175015497334169,0.05676513790595148,12.399140672864334,-1.8746656607161147,-792375.0866813892,0.4225199859074645,2.4858684672244356,42.0,44.44444444444444,0.0,0.9787218356201985,-0.0004114177594197533,15.661706226383671,0.08369097541999138,0.24266368480933664,22.95970101320951,0.7394589249942369,0.47097861889764125,0.6914148772595249,0.37378620296550463,0.6061221013312152,0.4257307709871211,0.46968937358888585,0.5326429824848555,0.34616262044756096,0.49014644561695286,0.3582213121775203,0.3041329886301029,4.3820352774061915,0.30502365412562726,0.7499333249807643,0.6160872784917635,0.3714285401195231,0.602165307229604,0.7019912765925671,1.1478874530300893,0.4576643982218303,0.388229210946266,0.3085919763507138,0.6024799263613521,0.3319744554844548,0.3226357552571887,0.09305871932881153,1.3749554805829827,0.6457386339973263,0.4721188910922624,12.764050880818257,1457.0,162.9209948881173,0.1256668091064002,1.2810342219656516,0.04977301406159665,1.036081896597579,0.8220785051952225,0.6379687506107516,0.48266011430554456,0.34891038388491274,0.22813833599387814,5.315505606579676,16.94229476035928,4.298138819097738,14.883188096340293,12.853974174434269,10.889691550630952,9.1682484019472,7.7745414788043385,6.509059750581502,2.111923324324481,5.3140199196718285,16.893794809605403,4.297850620403892,14.847081269212078,12.82765913985553,10.870987900882204,9.155534827297963,7.766708231269309,6.505060471378424,28.238807706668982,285.4003030690505,18.471519955306118,220.43582221458814,164.54883900831913,118.17837794112727,83.82381797386593,60.32175674966644,42.31581173629008,6.0,5
179916.0,61.285000000000004,33.0,62688.501742160275,1.6368004513217278,57.0,230.0,5.0,34.0,0.003472222222222222,0.006944444444444444,0.010416666666666666,0.013888888888888888,0.017361111111111112,0.020833333333333332,0.024305555555555556,0.027777777777777776,0.03125,0.034722222222222224,0.656215073083705,0.3472222222222222,2.55,0.0364266238463079,21.25,-1.1430276243146948,0.5254273581439175,0.7649874840107685,0.9151900374126486,0.7649874840107685,0.9151900374126486,0.8487939582707154,0.8280469369386416,0.7557970128227767,0.743476397672586,0.7557970128227769,0.8280469369386416,0.8487939582707154,-53.25797254144652,-27.165283277388134,63.16814085415289,149.68464384797664,17.111083093045174,0.5729938464765242,79.22334809651166,10.622223650900601,8.808888790363875,115.262527077479,41.43097018578593,151.73580674944958,51.0,0.775596784730357,44.44444444444444,21.291666666666668,11.296296296296296,5.069686411149826,0.017421602787456445,22.5,11.5,4.0,0.0,1.7361111111111112,0.0,90.0,8.0,51.0,91.0,39.23611111111111,24.994165985952268,1515.553216196128,-0.03711623980185575,0.060436584963971265,12.608058754031056,-2.097535582481995,-752751.4708571015,0.34907932292630345,2.357263990110689,42.0,44.44444444444444,0.0,0.9447969149692174,-0.0004045965890039556,16.157399146866748,0.052455702613886324,0.3024385726384459,21.006609697942327,0.3268810438336905,0.226843813823282,0.24713330969857142,0.4465841795115072,0.3093895081776007,0.24195300451953644,0.7730003425702716,0.23851383740149434,0.268507566507147,0.4907451615108256,0.3044130011946796,0.6553932947925483,2.0527537457301364,0.13664583357856838,0.2855087705810126,0.43609575576280146,0.6549328278984674,0.45517383259900324,0.9836319602976726,1.2950331508414539,0.6421446109666047,0.45184703456346487,0.25826966076100877,0.24336385587758347,0.39884065238211974,0.45534114647200796,0.29451095987959935,0.7885164972391511,0.6053868648440713,0.9887608273377803,13.090961152218307,1455.0,171.37326388888889,0.11269767928156041,1.275293545293094,0.03477440434214133,1.056733596896362,0.8571557032265553,0.6750252551503946,0.5096825385174191,0.35858721343676186,0.22253091706218464,4.49937367492007,14.036816772711525,3.955988161258393,12.000724580041098,10.19601883326281,8.674112459917872,7.411489785603108,6.326250552273696,5.435919548223867,2.113084674213362,4.497962060716863,13.978764304616105,3.9558353192238944,11.954108270849526,10.159925400743655,8.64780711349482,7.393943775281879,6.31607957996912,5.431362750333828,20.231662699648286,195.4058514840094,15.64863307281921,142.90070455119303,103.22408414867611,74.78456787221158,54.670404552029645,39.8928612605029,29.499701325713847,6.0,5
222990.2,68.105,33.0,77696.93379790941,1.6151560830924407,57.0,230.0,7.0,37.0,0.003472222222222222,0.006944444444444444,0.010416666666666666,0.013888888888888888,0.017361111111111112,0.020833333333333332,0.024305555555555556,0.027777777777777776,0.03125,0.034722222222222224,0.6783711920957971,0.3472222222222222,35.10000000000001,0.04189693966479253,27.0,-1.196064606452064,0.498833938439465,0.8355601021340906,0.78713448060473,0.8355601021340907,0.78713448060473,0.8042337393671872,0.8379014975193126,0.8093438175442668,0.6504357268861003,0.8093438175442667,0.8379014975193126,0.8042337393671872,-44.45493662842277,-28.393803102831754,53.55143856829046,101.88332836535776,-17.16148534292254,2.8797090811170905,68.91863963812231,0.7694460804105782,70.92824523376316,155.1115348619085,96.00075488787884,54.50565500109993,54.0,0.7498359846640896,44.44444444444444,23.67013888888889,12.726866319444445,5.2926829268292686,0.0034843205574913265,25.0,12.0,4.0,0.0,1.7361111111111112,0.0,77.0,9.0,54.0,80.0,32.98611111111111,27.825734990791847,1582.6479885632862,-0.022480017945477562,0.06565728874046034,11.981596287187703,-2.055867745327917,-890372.9770037046,0.36402680583051994,2.6307661874930606,46.0,44.44444444444444,0.0,1.0415658765458273,-0.0004250505737503952,15.616967879195848,0.05877774077185005,0.4231941283647688,29.38678696313179,1.1422943930266525,0.47406689840238814,0.9651519565234017,0.5794818612254681,0.2556402720644544,0.6758989563040332,0.20149802381437226,0.8852896985948991,0.810143237112791,0.5404476886700016,0.35609224211027024,0.22015640926105026,3.352586520746276,0.29609011350490183,0.6040887150929735,0.2541893643893801,0.4461255375148654,0.6870978915768866,0.7575118735223181,1.350574934185746,0.5105555981628864,0.6357836676993038,0.48989856765294404,0.3713462937977509,0.45661428889922284,0.254146502359034,0.3376644769177884,0.6328462592177241,0.7051486186007161,0.7891238376216474,14.628603923768244,1519.0,213.99605275848768,0.11572553326957512,1.5937428812476826,0.04694606035222745,1.2921255472250817,1.0115225746441685,0.7573377005141705,0.5392005814603043,0.3607465181799039,0.21785373873589148,5.714281478307566,16.447469954005292,4.655698685285293,14.253485129575216,12.273359402738727,10.429184187910494,8.675149014006447,7.161005698683705,6.254713455132183,2.1064780896048516,5.713109522342309,16.37007182380026,4.655461987341815,14.194796578649166,12.231605500087893,10.401649986071545,8.65837589552278,7.15191335002051,6.250918344877843,32.63962041427837,267.9792515163792,21.673326315584607,201.49224990923008,149.61217310978037,108.19432243274217,74.9674731481699,51.149864566201586,39.07398015433036,8.0,5
229226.0,70.985,39.0,79869.68641114983,1.740678893319257,57.0,230.0,7.0,36.0,0.003472222222222222,0.006944444444444444,0.010416666666666666,0.013888888888888888,0.017361111111111112,0.020833333333333332,0.024305555555555556,0.027777777777777776,0.03125,0.034722222222222224,0.6496088655921134,0.3472222222222222,29.700000000000003,0.036692186970681155,24.0,-1.0722231669785158,0.4803075406296793,0.8269221780717628,0.9119775218776438,0.8269221780717628,0.9119775218776438,0.791602675928032,0.7778132722324181,0.754923936215018,0.6791584599721807,0.754923936215018,0.7778132722324181,0.791602675928032,-46.07198509610484,-9.788971022297769,35.186667275904895,69.58053963918579,14.189497352550758,3.290489002774855,9.19772797146415,30.766672598093827,93.6828729467659,91.23169083236942,20.596271925115488,129.11757493195904,54.0,0.6476603925306472,43.75,24.6875,11.67795138888889,5.034843205574913,-0.024390243902439025,29.0,8.0,4.0,0.0,1.7361111111111112,0.0,84.0,5.0,54.0,82.0,38.541666666666664,28.212118160661227,1514.6452869754066,-0.3680809062046923,0.0914498511025644,11.521767469037346,-2.2421098050117476,-911302.9510327429,0.39743213396019,2.7380747989066747,48.0,43.75,0.0,1.1032531376202517,-0.00044006397380261643,15.511303322781446,0.08186210360755275,0.2241351333497264,15.450298908170703,0.6940650316774258,0.5313360652541199,0.48764145542123727,0.45736511524386836,0.3188481766741128,0.18945236762260786,0.4102699367789393,0.2843378551762594,0.4008568940260739,0.3919833390995177,0.5319986704271669,0.7576307933690734,5.877408856193417,0.3696634041064108,0.2795949842451164,0.48604063989561996,0.4053076105285551,0.5369115289351483,0.772102508896831,1.2844884223591124,0.20539576115450564,0.877263530230185,0.23211142191002904,0.19536594572064606,0.5742052298724493,0.43297541278790136,0.16981562660035995,0.9736303716818879,0.9127021868557424,0.8195560182553967,13.654704495561635,1445.0,186.45095486111111,0.14742695390223132,2.1932877596469558,0.052051435013848533,1.6990290705401816,1.271892017281985,0.9207888764335715,0.6479303772834536,0.4405458668409914,0.2777627705969878,5.4299661364269936,19.141254291063127,4.1384714740430795,17.05524405789285,14.803819549258266,12.446141468465937,10.166617250238577,8.17949852985252,6.674578438499297,2.084297891302109,5.427964400768211,19.01518089944257,4.138144123829099,16.970405124561662,14.749080104988773,12.41203389046709,10.145949563202151,8.167626065085795,6.668796381278259,29.462797536007006,361.5771046385255,17.124236789581296,287.99465009174867,217.53536394337561,154.0585852981036,102.94029253904192,66.71011553906887,44.47284517495,4.0,5
218967.0,69.035,37.0,76295.12195121951,1.7434789717171992,57.0,230.0,6.0,36.0,0.003472222222222222,0.006944444444444444,0.010416666666666666,0.013888888888888888,0.017361111111111112,0.020833333333333332,0.024305555555555556,0.027777777777777776,0.03125,0.034722222222222224,0.6455541715675097,0.3472222222222222,31.2,0.04342709540406817,23.0,-1.1014969719995267,0.4585457094755032,0.9808133327281788,0.7140118904327137,0.9808133327281788,0.714011890432714,0.8332100038006052,0.7372902085588449,0.719271382332783,0.8636899976511826,0.719271382332783,0.7372902085588449,0.8332100038006052,-37.41576217949837,-51.767845767500184,72.85095301639082,90.16624684079295,23.76397042512298,-11.01564326056901,85.94812792976306,64.14887390194373,-22.540531059944716,94.54653639652214,20.79529083331574,130.0048544324368,48.0,0.6052363802629553,41.666666666666664,24.01736111111111,11.58403260030864,5.055749128919861,0.024390243902439025,27.0,9.0,4.0,0.0,2.083333333333333,0.0,77.0,9.0,48.0,68.0,35.06944444444444,27.573575816954417,1524.4349412144797,-0.3865457100101734,0.09573165708177102,11.376667375940622,-2.1519987798594036,-921238.4427660065,0.41709709828556985,2.7125454008575582,45.0,41.666666666666664,0.0,1.06344106960121,-0.00044480148841520296,14.885595073264895,0.09595027742651807,0.18692308576574584,17.437351414885445,0.10902899937621421,0.4498380214969653,0.5541057015016809,0.7106867433556772,0.6390989129745559,0.46350598856596265,1.186956360320912,0.48532306801937,0.35133756492654145,0.6104033672011198,0.5295566313138332,0.5179881646543729,2.8252734262210724,0.49521675412445915,0.482607895816667,0.7189177358679097,0.6253206728866285,0.734525378339663,0.672297493593376,0.5065555080931458,0.3097193309710488,0.1485221591633356,0.17685723304618234,0.1747447452057012,0.3252739198076955,0.32525110196860324,0.05316298161208066,1.3263279807979422,0.5802694784314705,1.38361474267109,13.545052550352876,1451.0,183.46844859182096,0.15692911311635627,2.527123031844318,0.05901600586069052,2.0343916947849183,1.5772224991295627,1.1623495580206908,0.8046784131094862,0.5166541872720086,0.3033514260547935,5.533753323443822,17.906683007291186,4.918772928407618,15.446134745984834,13.067730343060324,10.858647339270577,8.944251120512549,7.493395440643749,6.479594423614487,2.1034492058331486,5.531527736365611,17.727463030719676,4.918418875237031,15.311575001393885,12.972198946484708,10.79625701544832,8.907980734053346,7.475563101240924,6.472489614271041,30.59779909818206,314.26294550553285,24.190844232287905,234.44432902331016,168.27794550717897,116.55916554361708,79.3521207582656,55.884043680634825,41.89312180684648,6.0,5
242314.25996531744,66.08,9.0,84430.0557370444,1.5868324208891,57.0,230.0,4.0,36.0,0.003472222222222222,0.006944444444444444,0.010416666666666666,0.013888888888888888,0.017361111111111112,0.020833333333333332,0.024305555555555556,0.027777777777777776,0.03125,0.034722222222222224,0.6893436196029049,0.3472222222222222,4.5,0.0566063166707657,27.0,0.06332465176771196,0.28435077810471465,0.854653515145699,0.45918466312151224,0.854653515145699,0.45918466312151224,0.5176995502580327,0.49955398454041466,0.41525736394310575,0.5929527091297031,0.4152573639431057,0.49955398454041466,0.5176995502580327,-26.16810614017976,-22.65323534497983,27.37489989770939,1.9101076648517328,4.161735464974943,21.8019693811061,4.3953850005553425,97.24525843677,28.177307236686993,90.46862829315862,56.01344171633014,-21.008128208524464,90.0,0.2954361375832991,45.138888888888886,22.97222222222222,14.386381172839508,8.250871080139373,0.013937282229965106,23.0,13.0,5.0,0.0,8.333333333333332,0.0,68.0,8.0,90.0,60.0,42.36111111111111,29.006360650948746,2448.411164307266,0.5987002213228617,0.0786019214011932,14.333496468849523,-1.1004107128696743,-1139686.8572920475,0.6822922943094263,2.357977634178855,50.0,45.138888888888886,0.0,0.8198822447400849,-0.0003482610883670861,15.173527148989345,0.20906459253808618,0.8392319697833432,11.309833575544863,2.9836297003896797,4.427606651464631,5.599459968672386,1.9964960707086696,1.7785501988661863,2.3265877029872053,2.609973586711413,2.501667631972032,1.5475513427963492,2.025363738186647,2.059857561015903,1.6371044738270117,34.71060709767771,1.4843356943670063,2.4694746228014726,2.2801834370301224,1.4475653036367377,1.1331927791997294,0.4382062833019889,11.508586902463408,1.2034892102606625,1.1981915939747194,1.3986049851205142,0.7911517666454544,1.9617276400657733,1.4475654839718186,0.7418765963224521,4.110353657314205,3.5197773582697067,5.917026093493769,17.710052636447678,2368.0,313.64596438574733,0.13601032742645708,2.471238172451917,0.04287420685585695,1.9694517174236514,1.5036830966393586,1.0889380007962564,0.7422687468112653,0.469399899117168,0.2698939249917992,13.73019321176443,32.309302714818216,9.659348232184271,32.33862420111558,31.664445320156492,29.79048087188675,26.493820011493757,22.060844254303706,17.25494052166573,2.122757665041598,13.729519540873067,32.21465541974299,9.659253080491677,32.278597787910726,31.628721671576628,29.770572124308803,26.483420019116377,22.055849857744175,17.25282961358729,188.49970682321538,1037.7840238127762,93.30117007298794,1041.9078751537154,1000.3760345780611,886.2869646086723,701.3715359089341,486.46051294735366,297.6601296754746,14.0,5
177718.0,61.025,34.0,61922.64808362369,1.6575839813637336,57.0,230.0,6.0,32.0,0.003472222222222222,0.006944444444444444,0.010416666666666666,0.013888888888888888,0.017361111111111112,0.020833333333333332,0.024305555555555556,0.027777777777777776,0.03125,0.034722222222222224,0.6465787271608552,0.3472222222222222,29.700000000000003,0.04122701131687874,22.0,-1.0080651157524905,0.49774231902309973,0.8816086997447533,0.7935191501808669,0.8816086997447533,0.7935191501808669,0.7385696909045684,0.7898797322591111,0.6214485848728895,0.7928675567149286,0.6214485848728893,0.7898797322591111,0.7385696909045684,-37.84966350832775,-44.10628504545246,84.08157547581332,42.59581288804886,-18.58376876979569,17.278314526340537,8.447405719519942,59.840197602417064,34.25226174803117,107.25859059122189,127.23978238558259,134.50839103226147,54.0,0.6432924468943839,44.791666666666664,21.20138888888889,11.022087191358025,5.299651567944251,0.010452961672473868,24.0,9.0,4.0,0.0,3.4722222222222223,0.0,75.0,9.0,54.0,77.0,34.72222222222222,24.841022299593245,1593.4130990336494,-0.10683526933437024,0.06926744872985063,12.74300932371178,-1.8247661479916562,-820685.1966208795,0.446096607268351,2.5493626444327395,37.0,44.791666666666664,0.0,0.9642688624934854,-0.00040019045609118655,15.5667603531811,0.08600407707297975,0.11537480268059774,15.563002035063434,1.3779121611075138,0.8262487082628793,0.5730787134455222,0.8376805477644267,0.5924356869807081,0.9664720613168338,0.66950198098836,0.7370322433595888,0.4660078188711393,0.7632464379692253,0.42811765096173005,0.5051485166164278,5.918810221384274,0.8422159485558126,0.3932450625298044,0.6598246486458159,0.48226840467258186,0.5494117668816333,0.47215165308034523,1.1297615645295758,0.2758115809618783,0.30651442826570624,0.3911066518789925,0.5314482877855932,0.4196556256433423,0.44929716963510424,0.5934753261507559,1.5324419629048989,0.5295415809799631,1.6188958323982212,12.945172770997985,1521.0,167.57749807098764,0.10226771456705731,1.7106958668324554,0.025850905425813277,1.3580003283529536,1.0433258973541248,0.7714098941834138,0.5446831247063312,0.359011621764288,0.21283265986587688,6.554364282451356,16.363075230970402,5.1961989477349055,14.604105524836317,12.785757469369864,10.929995323982006,9.169756499509653,7.74099333845572,7.051984757217702,2.1189433338770973,6.5535663925553775,16.273406240415664,5.196134643668311,14.540829869328224,12.743118344324417,10.902739314384457,9.153565128077677,7.732663740358429,7.048772323952962,42.949232461631304,264.82375066559945,26.99981523513001,211.43573328874788,162.38706513745745,118.86972455742443,83.78775455395969,59.794088521454015,49.68519127492524,16.0,5
206885.0,66.00500000000001,34.0,72085.36585365853,1.646352079657781,57.0,230.0,6.0,36.0,0.003472222222222222,0.006944444444444444,0.010416666666666666,0.013888888888888888,0.017361111111111112,0.020833333333333332,0.024305555555555556,0.027777777777777776,0.03125,0.034722222222222224,0.6635155081398444,0.3472222222222222,2.7,0.040124319153533775,23.0,-1.0825057905555702,0.558671097540269,0.9522802959015905,0.7425887686862853,0.9522802959015905,0.7425887686862853,0.8974824903802411,0.763921811582883,0.6850623002835263,0.7484462782358077,0.6850623002835264,0.763921811582883,0.8974824903802411,-43.02851250391989,-51.672609068467345,132.8265303459249,97.19433907226025,29.104075228959097,7.225055494492286,21.775287600882084,32.8727942765098,16.23221870497583,74.81260049942472,81.89883800881721,137.2443597854722,54.0,0.6254259633966563,43.75,22.947916666666668,11.816623263888888,5.578397212543554,0.024390243902439025,25.0,11.0,4.0,0.0,3.4722222222222223,0.0,88.0,7.0,54.0,85.0,36.45833333333333,26.80206511529372,1664.5552380327044,-0.13521437071997264,0.07165940264197504,12.768754202968392,-1.968220282687201,-840180.2813133321,0.4022401452983839,2.375760302453129,46.0,43.75,0.0,0.8991204312917949,-0.0003993498863915093,15.550903599496788,0.07653388855253584,0.3033438116442655,21.195121797871487,0.8516665394826601,0.4980731669807389,0.5456123172766867,0.6678232811911384,0.2768504812489144,0.9195415037323776,0.7579874115177327,0.7365966820289915,0.7506124698399965,0.41621182738854634,0.9568073514897121,1.0532528041157838,3.832242871186743,0.7280165816652548,0.3597551916539946,1.0104612738019147,0.7704727297267973,0.5175924999553868,0.3429627963446064,0.976260945164196,0.5040732727162609,0.34309730559876084,0.5805218962026248,0.243043829530256,0.5793208404971839,0.34758850362229915,0.15595078731182946,0.5710826165924494,1.5898256908165507,1.4929047940767637,13.847159098680372,1601.0,191.74381510416663,0.13975665708888518,1.5505014732626385,0.04573957250076705,1.2875089066139596,1.0501180421494598,0.833540951953298,0.6330673228832101,0.44293997500149956,0.2704318560330031,6.113956237038747,14.074023426133982,5.32180348902554,12.204069802886973,10.601405630852872,9.308205076284917,8.387092449485957,7.817269907727213,7.217966264637357,2.1433645381863653,6.112358705542758,13.988355177817672,5.321606925291632,12.135964756422434,10.549267910496498,9.270808552849804,8.363165998646794,7.8047109484466555,7.2128984194071055,37.36092894522434,195.67408058077848,28.31950026731186,147.28164056912743,111.28705344743116,85.94789122359309,69.94254552092183,60.91351298880309,52.02590360868552,12.0,5
171416.0,59.42,32.0,59726.829268292684,1.6148581229290146,57.0,230.0,5.0,33.0,0.003472222222222222,0.006944444444444444,0.010416666666666666,0.013888888888888888,0.017361111111111112,0.020833333333333332,0.024305555555555556,0.027777777777777776,0.03125,0.034722222222222224,0.6494973873143083,0.3472222222222222,2.65,0.041656085879999964,23.0,-1.1362987482542868,0.5673602916336951,0.8404213588375156,0.9475905441361947,0.8404213588375155,0.9475905441361948,0.8290777100327782,0.7467471943730224,0.721587318147988,0.7099462945865268,0.7215873181479882,0.7467471943730224,0.8290777100327782,-49.46954725546443,-22.884769733481463,126.56558279334688,76.22535164205972,-4.142496836043642,-5.203377873954085,29.710798514218105,21.40108988228761,32.31217795434802,63.08526310600372,107.09493112576884,197.55863944538325,53.0,0.7507450472224191,45.138888888888886,20.65277777777778,11.165991512345677,5.066202090592334,0.020905923344947737,22.0,11.0,4.0,0.0,2.4305555555555554,0.0,89.0,7.0,53.0,86.0,38.19444444444444,24.396607232245316,1521.3564733156045,-0.07933391849950192,0.059030498856644534,12.972792565982022,-1.9258662724797868,-752200.5649768142,0.3844606205354506,2.3632802211323676,49.0,45.138888888888886,0.0,0.9228629898481439,-0.0003926880386581591,16.14070475998287,0.05796113773573375,0.239251279533226,21.506198297455192,0.4166912622287359,0.5376870081790166,0.35295641488567286,0.44321635403081344,0.4228358358190317,0.4018314270897978,0.9676692892181512,0.351705808622102,0.18345139837608343,0.19994306439259196,0.6182209969488893,0.5169259754157217,3.6455438790851993,0.46358694949721607,0.42226167586240404,0.28479102057923134,0.7908030248732695,0.32486354094313524,0.9612487270737866,0.5411589960935212,0.35847765950855226,0.4895909342925237,0.4022842067700558,0.7319344378155216,0.3412072241537036,0.44265392407684434,0.22568965985595954,0.75433151708487,1.3225129564848794,0.796056968047008,12.986809250396066,1454.0,168.65721450617283,0.11415778892772065,1.229405341967264,0.024028548619615446,1.0207226197485675,0.8378431228373314,0.6761226372202659,0.5291602092864586,0.38659706684382766,0.24495705851502006,5.338720384138224,14.711151616334424,4.2467431672523945,12.484621979310429,10.44499243456316,8.668089253457579,7.31977021847766,6.557167041241641,6.192087201370259,2.1207760158291444,5.337499727329279,14.659691142173537,4.246675188598267,12.442825695950845,10.411334489852674,8.64167978377729,7.300618160417678,6.545760636828497,6.187240091418551,28.48890333924012,214.90654438392127,18.034250157456132,154.82391129981463,108.39588585959584,74.6786294853451,53.299025524220404,42.84698231465341,38.281939948857044,10.0,5
201025.4,64.395,33.0,70043.69337979093,1.5795382076095859,57.0,230.0,6.0,34.0,0.003472222222222222,0.006944444444444444,0.010416666666666666,0.013888888888888888,0.017361111111111112,0.020833333333333332,0.024305555555555556,0.027777777777777776,0.03125,0.034722222222222224,0.668364345406886,0.3472222222222222,33.0,0.03886408123210721,25.0,-0.8458028288367689,0.48106081490842617,0.9385350408749177,0.8571240608006787,0.9385350408749176,0.8571240608006787,0.7918033629860265,0.7437296790934793,0.7331880279740274,0.7481652477732879,0.7331880279740274,0.7437296790934793,0.7918033629860265,-40.24974207962861,-21.49883505880365,101.85707800388722,22.975479998787023,22.83597963463188,34.091968196271054,64.94554716210678,31.57727308230508,7.668850091623183,-1.8205528106582363,7.48951746326482,137.85282893216933,60.0,0.814328437838828,43.40277777777778,22.37847222222222,12.022231867283951,4.623693379790941,-0.017421602787456445,24.0,11.0,3.0,0.0,1.7361111111111112,0.0,82.0,6.0,60.0,79.0,29.86111111111111,26.419781624970163,1398.3611851975024,0.08864267451827736,0.05529525296488754,11.474002566376125,-2.046975619582051,-875678.4303762112,0.36433426136889013,2.7765615039420353,49.0,43.40277777777778,0.0,1.1007439718804104,-0.0004416234967463784,15.266459852606612,0.057855311180215585,0.3615027804579946,23.871921621782388,0.24993427270375013,0.22990636550024499,0.18578437152155594,0.6117634477445295,0.4113536936986302,0.6887142882412755,0.6871170738217846,0.2549597337333046,0.3618521450742784,0.4235304739041011,0.32894869418680744,0.7844473664765246,7.5955529000945985,0.5848196635132515,0.152293239424882,0.4446545959539545,0.667395253239776,0.22417755410685744,0.5438164780197134,1.9627952842716532,0.36141683474892733,0.5042334665328593,0.2740003767910539,0.27279788693095586,0.2687499025259803,0.42850120910683803,0.14319842977402986,0.8499151538457775,1.1561107984398933,0.9351792208665228,14.04310656907294,1327.0,197.20884211033956,0.110626053906634,1.2855794207792175,0.03334549848676819,1.057989558296256,0.8509220757030509,0.6623282945830398,0.4937585214364696,0.3452326845585321,0.21705417261960858,5.182301300291914,16.522421735685054,4.272939067497437,15.196774274564543,13.999394949870366,12.664328892328992,11.006009087529126,9.070377758508789,7.088316696279573,2.1197440929813234,5.181120404237322,16.472331515748067,4.272808953402497,15.15990126770629,13.973510317151419,12.646997569513232,10.994927855938053,9.063805330851023,7.08499266569163,26.844008643204305,271.337705564707,18.256896352276538,229.8226064466028,195.25899058353713,159.9465475232736,120.88843855728257,82.15256707556344,50.197121072904196,6.0,5
226095.0,71.09,31.0,78778.7456445993,1.761380923947898,57.0,230.0,11.0,36.0,0.003472222222222222,0.006944444444444444,0.010416666666666666,0.013888888888888888,0.017361111111111112,0.020833333333333332,0.024305555555555556,0.027777777777777776,0.03125,0.034722222222222224,0.6624136820167781,0.3472222222222222,25.65,0.04727430183249492,20.0,-0.7863312478221136,0.41257243133363525,0.6671991017721869,0.7077122896252215,0.6671991017721869,0.7077122896252215,0.7249846176866562,0.6880275508412297,0.7576322910114943,0.8169468145475577,0.7576322910114943,0.6880275508412297,0.7249846176866562,-52.87292618387917,-15.43662286489799,41.96324641575655,55.57365010427669,-7.554916098711847,8.247990632792884,29.15271090535904,108.75111584933167,116.95608666086851,124.93309024512435,87.04202525022238,11.407532228793533,57.0,0.5026106805653753,45.48611111111111,24.71875,10.946397569444445,6.585365853658536,0.006968641114982578,27.0,9.0,5.0,0.0,3.125,0.0,89.0,6.0,57.0,90.0,45.83333333333333,28.018780903767627,1946.9455254629959,-0.22646148819074133,0.09135666461706636,13.371645047907254,-1.9785723698692714,-866385.1734910749,0.5157676647722075,2.2678608060776977,49.0,45.48611111111111,0.0,0.8845225378810156,-0.00037966551454352894,16.324418157854314,0.17343659421565805,0.2744650832396069,23.21350821458323,1.0356398800430209,1.1135045998489626,0.8614354163968739,0.9464148169699834,0.32567427226928214,0.4917998773056181,0.7252543586616763,0.4447347987427236,0.5777375002912949,0.48846858486422945,0.8707707644399868,0.3106972400358648,4.542023419030383,0.6588107024163998,0.8144484766007395,1.1740827314383138,0.42676971250843393,0.8610405011170699,0.7609891228998686,0.4825878716132078,0.8820525294352937,0.5131341578633951,0.7701055032470558,0.9062800486587885,1.5561025178012806,0.6854132960057837,0.1585418104315724,1.5197036452104937,0.5523984773629482,0.5643328808355499,13.192250822768393,1890.0,174.03548177083334,0.21965399442793906,3.7018181476448624,0.06152483460554275,3.028733998216622,2.389418449647785,1.7983384667514875,1.2751120524193666,0.8306849288280256,0.4742200043372347,6.101677317007748,22.92105791404714,5.132635297689112,19.93884459970024,16.817877489154586,13.65873777588986,10.704008133530714,8.20596831053994,6.510791512432994,2.086071112821951,6.097722378365444,22.6201555764073,5.132266535733599,19.707467983965927,16.64727253073894,13.539833691353914,10.62778807544009,8.163815190375374,6.493498402699111,37.182218203618724,511.67143830087025,26.340159793810958,388.38429433904207,277.13168271269535,183.32709638952258,112.94987937646657,66.64787846260371,42.16552150585591,4.0,6
224489.55555977777,69.22500000000001,37.0,78219.35733790166,1.6929457148666098,57.0,230.0,7.0,37.0,0.003472222222222222,0.006944444444444444,0.010416666666666666,0.013888888888888888,0.017361111111111112,0.020833333333333332,0.024305555555555556,0.027777777777777776,0.03125,0.034722222222222224,0.6636473741695892,0.3472222222222222,37.5,0.03174982827067804,26.0,-1.2187217702126891,0.5317732964314281,0.747962462568725,0.8022192528900469,0.747962462568725,0.8022192528900469,0.7968429603020202,0.9303482059484948,0.8080471009248698,0.7919619332106113,0.80804710092487,0.9303482059484948,0.7968429603020202,-51.807046390029214,-41.863509734505406,-25.93369551637837,164.88289486347864,0.7565025629098462,48.80658320777596,81.50421559807752,48.568619559853246,57.87873432554389,117.1357878441749,73.87953322658177,64.87861258455652,50.0,0.7766240640700851,44.44444444444444,24.069444444444443,12.329764662808644,5.2787456445993035,0.003484320557491289,27.0,11.0,4.0,0.0,1.3888888888888888,0.0,85.0,8.0,50.0,88.0,37.84722222222222,27.919126481167897,1569.715466852604,-0.24471776510167212,0.08288958816446236,11.914423639604191,-2.3229903372587164,-839351.1836667054,0.3267224889596499,2.595748107966033,45.0,44.44444444444444,0.0,1.033231491235836,-0.0004272437591074912,15.803999342847622,0.04998989098676132,0.18306058906930942,24.40625602650373,0.2496155378848349,0.14382429827672466,0.621514318756263,0.5982078204263865,0.4344690388890141,0.09602894730047315,0.8622115075557005,0.8212309634438351,0.8527728228851952,0.2868331492436421,0.758698566371388,0.27414205078027176,4.764605312661523,0.32054415478748455,0.3693864183588929,0.515184637571159,0.6530043010075166,0.30912338009228024,0.336614959141645,0.9928666948374694,0.6030319788359269,0.6818716739316215,0.22689830715201223,0.19777945860760576,0.4403179777728778,0.5179543481110117,0.292435945252733,0.31617291023462457,0.26321923491090027,0.8817090669511305,14.147065688942464,1515.0,200.1394676072531,0.14723400472695078,1.5230991271041654,0.05710240912790981,1.2366596179734695,0.9842641954255055,0.7635971010230058,0.573549204362508,0.4095161167703605,0.26730305672488375,4.534980151618991,13.694882966217245,4.580449227123445,12.039153019348188,10.626426334379667,9.37924096105168,8.100873235092877,6.657596625657297,5.310189922125925,2.1273081829521012,4.532589450130055,13.60992242841236,4.580093278212525,11.9754698618699,10.580744805239425,9.348105715746849,8.080543823358628,6.644989795332176,5.303457936564905,20.54436712343027,185.2299885074018,20.977254437127556,143.4118784125543,111.95216063360108,87.3870804727789,65.29518848121927,44.15588938006876,28.126666084913275,4.0,6
235413.0,71.655,36.0,82025.43554006968,1.7549648065315,57.0,230.0,7.0,38.0,0.003472222222222222,0.006944444444444444,0.010416666666666666,0.013888888888888888,0.017361111111111112,0.020833333333333332,0.024305555555555556,0.027777777777777776,0.03125,0.034722222222222224,0.6573536227598602,0.3472222222222222,38.25,0.03785418998476506,24.25,-1.1418329937332161,0.491985771232895,0.9165818879576727,0.8145687556048173,0.9165818879576727,0.8145687556048173,0.6859182583206468,0.7883787162891147,0.7593973348091182,0.8006337647195247,0.7593973348091182,0.7883787162891147,0.6859182583206468,-41.96849282352139,-40.68852092846329,88.1107763812649,59.45411202216579,-14.154993242855165,-15.507743224071524,-2.2559389232401905,53.58985957939934,111.59881621391091,137.2003321019781,40.10667477582228,190.47204676619953,51.0,0.617965781809478,44.44444444444444,24.913194444444443,12.063536844135804,5.369337979094077,0.024390243902439025,28.0,11.0,4.0,0.0,2.4305555555555554,0.0,72.0,9.0,51.0,73.0,38.888888888888886,28.59031741691582,1608.2861164975338,-0.31170650778541703,0.09959073299334083,12.033844877187137,-2.094749722342271,-928024.9974294382,0.41844226398106915,2.6642059720399547,49.0,44.44444444444444,0.0,1.034301782281056,-0.00042334465852093795,15.390504090594893,0.09376072287024895,0.3206472171218318,19.765550035573735,1.0718896940359754,0.38227456552066136,0.9893486090181212,0.9662811525169802,0.6239537151769843,0.4025384030904525,0.6212886771244895,0.40599135637001094,0.424759942252903,0.4375540226145379,0.8627301110994929,0.9292719463676832,2.535520210967494,0.25476121177291183,0.8439953875758613,0.5046305609001639,0.32262251678424275,0.8482368042425014,0.5029725454687389,0.37767661682569403,0.4022571407873466,0.46771571494938424,0.41679414568308887,0.36831044310540345,0.47884628023350545,0.4105988463067608,0.40016965088567014,0.6596807698083714,0.5304104606798116,0.41049942590665245,14.026367761231075,1541.0,196.73899257330245,0.1812948976383256,2.6902995284375404,0.046092393438917835,2.2661189617772206,1.8629230844137075,1.480383821237833,1.1179726754172323,0.7671437833947982,0.4355074525720839,6.463612020380025,17.821558714489555,5.120061165882918,15.330018245403542,12.850359736781996,10.527947527146289,8.61395940905301,7.318199649242039,6.713255455095431,2.09693778141754,6.461068991280889,17.617327931933588,5.119853692601911,15.1616016388599,12.714608249815106,10.42334604990945,8.541102610192278,7.277879946918952,6.699114274598003,41.74541251009145,310.3702434612873,26.21290183364942,229.87416425547917,161.66126294626636,108.64614287616293,72.95043379783334,52.967536521765005,44.878132064122724,4.0,6
229252.0,70.19500000000001,38.0,79878.7456445993,1.6524267181965697,57.0,230.0,6.0,38.0,0.003472222222222222,0.006944444444444444,0.010416666666666666,0.013888888888888888,0.017361111111111112,0.020833333333333332,0.024305555555555556,0.027777777777777776,0.03125,0.034722222222222224,0.6593316088307094,0.3472222222222222,37.5,0.027789799578737243,25.0,-1.234704328750968,0.5596301076056236,0.8548651353538826,0.6948643928220842,0.8548651353538826,0.6948643928220842,0.7225213323181157,0.8025624366984685,0.959889428119384,0.8896311816931918,0.9598894281193842,0.8025624366984685,0.7225213323181158,-50.95745987950137,-46.46751906866555,79.50883131040091,52.69495990541567,-9.19738989318689,-2.952921160312861,70.51585979825524,106.9921118842837,160.8644433678673,120.07142970941123,15.018806440565749,83.47803942402707,50.0,0.8633594453483938,43.75,24.40277777777778,12.355227623456791,5.355400696864112,0.024390243902439025,27.0,11.0,4.0,0.0,1.7361111111111112,0.0,89.0,8.0,50.0,89.0,34.375,28.21371809756539,1597.2799630630484,-0.2741004309599226,0.07685950994458042,12.015927914491167,-2.2566609567582288,-862368.8924465869,0.33825517736716393,2.5104690899961155,43.0,43.75,0.0,0.981191993527553,-0.00042392964692979275,15.440805770367788,0.048526680167109926,0.1887693061440274,19.188823804356318,0.3852127356267812,0.5216518883755003,1.263427747006327,0.761663139512828,0.5076581707787294,0.5080434657089266,0.47188044933211737,0.1803978420622942,0.8458728704267321,0.44893674051273436,1.064457208632176,0.411190320731567,5.816571922020039,0.317107550384956,0.6564724884365291,0.5310472272860932,0.47538619819179784,0.4946052356109426,0.6392606060644124,0.7919019464534669,0.713052623680098,0.5429535901608192,0.503905347432723,0.4256434230672096,0.34040870040064874,0.3647483360199669,0.15249730453759403,0.4754622738465171,0.3766304826704875,0.5649087040290777,14.160449343763212,1537.0,200.51832561728395,0.15939972356371854,1.6310460738049815,0.05224097535456137,1.3419407197713236,1.079707553517152,0.8429708468799677,0.6329331520768756,0.44734383769426395,0.286903536986449,5.2313067981465124,14.209705007986539,4.852558788724559,12.924205961138588,11.541341288324574,9.948280477960433,8.183903326293695,6.419692638755121,5.117953738920881,2.1216432083396444,5.22887775191405,14.115785671337004,4.852277576409037,12.854349257373936,11.490726275238806,9.912501430995063,8.159391477256317,6.404087528052973,5.1099057559018535,27.341162544461724,199.25540511912308,23.544597678521956,165.23429483054986,132.0367903324635,98.25768461947915,66.57566927912303,41.012337066963646,26.11113683419889,4.0,6
195955.0,65.75999999999999,39.0,68277.00348432055,1.7900813962389326,57.0,230.0,7.0,34.0,0.003472222222222222,0.006944444444444444,0.010416666666666666,0.013888888888888888,0.017361111111111112,0.020833333333333332,0.024305555555555556,0.027777777777777776,0.03125,0.034722222222222224,0.6358107503470838,0.3472222222222222,28.6,0.04232953069442504,20.5,-0.9187050540725799,0.46903790017804387,0.9539110958721753,0.8152016235099824,0.9539110958721753,0.8152016235099824,0.7970943278856504,0.7486938935430962,0.5588950787866056,0.7149058170196947,0.5588950787866055,0.7486938935430962,0.7970943278856503,-39.09783688858936,-15.210888524707093,125.22026834269832,105.08182542117994,41.27669026517773,-27.434737945934174,3.07229011280152,24.567359170023785,4.017275626081765,124.79697552793913,4.435688580432533,47.958472617746935,52.0,0.49485952569573965,44.09722222222222,22.864583333333332,10.494502314814817,5.372822299651568,0.013937282229965157,26.0,8.0,4.0,0.0,3.4722222222222223,0.0,82.0,11.0,52.0,82.0,42.36111111111111,26.08446483168776,1611.6272248494831,-0.3853150498674992,0.09769786680812928,12.335355460164944,-2.0182257563040946,-857104.5153668358,0.47045943345477886,2.551891860671684,50.0,44.09722222222222,0.0,0.9999799585960669,-0.00041350034510788836,15.504489734798526,0.13110998737443091,0.32653654731284065,10.889414240823745,0.6759370752326289,0.25896895736553305,0.707874386060477,0.3474993514015694,0.5563806607860482,0.24458784538690503,0.549042446769842,0.24012254518476733,0.765392067372074,0.3939409123855666,0.3817010409047172,0.43240517040192106,3.651557668961754,0.5431121603016028,0.39116078414328737,0.5837570209279069,0.6722394698848952,1.1344736243700528,0.41906770838445934,1.064548478830192,0.34920482456405477,0.4588238100416106,0.3608594104410758,0.19333853380636093,0.4803147583777796,0.274102930185481,0.6011835227504544,1.7362574168132892,0.8284321446073253,1.2518790600097713,12.554287496652732,1542.0,157.61013454861111,0.21176180509294193,2.909576983927486,0.06336886706779551,2.4556659322944134,2.021750364348394,1.6067135769481562,1.209354405276871,0.8252990663025187,0.4735267500328118,6.397202227825059,17.097264204100846,4.545684909510049,15.091443893876352,13.179010085036888,11.564769264899748,10.412624368777383,9.512633917061141,8.286044335315408,2.1328269287738917,6.393696370769704,16.84787241877821,4.545243192969319,14.890311737199676,13.02301164423042,11.452613659423788,10.342156843120007,9.476765560632074,8.272502834319003,40.87935328159368,283.85080503942754,20.65923568323393,221.72138363098645,169.59883228576112,131.16235963202033,106.96020816769399,89.80908549118216,68.43430314381592,6.0,6
241689.0,72.58000000000001,40.0,84212.19512195121,1.788143192284299,57.0,230.0,6.0,37.0,0.003472222222222222,0.006944444444444444,0.010416666666666666,0.013888888888888888,0.017361111111111112,0.020833333333333332,0.024305555555555556,0.027777777777777776,0.03125,0.034722222222222224,0.6419786065761034,0.3472222222222222,31.9,0.034794497246855176,22.0,-0.8795029527717362,0.5199116049361776,1.060404399488701,0.8395626548835541,1.060404399488701,0.8395626548835541,0.7481359296355611,0.7110771872827014,0.6408978590474601,0.4717936753598433,0.6408978590474599,0.7110771872827014,0.7481359296355611,-37.04326073516553,-40.84460139486582,53.58938213949149,85.11283616844976,-0.8101682680243689,25.864915364168752,32.64439620727155,3.160386052527603,70.65732340577173,76.92279652949226,73.41131421874238,116.40189327014649,58.0,0.7089637423747324,43.05555555555556,25.302083333333332,11.778718171296298,5.2264808362369335,0.13937282229965156,29.0,8.0,4.0,0.0,3.819444444444444,0.0,77.0,9.0,58.0,83.0,35.416666666666664,28.96891293553603,1564.3177144863735,-0.4116838597018701,0.11038680177953536,11.77665147459133,-2.0090936907453165,-991863.8204725343,0.45650486504885956,2.839351964944008,49.0,43.05555555555556,0.0,1.0809232319242115,-0.00043174201704121283,14.838682013152493,0.11664997813533062,0.1778825049858282,15.952607128104166,0.5655728413111831,0.4554469795705701,0.7867854438354384,0.6324519568073985,0.6011081204119978,0.5692445656063988,0.9271979064694218,0.5328108487911367,1.1000415082430852,0.5459289197607979,0.6612915643849993,0.9004467268498724,1.3931847309976255,0.40340756074345324,0.3928993722852673,0.6957592230284236,0.4317352594043685,0.3638197754151139,0.5207981256758197,0.7626512207983674,0.610510927717973,0.602862889428532,0.41346517766858365,0.21538029553104562,0.4456822795454669,0.3508640742383077,0.26429479454120763,0.3648506223416785,0.9310016777520221,0.9018740576379465,14.106824435702112,1500.0,199.00249565972223,0.4607959513021155,2.8411267148171153,0.15891905116399094,2.4277062169519104,2.039768134911606,1.6781452409514823,1.3469026874278878,1.044687929633918,0.7595556019805191,7.890825872549173,15.498705778503266,5.443110467364453,13.747707552209482,12.361850502786458,11.388772361176565,10.747826276392262,10.279922072833472,9.590614183648901,2.154284502588875,7.87735996652146,15.23607166558897,5.4407900432850385,13.531655680856305,12.19240311870638,11.264455798882214,10.663096305394015,10.226701567622182,9.56048930270347,62.052800042154985,232.13787979896304,29.60219629510961,183.1057054652507,148.65469380904105,126.88796444497113,113.7016228181075,104.585424953206,91.40295570710747,6.0,6
180420.0,62.18499999999999,38.0,62864.11149825784,1.6714924066068064,57.0,230.0,7.0,32.0,0.003472222222222222,0.006944444444444444,0.010416666666666666,0.013888888888888888,0.017361111111111112,0.020833333333333332,0.024305555555555556,0.027777777777777776,0.03125,0.034722222222222224,0.6594946239204311,0.3472222222222222,22.05,0.024032338951823,21.0,-0.9359421864699735,0.4557274996379022,0.7975699407887062,0.8527952933343054,0.7975699407887062,0.8527952933343054,0.6513679130315893,0.78680715612331,0.6010340941174424,0.8373630085301367,0.6010340941174422,0.78680715612331,0.6513679130315893,-41.05163273350541,-14.290077666832255,-12.387112667181778,87.3149402115312,-3.454775233037332,55.0350561663002,34.567062657252954,84.33056145945552,35.70172715603042,57.73407278230782,15.748499089259928,60.06521532198297,49.0,0.8770505592695094,46.18055555555556,21.631944444444443,10.512393904320987,5.062717770034843,-0.017421602787456445,23.0,9.0,4.0,0.0,3.125,0.0,79.0,7.0,49.0,77.0,40.97222222222222,25.029149672598415,1523.6345736773599,-0.029404130131215653,0.06981250175823557,12.42199901140227,-2.016909832910541,-802049.322228163,0.40956164175794135,2.6212008532794706,40.0,46.18055555555556,0.0,1.0288750632556696,-0.00041067143520636534,15.85060187182158,0.07967723331696419,0.11602300953314995,14.59918652651437,0.5599861028570534,0.5096815581877759,0.7877004581400814,0.3729895391596181,0.5050656328522726,0.6254597694681825,0.3971522770770279,0.6829758192250905,0.290180278333536,0.2985350948999176,0.6893618126431882,0.4076985298485961,5.854699493339329,0.34249757777915946,0.3701801751796562,0.609310540473575,0.31036966050394243,0.23753227592727094,0.30211242821228673,3.6540491907589874,0.4939084031876536,0.29565278166724734,0.31716445124439835,0.29611596898877995,0.5979277220373463,1.0072434853233294,0.30382284687875677,0.6388882453293053,0.9038993814773535,0.5442815198779811,12.590365875771937,1453.0,158.51731288580245,0.1537349974352676,1.9055684717016323,0.05227456898983,1.5747736276309416,1.2658448123231472,0.9803859841449696,0.7219063071937197,0.4917081327248998,0.2974560612922242,5.475748993699169,17.5710358000973,4.360133581419427,16.790283623056602,15.647936239368324,14.029341803557555,11.946467710354383,9.569528845944804,7.227704838466959,2.0986460389424795,5.473590466280887,17.467401291776564,4.359820204694034,16.716270880923197,15.596651738833277,13.99504465027317,11.924635928957068,9.556887853563097,7.221581345079428,29.960192592561025,305.1101078879576,19.00803221725833,279.43371216440084,243.2555454624511,195.8612747631397,142.1969420381738,91.33410544558186,52.1512371235992,6.0,6
213400.94444888888,66.845,28.0,74355.72977313201,1.802379680700291,57.0,230.0,6.0,36.0,0.003472222222222222,0.006944444444444444,0.010416666666666666,0.013888888888888888,0.017361111111111112,0.020833333333333332,0.024305555555555556,0.027777777777777776,0.03125,0.034722222222222224,0.6828486032075979,0.3472222222222222,2.95,0.06244687142657167,23.04166675,-0.9095895357764232,0.3718925478564746,0.7373054778277934,0.8827433975442167,0.7373054778277934,0.8827433975442167,0.5748475282917299,0.7418825118095778,0.6300993746310675,0.6380443247293253,0.6300993746310676,0.7418825118095778,0.5748475282917299,-41.65590089516225,-2.111620867260311,3.9400484537546325,61.9842358584,-6.384788818607945,15.293071003309004,27.097064429009208,37.84195335227248,84.30318567024031,103.32861826907374,-17.368580126819218,112.41988773105403,59.0,0.4010610899229212,44.791666666666664,23.24652777777778,12.059317129629628,5.418118466898955,-0.0034843205574912398,26.0,10.0,4.0,-0.8333329999999997,2.4305555555555554,0.0,88.0,6.0,59.0,90.0,42.36111111111111,27.22086518754762,1618.031512046899,-0.04685863548893164,0.10132318111283253,11.889725235032408,-1.8571519808252452,-950511.7347101106,0.49791569338363223,2.7472566544409864,47.0,44.791666666666664,0.0,1.1078679518692356,-0.00042805016143342476,15.733934281120806,0.15451430017442191,0.3410792289802692,24.86948885940334,0.8343719894672933,1.6229841453269078,0.19291616012898022,1.0942241182932126,0.2878558769829018,0.5815918684879119,0.12626773826498364,0.42767843416523055,0.5859109932673683,0.3939843644638162,0.504713396609788,0.543628106996009,9.772653939297967,0.462142218666392,0.33820135165758425,0.2515349801033978,0.4228504528634227,0.8179568050587642,0.4514133150390259,2.7597124795057844,0.6261931050255313,0.4995271692094681,0.7041288774154285,0.2441295520158376,0.6783270284095694,1.1459746449695432,0.20800664223087756,0.9887112200138102,0.6207705193448959,0.7269034367350645,14.162430858989149,1555.0,200.57444783564813,0.18175762433713594,2.963786734846458,0.06871398654744514,2.354130074718896,1.7936781668349013,1.2974420376058786,0.8839191234356892,0.5644685123216565,0.33878221056129537,6.478992056852984,27.82329826378931,4.538023005920613,24.94852259079313,21.60281295728026,17.858976770844194,14.021841870116045,10.545223624830236,7.997817796472289,2.066922926139236,6.476442097228954,27.664994026135798,4.537502748243522,24.83720698980904,21.52821976618261,17.811785296836632,13.993953566228672,10.530105250959037,7.990639281019765,41.94430223875938,765.3518944661295,20.588931190317517,616.886851054619,463.46424630105565,317.25969546060566,195.83073641376416,110.8831165962751,63.85031611937606,6.0,6
179600.0,62.04,38.0,62578.397212543554,1.779732182628062,6.0,6.0,6.0,6.0,0.003472222222222222,0.006944444444444444,0.010416666666666666,0.013888888888888888,0.017361111111111112,0.020833333333333332,0.024305555555555556,0.027777777777777776,0.03125,0.034722222222222224,0.6523809683141752,0.3472222222222222,2.9,0.03536697122855271,19.0,-0.6133829034831337,0.4429021806777982,0.8869829785021066,0.767227183858989,0.8869829785021066,0.767227183858989,0.5950937907010458,0.6838711155656975,0.6873357594269214,0.6966938094786795,0.6873357594269214,0.6838711155656975,0.595093790701046,-36.29196025564832,-28.471720115455657,57.328765014176156,131.96845833611778,-24.419688995924368,-1.5672975775188258,57.070035167006395,48.66385793416,47.05196787096203,85.6714566289838,21.708003614940242,95.69736568626983,58.0,0.7707474178392639,45.138888888888886,21.5625,10.48611111111111,5.867595818815331,0.0,23.5,8.5,5.0,0.0,4.861111111111111,0.0,81.0,8.0,58.0,80.0,41.31944444444444,24.972206772952827,1743.2058411652638,-0.004000463713716139,0.08575015372002465,13.079930438465825,-1.7536452518223546,-840439.3394232024,0.5152228035164422,2.4824889900197475,45.0,45.138888888888886,0.0,0.9329259623649526,-0.00038918998965198034,15.588667285808295,0.13162208690372068,0.1076640627479473,13.931926575058307,0.9560171396828544,1.7749322698868706,0.8787550239147649,0.7816468916759258,1.1803967816425396,1.0117325699125377,0.4368626501868979,0.6621694181375601,0.6335101386881499,1.1929315337764128,0.5630033335999682,0.13614756924130456,4.293386619441707,0.6909358543881299,0.2788822836316457,0.5656968907979906,0.6234054052485275,0.3720394568318146,1.1141003684438495,0.6858450017882226,0.33326462150673497,0.6590639297748497,0.3226150506105826,0.415072531949383,0.41740738243717634,0.856341017667256,0.19813003588008127,2.45178311043896,1.3230337541205528,0.829058144154288,12.596416349942992,1684.0,158.66970486111111,0.15556062610078797,2.8554887065163292,0.04718446099157078,2.2972550580507662,1.7596293198854691,1.263056994039206,0.8403629609348673,0.5187593417069212,0.30150394919544216,7.161360707317223,20.19725327509952,5.475076877623503,18.081158621831516,15.714262632479453,13.258269562665301,11.057191250672396,9.385574104124974,8.143753366311383,2.1318090664897675,7.1596709471814535,19.994379812974344,5.4748735549351695,17.934628970405058,15.615433222909298,13.197969496331844,11.025210585192239,9.371226707822894,8.1381702034258,51.26088807191417,399.775224105476,29.974240442528462,321.65091630609237,243.84175473913945,174.1863988261058,121.555268447835,87.8198900094131,66.22981425992752,6.0,6
182400.0,62.10000000000001,35.0,63554.006968641115,1.6781743969298246,57.0,230.0,6.0,33.0,0.003472222222222222,0.006944444444444444,0.010416666666666666,0.013888888888888888,0.017361111111111112,0.020833333333333332,0.024305555555555556,0.027777777777777776,0.03125,0.034722222222222224,0.6543695243071156,0.3472222222222222,2.55,0.02974041793240941,21.0,-1.0046531466288846,0.549025039252502,0.9693197142334233,0.7107835713048246,0.9693197142334233,0.7107835713048246,0.8431266297386866,0.6811762888942395,0.7125316238000964,0.9418951926263421,0.7125316238000965,0.6811762888942395,0.8431266297386866,-40.14123569436267,-28.000208282162433,171.94639806136846,122.32763384429784,7.227296305035293,-34.590770604223415,4.9947286528738,102.40993758572384,66.7233253792607,77.1107073869887,76.23200906447593,-45.85318415162656,51.0,0.7934707970526506,44.44444444444444,21.604166666666668,10.95529513888889,5.038327526132404,0.006968641114982578,23.0,10.0,4.0,0.0,2.4305555555555554,0.0,76.0,8.0,51.0,77.0,37.15277777777778,25.166114784235834,1512.5515990154809,-0.058978029655922096,0.07036860655309471,12.328875690904402,-2.0537982895926157,-794440.0675606253,0.37605020518617727,2.5482744790733345,43.0,44.44444444444444,0.0,0.9957422204349589,-0.0004137119094212038,15.647033258031588,0.05792016821946211,0.3152505201611089,17.552648964917037,0.4556172095349978,1.0754365678145184,1.1002769171498503,0.6630469951661577,0.9451083290607301,0.21436088193074831,0.22827369054536356,0.2712386526920497,0.28889753182746875,0.791229289539574,0.36231200838372335,0.3820581791206009,2.1422107902481327,0.36444233013007654,0.839896636160472,1.027200355216613,0.41310049572629587,0.4670846330969402,0.5545624636597737,1.2158489353241189,0.13075802907081718,0.5456559438677752,0.3783205914428084,0.42456322240253314,0.5929499527742104,0.10771701797768071,0.36262530463548226,1.5498752016067514,0.3484445671658815,0.9131397884782573,12.907103314540494,1446.0,166.59331597222223,0.17489201142087804,1.5496444798735762,0.06323810828227912,1.3082094287312032,1.0787948579485898,0.8597318292414412,0.6552478818500836,0.4706181163120075,0.3108525805088924,6.022191805399206,13.45297798968355,4.606251602647311,11.754669150628764,10.230041105494179,8.970300830673432,8.086751516519309,7.450690521185639,6.6761881724444105,2.1387885495544348,6.019651727912382,13.363428406547005,4.605817491884779,11.681645215093734,10.173000672100844,8.92900656145854,8.06016130752098,7.43581251989885,6.66894738223939,36.23620692535852,178.58121877690743,21.2135547685518,136.46083493132235,103.48994267456425,79.72715817456964,64.96620030325832,55.29130783108448,44.474859187077605,6.0,6
170690.0,60.31499999999999,33.0,59473.86759581881,1.6514518718144,57.0,230.0,5.0,32.0,0.003472222222222222,0.006944444444444444,0.010416666666666666,0.013888888888888888,0.017361111111111112,0.020833333333333332,0.024305555555555556,0.027777777777777776,0.03125,0.034722222222222224,0.6485133306739004,0.3472222222222222,2.25,0.038146095638079976,20.0,-1.0894201413983844,0.4806933411243664,0.6611795148068543,0.7919231537933494,0.6611795148068543,0.7919231537933494,0.890902068181998,0.734962563386271,0.7445974406891012,0.8992592310411136,0.7445974406891012,0.734962563386271,0.890902068181998,-53.24055367464779,-15.744671046649515,82.96189545525127,15.722580506816017,-1.0217206775251044,-12.48907528564808,31.465903535812718,106.70657660605896,101.0942463624341,106.84842244526092,164.8478890112397,-2.422875147246564,45.0,0.745801895593802,44.791666666666664,20.96527777777778,10.443528163580247,4.965156794425087,-0.010452961672473868,23.0,10.0,4.0,0.0,1.7361111111111112,0.0,84.0,12.0,45.0,86.0,36.45833333333333,24.344888808764583,1490.2195338558668,-0.1724117853055895,0.0662920117831925,12.372146065924497,-2.139692145227501,-746807.7994849972,0.37949140170521406,2.453121192913202,48.0,44.791666666666664,0.0,0.9915645734657271,-0.00041229913269877144,16.12915556097476,0.07071952740485754,0.28724243870921645,19.0183671587558,0.2811907037122073,0.8209441537726768,0.4030895535838324,0.40378677811340247,0.2581562966246678,0.4052891856015344,0.127365943383059,0.2749974324423994,0.11964921600951625,0.4136585575958501,0.3634776921076145,0.20244364404400178,3.972423347612088,0.27346240084896506,0.4117699666580041,0.6416037858953197,0.5766599031384405,0.3489317842485862,0.0872286324457978,0.5281093759456253,0.603955817454238,0.30634329830986884,0.4615538629015341,0.6851252630287885,0.3207129932040546,0.39971364872379056,0.4240124259313217,0.5431125738367037,0.0931221307639699,0.6284580671110576,12.374600551602802,1425.0,153.13073881172838,0.13128475679813867,1.4594319854811266,0.04618119699881773,1.2033959412154958,0.9725545128308529,0.7636871585567186,0.5757195927300275,0.4070121707418669,0.25791048202951095,4.587411055783183,15.79999855549629,3.714916768367621,13.98047091240683,12.156464955448776,10.24000323628434,8.233009239842097,6.2768662004346405,4.909529012126218,2.089387174099115,4.585532085522272,15.732450941714054,3.7146297114171003,13.928582309098063,12.117498831550451,10.211486091797282,8.212855051312674,6.263656311694216,4.902749973654414,21.02710450735423,247.51001263343946,13.798473892942688,194.00540514131956,146.83377793262656,104.27444820296932,67.45098809387211,39.233390391026795,24.036957304168354,8.0,6
211508.0,66.98,27.0,73696.16724738675,1.8600741815912398,57.0,230.0,6.0,35.0,0.003472222222222222,0.006944444444444444,0.010416666666666666,0.013888888888888888,0.017361111111111112,0.020833333333333332,0.024305555555555556,0.027777777777777776,0.03125,0.034722222222222224,0.6611087085434367,0.3472222222222222,3.2,0.07468970904830737,21.5,-0.6587594218446373,0.4029674463805003,0.8629982705544614,0.6391682449083478,0.8629982705544614,0.6391682449083478,0.8244055483464964,0.7419065089935235,0.6997050777579699,0.3925254969067838,0.6997050777579701,0.7419065089935235,0.8244055483464964,-39.126223193149556,-23.354820010138237,140.397922635272,-92.46328414400037,25.58404097454968,22.94979600397852,18.638639169787538,-46.12040805374434,95.43686739907454,121.43867887264034,106.79170987529788,56.71253001732078,64.0,0.3840496288014768,44.09722222222222,23.28472222222222,11.44748263888889,5.393728222996516,0.013937282229965157,24.5,9.5,4.0,0.0,2.083333333333333,0.0,84.0,9.0,64.0,84.0,41.666666666666664,27.099866748339885,1609.315656641603,-0.0158581239098687,0.11069750712336586,11.55783902822931,-1.922370185417191,-954979.0723721187,0.4953826156861538,2.7485074688822264,48.0,44.09722222222222,0.0,1.0893644635335065,-0.00043888623824694885,15.13953485602401,0.20537172967158857,0.3744764830800259,22.6997275855798,1.3357397502403967,0.9663496759990984,0.41942519089755936,0.24963969243854162,0.2834774665074861,0.443865497671617,0.5657133488797873,0.29921451164548596,0.827117803300235,0.9873534061172713,0.8621831924216787,0.7328038870402444,3.834333954503495,0.19805175215499266,0.18143963877757568,0.8915442263132223,0.296759109790258,0.8327531248592193,0.3574221715266798,2.0135449266577,0.4019963616380758,0.5590666766786192,0.41311798607615435,0.5872869229573332,0.4981173718369126,0.20810515807428956,0.10743902232737419,1.5714148593046555,1.4149748736458738,0.6612819058383896,13.864504636362902,1548.0,192.2244888117284,0.1934147992405929,3.618327204947917,0.049731734385131884,2.9893853325100355,2.372732787249518,1.7839406485654787,1.25084719276673,0.7952386103410001,0.43713196090297907,6.353162839710809,25.642148403741114,4.7946303411088,22.512376632462303,19.206651677479865,15.860346567177578,12.669360286643764,9.827961578834795,7.793086413435,2.0798043001525848,6.350218010691997,25.385576278615712,4.794372415913904,22.31301586463848,19.059528005182898,15.759700155566962,12.607460940773674,9.795735008036704,7.780816891305328,40.32526878331703,644.4274829974167,22.986006862476128,497.87067697560843,363.2656077803512,248.36814899337736,158.94807137313379,95.95642434767583,60.5411114960223,6.0,6
185053.0,63.08,51.0,64478.397212543554,1.83204708921228,57.0,230.0,8.0,32.0,0.003472222222222222,0.006944444444444444,0.010416666666666666,0.013888888888888888,0.017361111111111112,0.020833333333333332,0.024305555555555556,0.027777777777777776,0.03125,0.034722222222222224,0.6668597742152513,0.3472222222222222,31.35,0.008596186935147031,18.25,-0.40740876310443097,0.4905981521197582,0.8564522865272497,0.872151960008495,0.8564522865272497,0.872151960008495,0.6827563409628815,0.6355234780029775,0.8019725242659574,0.7980130388666345,0.8019725242659574,0.6355234780029775,0.6827563409628815,-41.236316045244415,-9.897631887346051,3.9904770129653317,84.34065345449079,-19.47400387641692,-2.1916805317707957,94.5852113953155,77.82013763009252,49.584262802389446,36.1662611615553,46.03690093478966,77.86700694661482,57.0,1.3328219139253867,45.138888888888886,21.961805555555557,10.470606674382715,5.184668989547038,0.006968641114982578,22.0,9.0,4.0,0.0,3.125,0.0,86.0,9.0,57.0,90.0,38.19444444444444,25.348474093895454,1551.067777090504,0.3413208701470956,0.09133958461433353,12.78173268346603,-2.199349771382935,-747590.0453711322,0.3177959169520444,2.4503823409527934,44.0,45.138888888888886,0.0,0.9579731088958086,-0.00039892613930979137,15.967926646087305,0.10161965298126441,0.10377991371055954,10.821275663121103,0.18924375132874424,0.6016812336341776,1.1485619190287017,0.5597029660923929,0.7245079139887217,0.35313799317169997,0.5655381207186081,0.4065055360407051,0.36791773859004046,0.46362699327193396,0.19447117295897323,0.3786103585596404,5.047217234642322,0.3396196495757904,0.415844168233359,0.19335442532098504,0.5394645971026362,0.483632329987086,0.5109201654717124,0.6413666827927168,0.6959846309256593,0.34998718471870766,0.4635159045948896,0.49900175422554816,0.42941773710081527,0.4807399735738128,0.15026844919748844,1.1770289556522389,0.8177494339718937,0.4539940675276418,12.657971228789313,1488.0,160.22423562885803,0.2513393990972528,2.4037689830467652,0.08051788959084177,1.9966098644719037,1.6266546266266446,1.2905850731644457,0.9869184375296141,0.7117438364712998,0.46505854434649013,5.629658858398734,15.682276200386019,4.414102774931019,14.31033690654654,12.747833449795593,11.1313362636384,9.643203282566763,8.248749814066347,6.729788225680285,2.122997135851006,5.624045462868234,15.49695716911343,4.413368348224466,14.170366665261755,12.643624970292402,11.056266873728962,9.592568037109276,8.217986018867682,6.713700180439646,31.62988736840877,240.1556815013361,19.477820177109553,200.79929142796152,159.86125238940156,122.24103718311638,92.0173615465705,67.5352942063047,45.073770112835334,2.0,7
101711.0,47.965,45.0,35439.37282229965,1.7504824453598924,57.0,230.0,8.0,24.0,0.003472222222222222,0.006944444444444444,0.010416666666666666,0.013888888888888888,0.017361111111111112,0.020833333333333332,0.024305555555555556,0.027777777777777776,0.03125,0.034722222222222224,0.6084848913033659,0.3472222222222222,20.9,0.012210990312994089,13.0,-0.8051252585854445,0.5589717027029482,0.8977638745293517,0.7995227237846054,0.8977638745293519,0.7995227237846054,0.7319552811883816,0.7877768727429688,0.7693738383537414,0.7823449022257709,0.7693738383537414,0.7877768727429688,0.7319552811883816,-46.80378385963595,-31.880860899309276,193.04759206371645,70.56238269267457,-49.71331016099635,15.948833093577745,28.154813057783482,66.00976854113561,71.10592946067457,66.92586855936871,168.63181258548414,55.38089065437621,38.0,1.1551294288651872,46.18055555555556,16.69097222222222,7.284022955246915,4.512195121951219,-0.003484320557491289,18.0,6.0,3.0,0.0,7.291666666666666,0.0,81.0,9.0,38.0,83.0,44.44444444444444,18.79263670814834,1363.1165762033957,-0.04515535757724664,0.05717053679434471,14.440329816607015,-2.127766939467101,-506980.8526478155,0.423584185596207,2.1476590967452207,47.0,46.18055555555556,0.0,0.7704751979444682,-0.00034477298208602906,16.51655826588643,0.093426343496121,0.044799834196811314,6.948670024822559,0.6964634888622039,0.24056276091177997,0.46130704273307666,0.4918872410170273,0.4955594462313071,0.5042436210497407,0.4599616747220712,0.15762713348117227,0.5815468515098166,0.3920014854132015,0.12137986022874507,0.38329790571998634,1.035955004864597,0.2924519060505063,0.2933785517446704,0.2024450234535152,0.40345908386493823,0.33001161530867906,0.08190412307627391,0.38657677150621084,0.23885012173933506,0.18251203695745208,0.9625282392635558,0.5400811291149946,0.07954527377218976,0.3532028730927659,0.4016082013469253,0.13294136530176776,0.6480393916234295,0.40789201067574704,8.635660989261368,1295.0,74.57464072145062,0.17602662347892242,1.9874486118363883,0.05319611195480908,1.6278124114800128,1.2938923078256943,0.9876022102220783,0.7174000030582623,0.49282718775384127,0.3182111559500922,4.721784043668652,9.498822330352722,3.8802942212852374,8.41818310374061,7.355286975839613,6.339003713740917,5.405302000131189,4.7755045573488415,4.733930656156316,2.1412808135486077,4.718501794306166,9.288577591801507,3.879929563460205,8.259299820271421,7.24058624647931,6.261598035420799,5.357483266257976,4.750006856865598,4.723223593852558,22.264259182870504,86.2776736789171,15.053853417412496,68.21603352113551,52.42608919270535,39.20760995718561,28.702626948234233,22.5625651402702,22.308841117525475,2.0,7
158803.0,57.24000000000001,54.0,55332.055749128915,1.9879326587029216,57.0,230.0,7.0,29.0,0.003472222222222222,0.006944444444444444,0.010416666666666666,0.013888888888888888,0.017361111111111112,0.020833333333333332,0.024305555555555556,0.027777777777777776,0.03125,0.034722222222222224,0.6529985885749489,0.3472222222222222,21.349999999999998,0.037267013435071744,19.0,0.0342927838256708,0.44533577987823636,0.9448188220125117,0.8497034367325496,0.9448188220125118,0.8497034367325497,0.5573991202303443,0.6261846275945154,0.6824721090474604,0.6272846898271527,0.6824721090474604,0.6261846275945154,0.5573991202303444,-38.44533189371329,9.082441363049288,124.01808252142874,88.01686747878026,-47.68966269777212,16.45219327770417,23.497676726895953,42.49521525578911,53.62990792666673,26.64553269784593,59.17717353863005,40.69529244685022,61.0,0.8644663333895883,45.48611111111111,19.947916666666668,10.090784143518517,5.477351916376307,0.013937282229965157,21.0,9.0,4.0,0.0,4.513888888888888,0.0,85.0,10.0,61.0,87.0,44.44444444444444,23.48189314249504,1634.551122553334,0.4426151458883129,0.10912991451960982,12.989564308740196,-1.69422663769961,-798998.5962855289,0.48311037945025614,2.5453228022781613,46.0,45.48611111111111,0.0,0.9884673022129588,-0.0003921404416532254,15.863572187472963,0.09468942610637787,0.03917292227948241,12.709778018400856,1.0133063364293726,0.4099195785305847,0.6306863376901395,1.5316610806235778,0.4525138374867659,0.7989052856353258,0.2061615869836099,0.46880321805875463,0.7684498292920603,0.20449517096957318,0.2924971741086772,0.40944227578713066,3.0319527700507694,0.45283428830261735,0.2899454881045715,0.17933037731079793,0.5108320627778887,0.3192523240926432,0.5083433941165006,1.4562051311217472,0.5585742051996746,0.24272631380653556,0.9726381936766308,1.194647256169387,0.7252103309092656,0.5525366142596292,0.35475994640020014,0.9613967029869691,1.7542657687166119,1.192532402448383,12.388701554855446,1572.0,153.47992621527777,0.2699730087811244,3.2524465429756475,0.08906882593035063,2.5889692961619346,1.9846955702462747,1.4635112444820484,1.0486285976002865,0.7345461792101524,0.4864187688319102,7.011457208751115,20.775057193695336,4.752299772068494,18.154100409344725,15.366639709092569,12.63310165505564,10.41874544414932,9.186767925493303,8.38908752064038,2.131831242513358,7.006257686145839,20.518883811903564,4.751465023321717,17.968544728388583,15.237932912390228,12.548043363976879,10.36583979686533,9.157354794233992,8.374973803558566,49.08764676467766,421.02459288639807,22.576419867849644,322.8685996561011,232.19459944250534,157.45339226424417,107.45063469427707,83.85714682748029,70.14018621029223,6.0,7
134346.0,54.555,43.0,46810.45296167247,1.7635120509728612,57.0,230.0,7.0,29.0,0.003472222222222222,0.006944444444444444,0.010416666666666666,0.013888888888888888,0.017361111111111112,0.020833333333333332,0.024305555555555556,0.027777777777777776,0.03125,0.034722222222222224,0.6248585038568072,0.3472222222222222,25.35,0.022318941462838193,18.0,-1.0941765187675343,0.5529330269543268,0.6952432824119207,0.8004692320513176,0.6952432824119206,0.8004692320513175,0.901708468523876,0.8743456932439018,0.7027839944598016,0.6232649158194503,0.7027839944598016,0.8743456932439018,0.901708468523876,-60.86648425839307,-30.389049325153753,94.09300477444707,142.67033197976872,5.361480507234714,66.71689686490384,10.36248462611564,23.45074333135757,27.114120013214936,96.59525737497997,157.04414077587322,100.17565023162757,39.0,0.9568905133690907,46.18055555555556,18.98611111111111,8.745466820987653,5.418118466898955,0.017421602787456445,21.0,8.0,4.0,0.0,4.861111111111111,0.0,85.0,11.0,39.0,90.0,44.44444444444444,21.598128776972015,1616.6992738453137,-0.2396612273414409,0.07347565999139971,14.445846649061217,-2.0820052519925905,-582726.2935765885,0.41468753957436344,2.01201633500658,44.0,46.18055555555556,0.0,0.7338959574454054,-0.0003445928576366977,16.762608972945714,0.0776500137768108,0.027113282826387745,9.249798787272725,0.7169672488134833,0.2213541552300528,0.1171920766144718,0.22619083283616992,0.18540711738019536,0.3596967739394131,0.3009685834334742,1.0358688214175846,0.21783768749252772,0.9203498705743967,0.6218899889564236,0.3544892394598891,1.9802220571243534,0.5232872395596253,0.47512102824525027,0.5395012218231144,0.5925904204686206,0.23011296377239304,0.2890888474679508,0.46661122962924456,0.690743830147166,0.5591674414056488,0.24869667209431073,0.8022791605174463,0.6587553789276113,0.8455214874440025,0.052218402975626965,0.39317078640723074,0.6812645050773688,0.3028901923474908,10.295958019689564,1555.0,106.00675154320987,0.2119017681031916,2.3055741229255613,0.05682627543282205,1.935187933688042,1.586703563792265,1.259438696742201,0.9544180606946229,0.6698500078647188,0.41645022879239535,4.228181644362902,11.283917117155983,4.18234254324468,9.995495090715227,8.666335171570864,7.425009295859177,6.451153567230433,5.7457626053941215,5.067316114215386,2.146144279953009,4.222868415946928,11.045864088904128,4.18195647077475,9.80637393585521,8.51984372548318,7.317416020204366,6.380162107141938,5.706582942927324,5.050174433455313,17.83261765840211,122.01111347054182,17.488759923454808,96.1649697698204,72.58773710665511,53.544577212743505,40.70646851340986,32.56508888450908,25.504261808325687,2.0,7
109730.0,48.815,49.0,38233.44947735192,1.7999513350952339,57.0,230.0,7.0,26.0,0.003472222222222222,0.006944444444444444,0.010416666666666666,0.013888888888888888,0.017361111111111112,0.020833333333333332,0.024305555555555556,0.027777777777777776,0.03125,0.034722222222222224,0.6231247440277614,0.3472222222222222,22.549999999999997,0.0094335989739253,15.0,-0.8544946799830537,0.5623356299192079,0.788803309275474,0.8615515161995593,0.788803309275474,0.8615515161995593,0.6722993455859774,0.8026037527483187,0.6957743993903117,0.7874698208949523,0.6957743993903118,0.8026037527483187,0.6722993455859774,-53.15686387889712,-32.44570747341073,110.99606428954212,104.47654179506773,-11.200447706338874,-4.402372666138117,13.037568654593167,63.95086919187646,81.86493647291368,133.84960311189,30.261506013260973,196.63318860479006,41.0,1.053570551428283,46.52777777777778,17.0,8.069444444444445,5.648083623693379,0.010452961672473868,17.0,8.0,4.0,0.0,9.722222222222221,0.0,81.0,10.0,41.0,82.0,43.40277777777778,19.519399182465747,1682.438563169133,0.10752667881816931,0.06727712605845781,15.676225392064028,-1.8358752381528713,-506677.7799923768,0.4434787344549713,1.9176190428462732,41.0,46.52777777777778,0.0,0.6212595951152804,-0.00030442102073714446,16.647442382810752,0.08874472021877822,0.015028788404945207,5.010652512957725,0.17561571817363147,1.2517971055533312,0.7185520291583807,0.44596901863543925,0.43392591751749554,0.598133803365332,0.4126120488699496,0.3982418562386798,0.3664591735739553,0.37435143107302593,0.8688547254806359,0.805133496729128,1.1945431763693442,0.4213921588057944,0.6893515519693494,0.46954926225851124,0.3765973406812333,0.8036266718221914,0.7341375261486192,0.8521435082863004,0.2608417431803989,0.6692022606979444,0.46073818200002536,0.24096240731930302,0.5593898909132354,0.7549705773527438,0.4477965522557949,0.6851926624307695,0.9009579604454647,0.4314744940775336,9.592025043985469,1621.0,92.00694444444444,0.17501671505550873,1.849156897274553,0.05278924610247045,1.5374612258951785,1.2546279066464072,0.9975987495539955,0.7616124410483676,0.5416106650500027,0.34341984242063295,5.4222648279140895,7.86373860143843,4.606822573650836,7.236784710579757,6.693494912913317,6.273847006197627,6.0346194966276725,5.891251655497038,5.68860663286356,2.180107893895931,5.419439547913178,7.64323253349097,4.606520109648373,7.07158157176666,6.574859919805174,6.194025588586411,5.986366089600533,5.866302409175706,5.678231083294434,29.370325013485385,58.41900356101478,21.220027520594854,50.00726592614983,43.2287829650605,38.365952992063235,35.83657895871917,34.41350395590069,32.24230823529108,6.0,7
119889.0,51.0,52.0,41773.170731707316,1.8324437604784423,57.0,230.0,6.0,27.0,0.003472222222222222,0.006944444444444444,0.010416666666666666,0.013888888888888888,0.017361111111111112,0.020833333333333332,0.024305555555555556,0.027777777777777776,0.03125,0.034722222222222224,0.6150799448465494,0.3472222222222222,23.1,0.016977059139617792,18.0,-1.116887633031863,0.5717128056312109,0.9884432816791202,0.9065424023558144,0.9884432816791202,0.9065424023558144,0.7650823254229737,0.8013446747535096,0.5774561393512181,0.6993676024975404,0.5774561393512181,0.8013446747535096,0.7650823254229737,-40.694943396952276,-11.089289029996781,146.4499112690715,58.90563006061855,-18.672562979702402,22.723467540137776,-6.837240997530704,40.25114419621065,-31.014203363116827,124.5896114336565,70.23056853826931,105.61824743349833,42.0,1.0359089366333687,45.83333333333333,17.74652777777778,8.720896026234568,4.2787456445993035,0.006968641114982578,20.0,7.0,3.0,0.0,3.819444444444444,0.0,77.0,11.0,42.0,76.0,37.84722222222222,20.40297159729435,1308.4171151014198,-0.17415750864953042,0.07993064514184439,12.7882505040964,-2.1367747256952723,-616175.0343911182,0.36599941708298317,2.5375220002570433,45.0,45.83333333333333,0.0,0.9815099402300567,-0.0003987133326201498,15.853571680463663,0.07512348241987743,0.02638370660130085,5.9372193357487415,0.6853245308076688,0.33746354419978447,0.2796079185431045,0.22909232232301116,0.3210650320629552,0.5894216546491438,0.2724485073724944,0.1600367579566273,0.34799071367493367,0.4520059956053914,0.1772179956150408,0.2883739249729829,2.2524823899394906,0.12783621335742273,0.21858688018754718,0.6152039302857768,0.22354689716395146,0.24745770245053,0.362144530100475,1.2059469529798237,0.12924842257185973,0.16726202988796582,0.5122104023213059,0.15965043440380716,0.4640528003164731,0.6658648813125266,0.14832700464002216,0.7465621799015144,0.5658006251976104,1.225803515884012,10.066876468525962,1228.0,101.34200183256173,0.17104050488393366,1.98686118589396,0.057989795821448205,1.6445168113795994,1.330629573396405,1.0432886883269104,0.7811713648001661,0.5414253487530468,0.3318077521856624,5.265548743285896,10.332807188552717,3.696856025122057,9.610798839027714,8.943341974382182,8.279067563590573,7.560902390389275,6.8274950818402065,6.282066080421073,2.154903346972035,5.262770060871814,10.139984567236517,3.6964011760172677,9.469055854801276,8.84379955726887,8.213069367496336,7.520439897759339,6.805993511918731,6.273297207558914,27.696748713608716,102.81928702379474,13.66338165406184,89.66301878134634,78.21279060914907,67.45450843530668,56.55701625581051,46.321547684279864,39.35425785436647,4.0,7
172374.0,60.70499999999999,57.0,60060.62717770035,1.9898132548992304,57.0,230.0,8.0,32.0,0.003472222222222222,0.006944444444444444,0.010416666666666666,0.013888888888888888,0.017361111111111112,0.020833333333333332,0.024305555555555556,0.027777777777777776,0.03125,0.034722222222222224,0.6513628890377599,0.3472222222222222,27.45,0.03858841691852527,20.25,-0.6208137121362216,0.42516166891541385,0.9147853401561037,0.7328342226813671,0.9147853401561037,0.7328342226813671,0.6910315766328151,0.7031762223993969,0.651005468584474,0.7010772230464071,0.651005468584474,0.7031762223993969,0.6910315766328152,-42.30815822682762,-19.988541207169977,180.4229961704847,104.24175456761338,-54.42298792367766,-5.01733778546337,15.525414950222983,55.55020941235031,19.924835346108377,127.72415825556155,119.92518561265001,68.34696153657116,61.0,0.7364958875220511,45.138888888888886,21.145833333333332,10.269675925925927,5.515679442508711,0.003484320557491289,23.0,9.0,4.0,0.0,2.7777777777777777,0.0,79.0,9.0,61.0,81.0,44.09722222222222,24.46468543295281,1639.7257270515056,0.08333641401556022,0.11662225865956138,12.517428845699078,-1.9142774334511334,-807977.9215354533,0.46403800804857614,2.587684071411856,49.0,45.138888888888886,0.0,1.0036158970128506,-0.00040755565337046785,15.623925804029462,0.09841732796350222,0.054236566528193766,11.353840620298092,0.7324409997664814,0.5862758332733617,0.6567348336163811,0.8828441905206871,0.6398411576512206,0.427306043337999,1.039693474939409,0.21204358390812228,0.6342953640788491,0.4947727011438527,0.3970796769807505,0.2215111256946337,2.298751438903392,0.13531406537849525,0.6065930411646889,0.34072785854350185,0.6150934345310858,0.46063063059289056,0.4756165999179601,0.4458837165607309,0.2789926500660885,0.4026079378300403,0.7199039527890527,0.7826264022413202,0.6046832728643361,0.4319900574397715,0.14373003081200092,0.4207337578115594,1.4159403841312712,1.5134631874961502,12.303437160900291,1583.0,151.37456597222223,0.30875576769952845,3.83062550829114,0.11012649939655196,3.181643877088964,2.5585860217884675,1.9704679037613688,1.436025302721838,0.9702012353845979,0.5898443621872606,6.519853136947953,20.452783225215228,4.824686859219415,17.78597280674824,14.909570132079457,11.972254152774234,9.255148717105076,7.4175208956155485,6.9650237934095,2.1315711556298607,6.5125382765310755,20.090859858972554,4.8234298423067345,17.49908485955109,14.688394027003241,11.80898495802523,9.143063442067676,7.353796692848634,6.94000288697032,42.413154803282346,403.6426498728747,23.265475443655173,306.2179709217702,215.7489190925045,139.45212573886613,83.59560910567441,54.0783257997515,48.16364007115637,4.0,7
155683.0,57.585,60.0,54244.947735191636,1.9402317529852326,57.0,230.0,8.0,30.0,0.003472222222222222,0.006944444444444444,0.010416666666666666,0.013888888888888888,0.017361111111111112,0.020833333333333332,0.024305555555555556,0.027777777777777776,0.03125,0.034722222222222224,0.6532356994743634,0.3472222222222222,19.599999999999998,0.03905451278068321,20.0,-0.45584236610453477,0.4272880713911872,0.7496484578519664,0.8674866233897385,0.7496484578519664,0.8674866233897385,0.8523611409310092,0.5313434979494412,0.6578800630757982,0.6388675042066284,0.6578800630757982,0.5313434979494412,0.8523611409310092,-43.81910842907012,-12.701508672147689,5.191258514211089,108.69266534849002,21.480784841207758,29.199494705216384,45.33344058016079,53.448978815494264,25.732221250920755,-24.294613043500497,120.44978146575066,50.999845803027156,56.0,0.7948814161815353,44.09722222222222,20.038194444444443,9.851224922839505,4.97212543554007,0.024390243902439025,20.0,10.0,4.0,0.0,2.7777777777777777,0.0,81.0,5.0,56.0,82.0,43.05555555555556,23.250074671325727,1494.0094716782176,0.2952760280823954,0.10100988027922787,12.407881749357092,-1.9296158954447762,-767091.9716619615,0.456664745447358,2.510173504202138,45.0,44.09722222222222,0.0,1.0017073639215432,-0.00041113236347871434,15.834838012159663,0.10205223751018977,0.214658686150132,11.176203206067338,0.38007543389449966,0.5342672653196638,0.14235785707881007,0.31984862855208096,0.3473021740131343,0.8282501370366273,0.07138246776842962,0.46861481159910207,0.3641581460704818,0.3822221191467661,0.3466122644013478,0.18531263011110377,5.411337471862567,0.41453304527032264,0.5550205008901268,0.7365985915081461,0.38064641885683304,0.17874897132102036,0.27815385026238043,2.7798873647048046,0.24398144849416514,0.9754247199803068,0.4717110110859174,0.2646765006531576,0.5424795721463724,0.4705659655162199,0.041401931801659145,0.20308063218070344,0.66200922758619,0.8347154714618762,11.791383957316377,1427.0,139.03673562885803,0.2659915896894325,2.5153806931578298,0.06739977104205862,2.0193264680278986,1.6015792001969122,1.2547449186204793,0.9678345069796754,0.7198056554446829,0.4898907518949923,5.236881069581555,19.126485484233683,3.975206765118642,17.249360950774985,15.553731794122546,13.865527005049923,11.931569846729948,9.690171803868761,7.375958014035712,2.113190798322351,5.230121586651323,18.960361466678073,3.9746353412996887,17.130755203015504,15.47105415894454,13.808636946381233,11.892251905105892,9.663400509493696,7.359671438048399,27.354171811156146,359.4953069470907,15.797726096308493,293.4627738256428,239.35351678899517,190.6784543169648,141.4256553744947,93.38130940688302,54.164763676025395,4.0,7
177165.22221977776,60.370000000000005,46.0,61730.042585288415,1.9976532452215092,57.0,230.0,6.0,31.0,0.003472222222222222,0.006944444444444444,0.010416666666666666,0.013888888888888888,0.017361111111111112,0.020833333333333332,0.024305555555555556,0.027777777777777776,0.03125,0.034722222222222224,0.661337924721975,0.3472222222222222,26.55,0.05885078963768516,19.25,-0.21034539737887314,0.38370346404932676,0.7608467101032697,0.8149818476273862,0.7608467101032697,0.8149818476273862,0.7404971056567486,0.6794848921413197,0.5786898359925372,0.7720633542995269,0.5786898359925372,0.6794848921413197,0.7404971056567486,-43.354016137569516,-4.417288543127343,75.4563306895567,36.347776569705644,21.403832401146314,5.771446494537534,5.910987523353515,81.29615029179139,27.73532381685373,56.38724731554304,33.74733912982835,82.4684132731842,59.0,0.6867925649806079,44.791666666666664,21.00347222222222,10.714023917438274,4.961672473867596,0.006968641114982566,22.0,9.0,4.0,0.0,2.083333333333333,0.0,81.0,8.0,59.0,86.0,41.31944444444444,24.8023591941664,1488.6507066545673,0.376306302177343,0.11698001773657815,11.714827560314315,-1.8559462756589216,-866911.0184697036,0.46258934719734107,2.737380412967061,44.0,44.791666666666664,0.0,1.1031856111768747,-0.0004337605663821798,15.564111375530866,0.10553217943130866,0.15856692316389637,18.82435954594753,0.67784519144157,0.2686315389903199,0.3563051264988336,0.48410805856495004,0.2930814488753183,0.45098162815762655,0.15915084864345339,0.3455364688728432,0.2816194111661387,0.1926786007366729,0.7001526515035762,0.2956735131613203,4.688109372195621,0.5769943481861153,0.525770954642914,0.32900977507437656,0.8609976631362128,0.29725548976692534,0.5294314603010971,0.3978541735703195,0.31196362737214833,0.30635059908580886,0.31769411165567313,0.570798326784605,0.43991515234374035,0.5865576675079821,0.29968578183307926,0.6987595342827678,0.7414205686674237,0.6626050199955387,13.191329584495648,1424.0,174.0111762067901,0.1945126752132017,3.5506829290919963,0.0582145605882647,2.8286166552205683,2.156847316036627,1.5534096127093424,1.0451080023991954,0.6548590837261619,0.38632436528420033,5.375187244082177,24.78732911343353,4.013339930003706,21.934597121604646,18.670157902437026,15.15421635345856,11.734989690949488,8.879442424087854,6.915232761048903,2.096699891148882,5.371666662044952,24.53170062011038,4.012917698968877,21.75144773813724,18.545155856914153,15.074388606592741,11.688358837322367,8.855261562661632,6.904433186313833,28.85480272812515,601.8043353147241,16.10350845869767,473.1254787049156,343.92280575723737,227.23719186257307,136.6177323100119,78.41565734315253,47.67119762427179,2.0,7
119254.0,50.120000000000005,50.0,41551.91637630662,1.8241430895399733,57.0,230.0,6.0,27.0,0.003472222222222222,0.006944444444444444,0.010416666666666666,0.013888888888888888,0.017361111111111112,0.020833333333333332,0.024305555555555556,0.027777777777777776,0.03125,0.034722222222222224,0.6333382014137819,0.3472222222222222,3.6,0.005377727607966252,18.0,-0.6491599283311063,0.5044521911575487,0.7453622113515301,0.7762409999866918,0.7453622113515299,0.7762409999866918,0.8128995887301833,0.7766187930368283,0.722311687805573,0.6993125040504774,0.722311687805573,0.7766187930368283,0.8128995887301833,-56.94177938037332,-29.689144981045178,123.56735329093719,138.40410215251552,35.242030914135945,7.997988350193554,31.300045856209653,39.56715830091748,84.11447546425697,119.00250129645916,3.8621156351079313,72.05099048098153,53.0,1.307580532449921,45.138888888888886,17.4375,8.901041666666666,5.7073170731707314,0.006968641114982578,17.0,9.0,4.0,0.0,7.291666666666666,1.0,90.0,10.0,52.0,84.0,40.97222222222222,20.348867017327745,1696.7654659061272,0.2825936931387004,0.07396595654043542,15.252407621930605,-1.8582814133955528,-535825.137120384,0.38299343027126587,1.8764341375548106,42.0,45.138888888888886,0.0,0.6287121944746558,-0.0003182586609221335,16.641315908724714,0.09906605539924829,0.014288676545425923,3.9816945132380477,0.2858372160158291,0.2671051281328319,0.47308310279072685,0.6142623732968326,0.3796362649515657,0.13197848422635167,0.28712093667536287,0.37105588873090767,0.4261203289831279,0.8521504978180561,0.49593525694941415,1.0691880023613494,2.6693789230284546,0.4026620544767786,0.5307461821311834,0.8916353763657335,0.22443871922426664,1.6548527645520008,0.1319157369803964,1.0034943128804446,0.9556754006002045,0.6490015067435075,0.6065868052965577,0.2799497401249035,0.5082699520359748,0.5742433285595236,0.19701151060107325,0.7250011164536145,0.48355331623245446,0.9089263404679253,10.488564374540916,1638.0,110.00998263888889,0.14828670856905654,1.9007343296957815,0.049209089231908976,1.561763688479076,1.2472447473855806,0.9608715059119661,0.706971721235214,0.48460476930759966,0.2958763178572315,4.707918701104574,10.961741963538561,4.423320689527411,10.288182379639876,9.394376152753622,8.333524689921346,7.267666745550223,6.35357570505502,5.553839421489748,2.1569130590542116,4.705582806440869,10.795693395197834,4.423046957464752,10.168952298938207,9.311212801753863,8.277944171511132,7.233199216788536,6.335067675836599,5.545952535338255,22.14250954827193,116.54699588311814,19.563344387938205,103.40759085808065,86.69868383954503,68.52435970665513,52.31917090975029,40.13308245742973,30.757589524224827,0.0,7
140596.0,53.83,46.0,48988.15331010453,1.8632434777660813,57.0,230.0,6.0,28.0,0.003472222222222222,0.006944444444444444,0.010416666666666666,0.013888888888888888,0.017361111111111112,0.020833333333333332,0.024305555555555556,0.027777777777777776,0.03125,0.034722222222222224,0.642729996477625,0.3472222222222222,20.299999999999997,0.015160587794840434,17.0,0.08996704486320528,0.4583123341624201,0.8405369737441684,0.5384559412364025,0.8405369737441682,0.5384559412364025,0.6148756563641276,0.6864935840315247,0.751476597070469,0.8944099805754497,0.751476597070469,0.6864935840315247,0.6148756563641276,-47.89562492608382,-44.82280698428193,143.9467620780673,81.02787874516167,4.7166235276608095,19.851211172567496,54.716198635970514,114.26209603181127,101.0456697758523,79.34489974800636,19.48371166327311,-4.28972954012875,58.0,1.135453685886553,45.138888888888886,18.729166666666668,9.438078703703702,5.714285714285714,-0.03484320557491289,19.0,9.0,5.0,0.0,4.861111111111111,0.0,77.0,10.0,58.0,82.0,36.11111111111111,22.09480833941665,1694.7427936080112,0.52753018071417,0.0861731349641722,13.959531231223302,-1.7750931622170967,-669611.9893506014,0.41717033923088553,2.1705592227484223,47.0,45.138888888888886,0.0,0.78181482570077,-0.0003604710445431487,15.964479637754518,0.12304750448201685,0.02734721136558792,9.771254154197987,0.26042271483974233,0.6569106928411083,0.48369098716177783,1.4760597314333794,0.6384365575804265,0.1726943138147582,0.325332353131404,0.7900451623424567,0.5114455538541883,0.7187822025887962,1.1307188376421764,0.2819652587074318,5.9695293677001855,0.4673418861374262,0.5273164872657523,0.6634890638684898,0.605922491510509,0.910609758276087,0.30111137017814915,0.7763232284081738,0.28052558958840923,0.38704017694626536,0.36216452193886883,0.4615118537445439,0.44744896366951326,0.27214066739615206,0.31880188675738574,0.8703762469038768,0.6066070870540483,0.2560723159594765,11.72172647385093,1640.0,137.39887152777777,0.24073503394358692,2.322163146541984,0.0923026769064572,1.9454351457429664,1.5860640632852592,1.2459162160094226,0.9347768403888208,0.6607853735016348,0.427725945882322,5.462672674371607,17.615726262470893,5.060802344709496,16.417142710010065,14.765125690404545,12.621301469081756,10.159263823223464,7.792696471756096,5.98518060282352,2.1136347819580865,5.4573656090423714,17.461997883264935,5.059960532262385,16.301467935573918,14.67969132647548,12.559655391615252,10.116166946454062,7.764630125838978,5.969877499885068,29.782839390758415,304.92137007514907,25.60320058805304,265.7378568545446,215.49333744059942,157.74494355613007,102.33683368852971,60.289480991086215,35.63943736363399,6.0,7
122795.0,51.510000000000005,36.0,42785.71428571428,1.6992489107862694,57.0,230.0,10.0,27.0,0.003472222222222222,0.006944444444444444,0.010416666666666666,0.013888888888888888,0.017361111111111112,0.020833333333333332,0.024305555555555556,0.027777777777777776,0.03125,0.034722222222222224,0.5676715465391039,0.3472222222222222,9.05,0.015131496072739585,15.0,-0.09882194735788508,0.555547540777951,1.0107190719412869,0.8506150763116349,1.010719071941287,0.8506150763116348,0.7459523765634926,0.5867941204756846,0.8487334774728047,0.43950571285702417,0.8487334774728047,0.5867941204756846,0.7459523765634928,-39.97322054226072,4.404849511066681,195.1693179894349,49.17255055269764,0.7524362365339187,9.008157848339506,27.105233321710266,-44.18785681319219,147.45236747584525,-32.873967835855126,25.277019325302437,28.908004745060463,49.0,1.3905654408892334,44.44444444444444,17.90625,8.63064236111111,4.473867595818815,-0.027874564459930314,15.0,5.0,3.0,0.0,4.166666666666666,2.0,68.0,2.0,47.0,66.0,42.013888888888886,20.648765768872913,1395.2707182281897,0.8288388924304031,0.039813235193647024,13.00962774176346,-1.938990534817864,-653633.3499449993,0.42586258592330095,2.4108049056081615,45.0,44.44444444444444,0.0,0.948017299677878,-0.00039148537103888057,15.936183607791392,0.10116443093907856,0.0967887806792259,6.314970472240089,0.6139833788392397,0.4153137909022876,0.2195726573891819,0.39192512143096886,0.7190541551775744,0.48573032290142093,0.10549974316355146,0.27447038562315784,0.294634352835146,0.5848345450687127,0.31709391612689164,0.35076683284362303,2.339716258667915,0.28167732318072863,0.3461719664473031,0.059585592122877964,0.33599030825494686,0.36577906894862056,0.47689082061570787,1.3892466316140495,0.5040767177145935,0.5441162332666709,1.284067825328675,0.615795373660984,0.4374088867231814,0.18462284045347857,0.05131750179449022,1.323847221140687,1.3821885212173506,0.14341375761868752,10.28288571925594,1284.0,105.73773871527777,0.12262223786371032,1.5205099598465273,0.043008786201316956,1.2488816233217352,1.0000247855614235,0.7728434885262518,0.5692458989257925,0.3908642688820218,0.2408725540616611,5.569448004048348,12.73019369616989,3.857537595081914,11.810106116116287,10.893721867437417,9.993854776768611,9.167452246229935,8.341759619818564,7.207856596286425,2.1390022302187135,5.568097956805305,12.639061713751188,3.857297829022261,11.743887821537493,10.847724487345122,9.963927249904193,9.149761734245457,8.33259735485562,7.203830725754843,31.003714856579418,159.7458810040111,14.878746541779849,137.91890116485663,117.673126553347,99.27984624138335,83.71813979346244,69.43217867814688,51.895177125329546,0.0,1
123213.0,49.80500000000001,43.0,42931.35888501742,1.8041464780502057,57.0,230.0,6.0,27.0,0.003472222222222222,0.006944444444444444,0.010416666666666666,0.013888888888888888,0.017361111111111112,0.020833333333333332,0.024305555555555556,0.027777777777777776,0.03125,0.034722222222222224,0.6415863538629735,0.3472222222222222,8.7,0.012450622005655072,18.25,-0.11652239185721891,0.4927821191616828,0.8537745400426295,0.8406425353850338,0.8537745400426294,0.8406425353850338,0.7464057738536272,0.8259224587927645,0.6138609947076688,0.617811616601921,0.6138609947076686,0.8259224587927645,0.7464057738536272,-43.93928679410017,-6.28236336820215,156.76361018539998,45.64769797739441,10.07676253012291,40.27565755984193,36.85903255239053,1.213734492086037,12.922540806929891,80.56934399326867,58.33687840157001,-3.367462287925543,58.0,1.4780812905231264,45.83333333333333,17.32986111111111,9.435956790123457,4.839721254355401,0.003484320557491289,16.0,9.0,4.0,0.0,4.166666666666666,0.0,82.0,9.0,58.0,84.0,37.5,20.68388059979719,1456.9467737249047,0.6366083620788433,0.06326809776995446,13.58685732299356,-1.897298959806472,-607163.3301573776,0.3257034497044757,2.286075558673121,41.0,45.83333333333333,0.0,0.8851020608823531,-0.00037263883884491514,16.466280797875516,0.09615660095185397,0.044291563679909454,8.925854082513613,0.22974976262301977,0.17529327464166866,0.4855098039813509,0.2768528861966776,0.3399703704896975,0.2639136653390828,0.26570659284239423,0.5090781468851058,0.3215036272756634,0.43772103170903287,0.3184716587339299,0.37353882546434714,4.229569070917746,0.10080115199590085,0.24163715942814928,0.4706204637760195,0.41619443168308135,0.5650275052069964,0.13339365518781696,1.2313503768560938,0.4984851540520673,0.2501493928269921,0.3913022306384356,0.6921204921625016,0.3897251583496285,0.19990842974763656,0.7262271131613334,0.9979381324438721,0.5218539208156441,0.5348333140364839,11.291538005792896,1389.0,127.49883053626543,0.19431288574029684,1.604976180729601,0.060737130333806504,1.3369898299036902,1.0967522539066077,0.8831104476895119,0.6927164482062114,0.517492267147044,0.35110482281314576,4.777255912026082,11.859851222613178,3.743620993281452,11.509261546726819,11.00284496570151,10.189345544502153,9.094268873262944,7.8108442223536105,6.35875944358003,2.145567010040953,4.773302478517721,11.750749868915173,3.7431282561964694,11.43134110879816,10.948046941478369,10.151003820433107,9.067848160483491,7.793682648101459,6.3490587542340124,22.78441655142342,138.08012248180995,14.011009142336421,130.67555954569872,119.85973183281385,103.04287856244754,82.22587026158382,60.74148921931778,40.31054706471555,2.0,1
126986.0,50.15,46.0,44245.993031358885,1.7789556329044147,57.0,230.0,6.0,27.0,0.003472222222222222,0.006944444444444444,0.010416666666666666,0.013888888888888888,0.017361111111111112,0.020833333333333332,0.024305555555555556,0.027777777777777776,0.03125,0.034722222222222224,0.6458674634943417,0.3472222222222222,8.100000000000001,0.018674650719020712,17.0,0.15348673190308793,0.4635334040669925,0.8013439700916039,0.6972602093474989,0.8013439700916039,0.6972602093474989,0.7474359947971392,0.8127665186918838,0.6829338090883225,0.83991911456979,0.6829338090883225,0.8127665186918838,0.7474359947971392,-47.28526239022788,-48.942418066838606,74.16287241825384,156.5755285580421,31.286412648585408,55.76873764008554,56.28299681810796,74.61980464671339,31.267932559456423,33.06613086927664,-1.8018006227280565,67.18090845205096,54.0,1.6839089185869336,45.138888888888886,17.444444444444443,9.581018518518517,4.724738675958188,-0.0627177700348432,15.0,8.0,4.0,0.0,3.125,0.0,80.0,6.0,54.0,83.0,29.166666666666664,20.998181138163158,1421.9981198006253,0.7680488627734272,0.06249472529327368,13.215962730874818,-1.8748757075661449,-633341.300371671,0.3256869680465667,2.278987480349324,42.0,45.138888888888886,0.0,0.8609489660191884,-0.00038474853851768213,16.006861434548558,0.07056806936611315,0.11810387957946966,8.503938058438965,0.10109923258712147,0.15844939695573138,0.2898510092516807,0.5215236678286761,0.7536917602835025,0.23391178803092755,0.38201284482052694,0.36855262053741744,0.5339031787143635,0.6703614910811021,0.546418125639077,0.5562705855477589,3.937646811661499,0.4185580677728936,0.34873341480687026,0.5693330879031927,0.4187826580513345,0.49809184226034964,0.34647062949821167,0.6474950962854672,0.1192074260837771,0.3383069992114274,0.25244022958054935,0.22654016546307248,0.47968429146717495,0.2241270154737683,0.2851631065925422,0.2826232890175194,0.6960500589244956,0.28628812503875656,11.688240634749203,1356.0,136.61496913580245,0.21495631363014472,1.7581460682204575,0.07187368922671451,1.4808368280964694,1.223276235312281,0.9834855026607665,0.7639200071871404,0.5646779506067379,0.3823139511386178,4.139437069583401,13.89490290358756,4.194618599823516,12.63700113504357,11.3211708024643,9.846007494591413,8.210571353850444,6.607877131780275,5.2042475933850865,2.1260355028800535,4.133852082050319,13.783223465609451,4.194002786215376,12.549937050664662,11.25488798659011,9.796765785176575,8.1749561576371,6.583705567596662,5.190185840219909,17.08873303627175,189.977249102927,17.589659370782336,157.50091997564562,126.67250359069037,95.97661984960638,66.82990817928872,43.34517900080329,26.938029056019246,5.0,1
133483.0,52.06999999999999,47.0,46509.756097560974,1.822970640456088,57.0,230.0,7.0,28.0,0.003472222222222222,0.006944444444444444,0.010416666666666666,0.013888888888888888,0.017361111111111112,0.020833333333333332,0.024305555555555556,0.027777777777777776,0.03125,0.034722222222222224,0.6417415673293342,0.3472222222222222,8.399999999999999,0.012694635300138575,18.0,-0.22580538938621553,0.558601048182622,0.9505833888544248,0.7177897604734671,0.9505833888544248,0.7177897604734671,0.8412913411706353,0.8054364277518216,0.7076010433893135,0.7234547280946604,0.7076010433893136,0.8054364277518216,0.8412913411706351,-40.45484740168006,-37.039666798561875,115.83911864843135,14.529259062719106,-0.06493855359304687,43.65112558382415,41.54581692666238,55.557326631439864,-26.842992699543935,126.88493965775488,70.64378531338822,86.10866543227472,56.0,1.5017917506450722,45.138888888888886,18.10763888888889,9.744068287037038,4.494773519163763,-0.006968641114982578,17.0,9.0,4.0,0.0,3.819444444444444,0.0,78.0,9.0,56.0,80.0,35.416666666666664,21.528646935859413,1362.4634335242117,0.5832877430032513,0.07121783433602996,12.940955922954087,-2.0251199532674566,-640039.2419323067,0.2965404732562252,2.3848733224602996,46.0,45.138888888888886,0.0,0.9034146949886775,-0.00039372750430109304,15.739310223477421,0.10326375415870015,0.11160906963897066,6.644335581522481,0.8484546356651983,0.33607948759255313,0.23533026748720812,0.3350298378764226,0.5904903786552573,0.41262279491575704,0.39964401501978214,0.544657562613623,0.574409286919062,0.5777839494847555,0.18164393573658438,0.19764694404494537,0.9820975904384521,0.5820662717033515,0.3970441122121611,0.23825371587379474,0.4990408027964753,0.4942808555675226,0.3863602266774246,2.044131895119423,0.28142013268799554,0.09565751267777363,0.1114014701265211,0.8310537409716103,0.2989256149730143,0.376500249091298,0.07279222738898547,0.2651419380747918,0.7725257529737367,0.18679806682590663,11.644571815162962,1290.0,135.59605275848764,0.1634107021407216,1.6508115378892267,0.0562418356476596,1.367903318099759,1.1141306832765454,0.8848225900480416,0.6767218380240422,0.48673762493570305,0.3140057851953924,4.740594535776489,10.880904216195566,4.172896102747946,9.675313601128936,8.712840743001065,7.982625758000911,7.347724885546147,6.605575829096178,5.681531227812868,2.149777646963604,4.737777273686445,10.754947597659147,4.172517074890404,9.578127885579846,8.64131394137958,7.933435761159239,7.316495646661419,6.587618577180347,5.672847385526655,22.44653349505977,115.66889782839426,17.409898740251975,91.74053379252226,74.67230663348111,62.93940297644028,53.5311085476155,43.396718518411625,32.18119745947661,2.0,1
56618.0,35.08500000000001,47.0,19727.526132404182,1.8159721290049102,57.0,230.0,5.0,18.0,0.003472222222222222,0.006944444444444444,0.010416666666666666,0.013888888888888888,0.017361111111111112,0.020833333333333332,0.024305555555555556,0.027777777777777776,0.03125,0.034722222222222224,0.5772587968772583,0.3472222222222222,8.75,0.006012618773064144,10.0,-0.3714932561050568,0.5724946279829064,0.8059256413035938,0.6942781187830389,0.8059256413035938,0.6942781187830389,0.8737718854920505,0.7873882894542916,0.6301691021456451,0.7333960349160207,0.6301691021456453,0.7873882894542916,0.8737718854920505,-49.30397993048266,-55.76319654583989,114.2144547000723,150.27092327278626,12.456117153345449,15.959749815327452,27.853188374579084,21.74072022647489,14.285954566929515,107.04060890406842,167.93143598865498,105.31684357629261,35.0,1.0232542551073207,45.83333333333333,12.215277777777779,5.662278163580247,4.128919860627177,-0.017421602787456445,12.0,5.0,3.0,0.0,10.416666666666666,0.0,84.0,8.0,35.0,80.0,43.05555555555556,14.02106550080192,1256.233260665549,0.33457965995714173,0.04537855314292145,15.783884251562887,-1.749854279709508,-373411.0157919213,0.4757860235045863,1.926336790597959,50.0,45.83333333333333,0.0,0.590429007334679,-0.0003009059615172289,16.33629098419479,0.11668928004691193,0.011709287753394087,2.566665370782696,0.4214738253734004,0.12028220862762189,0.1651936194024342,0.39296242261156344,0.16373547007144176,0.6595055128237688,0.2733131869978518,0.43295756219049986,0.4469253483255146,0.4351082496839326,0.1664797011881402,0.29639675037915314,1.043521555631348,0.16465913734683366,0.2547514499112246,0.6747632942569078,0.29494592638214046,0.3779195543420165,0.14540252791966363,0.42375628399561804,0.39770678982665614,0.2856092079769038,0.209050219809454,0.1255499684624749,0.20961540294989453,0.15931082916898662,0.2902966625018513,0.4528705050288278,0.2860818681380872,0.5814460802168508,6.883114599475021,1185.0,47.37726658950617,0.10855485218837199,1.2894195698861568,0.04350229257012005,1.0431330664949117,0.8196537640367887,0.6199913134167745,0.4474750021823232,0.30322465833239004,0.1899396511544212,4.0107838500363355,5.968101452219557,3.7447380963430215,5.519472491501405,5.126660795506414,4.802585439922367,4.555886256463588,4.380592855199421,4.303747625677119,2.180999380976886,4.0093145219324775,5.827146138272129,3.7444854066672364,5.42000461162402,5.06071325203106,4.762398311674702,4.533857706661705,4.370085647856735,4.299554227410184,16.074602935778653,33.95563211677978,14.0211709607439,29.376449990025648,25.610818619282785,22.68043767904205,20.555865704255737,19.097648569603418,18.48616655444078,6.0,1
104790.0,44.85,49.0,36512.19512195122,1.7930193720774883,57.0,230.0,5.0,25.0,0.003472222222222222,0.006944444444444444,0.010416666666666666,0.013888888888888888,0.017361111111111112,0.020833333333333332,0.024305555555555556,0.027777777777777776,0.03125,0.034722222222222224,0.6301571054552149,0.3472222222222222,7.5,0.014838264455403434,17.0,0.000490242787386741,0.4540250254270806,0.7172541113254849,0.9254631473922963,0.7172541113254849,0.9254631473922963,0.7917748852208562,0.5790945480525533,0.5949715363542137,0.6621898959610553,0.5949715363542137,0.5790945480525533,0.791774885220856,-46.491417319895724,9.854105429991819,77.48943020926932,27.311702654076548,-4.873326793004176,-5.8653811156383515,15.55667815679182,40.942792367220754,27.428743531644987,31.529491089005912,150.90516326052733,105.5681454900619,50.0,1.5158537372573593,45.83333333333333,15.597222222222221,9.17332175925926,4.7665505226480835,-0.041811846689895474,13.0,8.0,3.0,0.0,4.166666666666666,0.0,87.0,6.0,50.0,90.0,40.27777777777778,19.074961773662004,1431.0774630820933,0.7395724709026781,0.060525501448786094,13.796979659722906,-1.6718241847928772,-585734.7235628117,0.3604231952618321,2.2459181335373746,42.0,45.83333333333333,0.0,0.873739824487106,-0.0003657783495134404,16.473977078665392,0.10006851723095533,0.04749021504470252,7.739492473210108,0.5455926709728491,0.34152298317951085,0.33249994814212763,0.33042953385836127,0.2873649337441297,0.24188847051375073,0.3924529387659649,0.19723901108074576,0.25955695471271734,0.20928834857654444,0.436041958883408,0.13433042579455343,6.001932245563782,0.29097601511101173,0.6543835727480414,0.3152089133129095,0.23561690060512727,0.36765323905214503,0.29429126564829544,0.5410067229327833,0.4739306350977716,0.32452761764808485,0.6332577486516835,0.6105304254482038,0.43302358805430885,0.33806504529320164,0.3759048529419102,0.3784394752909532,0.6581240714996183,0.6497684577210112,10.980930088898843,1368.0,120.58082561728396,0.16524009390121996,1.3463529918144836,0.05001924320146218,1.113314101277573,0.9026312537565594,0.7134917432306985,0.5489817598498055,0.41011919862468066,0.28951999289463487,5.18265431337976,16.001239312727847,3.593239102646626,14.891334097893928,13.44275528856419,11.659503288887107,9.677282220716343,7.759811542602058,6.373581235943288,2.12433369828927,5.1800194443034036,15.944497269108842,3.592890942416466,14.849658680488078,13.412416880188387,11.637652103234176,9.661698101614688,7.748966216187782,6.367002115979125,26.83260144336134,254.22699316461933,12.908865324098281,220.5123629269949,179.89292656796235,135.43494647591083,93.34841020674486,60.04647741961959,40.53871594488266,6.0,1
157437.0,55.685,34.0,54856.097560975606,1.7244670566639353,57.0,230.0,7.0,29.0,0.003472222222222222,0.006944444444444444,0.010416666666666666,0.013888888888888888,0.017361111111111112,0.020833333333333332,0.024305555555555556,0.027777777777777776,0.03125,0.034722222222222224,0.6438235709400303,0.3472222222222222,4.15,0.03136575435297612,20.0,0.7223927290181544,0.45001406215950357,0.8488743236631479,0.8663801277841412,0.8488743236631477,0.8663801277841412,0.6391827818472047,0.740597291202566,0.6409388957108602,0.7118440779770099,0.6409388957108602,0.740597291202566,0.6391827818472047,-38.67627190104,-10.836389605151433,44.504694329019046,47.23658942371993,-33.160307343870606,52.77423427269396,20.242885280466243,47.06235488098608,16.312604912508693,56.354222611889114,88.44537389772381,114.38945326944282,64.0,1.2000729697114174,46.18055555555556,19.37152777777778,10.571928047839505,5.048780487804878,-0.04529616724738676,19.0,10.0,4.0,0.0,3.125,1.0,86.0,8.0,63.0,88.0,33.68055555555556,23.380681127802927,1512.5811162794234,0.8452978640555977,0.05941806421277262,12.563169810857516,-1.79329656698406,-766606.9753663326,0.3697498343770497,2.6536328759319954,45.0,46.18055555555556,0.0,1.0358867301392911,-0.0004060622119383698,15.826390839600482,0.12496330321752636,0.2591298813233482,24.177038392753442,1.0943174190695262,0.8280086009841876,0.4508723602414505,0.5359072620578798,0.3470504424495223,0.9776493837400814,0.4556867239177132,0.4190894614693102,0.27598265302470504,0.3268715582661925,0.18485002914958257,0.4452768201151689,4.492977346948047,0.2927412098992435,0.21109844657184107,0.48918718866440736,0.3803333211798027,0.36978066285714045,0.2956343582897295,1.3438427131675086,0.31329602414662144,0.27751799703401475,0.5003313863741417,0.4639607939237379,0.5545721324229141,0.8317981000781746,0.20993902815743287,1.2632413111004275,0.9573603005184121,0.44693362190365915,13.091988449230467,1449.0,171.40016155478395,0.15790712692003425,1.4753072636215598,0.05932968455364773,1.2299719145208456,1.003033169932113,0.7940277837134074,0.6062838780981973,0.43909308018388415,0.288330009830927,5.861345459631877,18.75983608448453,4.439953191437723,16.48547140166491,14.261894164705474,12.148947489859022,10.217260349940537,8.520292381024632,7.082964511490855,2.1083104440821026,5.859218031138206,18.7017357054,4.4395567718736055,16.439523606984526,14.226578985310416,12.122971788717608,10.199256292378635,8.508970532625026,7.077093476595443,34.33043593641507,349.7549183946333,19.70966433068879,270.2579364246015,202.39554962527598,146.966444990043,104.0248289176252,72.40257952508102,50.08525207646977,0.0,1
86853.0,43.470000000000006,55.0,30262.369337979093,1.8328319113905103,12.0,12.0,12.0,12.0,0.003472222222222222,0.006944444444444444,0.010416666666666666,0.013888888888888888,0.017361111111111112,0.020833333333333332,0.024305555555555556,0.027777777777777776,0.03125,0.034722222222222224,0.5929709714646232,0.3472222222222222,5.85,0.009017883713347804,15.0,-0.8322869547157916,0.5744830067988034,0.8462770904274339,0.8832189929315486,0.8462770904274339,0.8832189929315486,0.7890106834319017,0.7809816689978446,0.7230049818702036,0.8332905807821365,0.7230049818702038,0.7809816689978446,0.7890106834319017,-55.91518603728086,-25.421942006875398,165.84691821055836,40.17927004527324,0.28165160561171126,-50.572159770391636,14.167064979757038,69.04920677820708,64.11771489812385,152.50448415228513,73.88568463232998,215.02403664847893,39.0,1.2926458307887236,45.48611111111111,15.135416666666666,7.306568287037038,4.390243902439025,0.0,16.0,7.0,3.0,0.0,7.291666666666666,0.0,86.0,9.0,39.0,90.0,39.93055555555556,17.36585490745177,1325.5481524568208,0.11846866006788405,0.06559047578859378,14.77181721841902,-2.036059727030172,-457783.0887424312,0.3731606072837449,1.9704745924793305,41.0,45.48611111111111,0.0,0.6938697194994019,-0.00033394992624604514,16.613343953812745,0.07238624210962308,0.01761047828735842,3.0468903158924134,0.32645631817294535,0.5735778152657749,0.26702024124537643,0.2552700126950566,0.18747395464295438,0.3687957347437595,0.1788178736674385,0.17592119927836866,0.20566779249327935,0.10992441968364781,0.820256203514387,0.3534160481512817,1.198896734413114,0.40329791530066605,0.4161373429744623,0.13007031798066696,0.41984920220743815,0.516191091642787,0.4529672210635603,0.2747665081579672,0.394134005852074,0.23115036716447826,0.2934255185141873,0.27336016286139353,0.337194895660395,0.3727842847220327,0.10224652402707606,0.3302205208060972,0.42062135166338255,0.5092247679261591,8.514228032714156,1260.0,72.49207899305556,0.14537733621360185,1.784442953051971,0.047379270628639045,1.4590596368692674,1.155908600543861,0.879877164853803,0.6392785314074607,0.4384533616358353,0.27723761077537845,4.208574539060044,8.420996492780906,3.511949776422743,7.570959988208012,6.574200736712366,5.524039689241118,4.6478613872888,4.239208210858393,4.306168016423728,2.157740845484174,4.206062895504524,8.229759733961343,3.5116301680032387,7.4290362846809135,6.471784192460234,5.453515440803293,4.603687482304992,4.216473040905094,4.297234260875501,17.6909650809399,67.72894527873147,12.331546436830454,55.19058011910559,41.88399063377816,29.740830663079937,21.19393843473168,17.77864490467945,18.466222292842218,4.0,1
130321.0,50.775,43.0,45408.01393728223,1.7845057204901742,57.0,230.0,7.0,27.0,0.003472222222222222,0.006944444444444444,0.010416666666666666,0.013888888888888888,0.017361111111111112,0.020833333333333332,0.024305555555555556,0.027777777777777776,0.03125,0.034722222222222224,0.6448905438599593,0.3472222222222222,4.05,0.019057805130002093,17.0,1.2461279776781362,0.4512551081317153,0.9021014463254942,0.8201583679088174,0.9021014463254942,0.8201583679088174,0.5705559671623126,0.7292623661456024,0.6563719080336622,0.7320433164609659,0.6563719080336622,0.7292623661456024,0.5705559671623126,-38.955785559553476,-5.047153390338652,126.56135085049056,10.597719382478761,-22.498742831043934,21.2811047176359,38.71658944151988,55.78524095093268,38.57149690162828,87.2299256929106,3.8295682825923403,65.76489974403249,62.0,1.4889371809128846,45.48611111111111,17.663194444444443,9.412832754629628,4.909407665505227,-0.024390243902439025,15.0,8.0,4.0,0.0,3.4722222222222223,1.0,91.0,8.0,61.0,90.0,35.06944444444444,21.272129000695305,1467.9087817585125,1.0489468727680198,0.06273610592012989,12.476345736971176,-1.7793598499345322,-707600.0615683314,0.36747281123395303,2.6435059321712,47.0,45.48611111111111,0.0,1.0337292556896116,-0.0004088970159001194,15.698501288071473,0.0934248417192246,0.0276140394366333,14.144653703938047,0.602354737761766,0.35422914812660006,0.540431606872273,0.44742519129778885,0.6646253043037016,0.3681169936129515,0.41185569400775723,0.24939210193644795,0.3135291150682789,0.29566957557705176,0.33779027939911266,0.416456624627476,5.79564067863775,0.17490614554230183,0.18345872743733763,0.33099467374980274,0.5054491486215568,0.32762593607702273,0.522044067060298,1.413249498750756,0.13955255714519996,0.5188801294969612,0.28769596301533673,0.40000260989850195,0.257873922755162,0.5990088201791174,0.3439582327005341,1.021764216528219,0.5904450334780884,0.42814624350907843,11.853903755302264,1409.0,140.51503423996914,0.17202978088337326,1.7077904141436715,0.06443026324389643,1.4255007838035978,1.1583617712432286,0.90734293688908,0.6759299108901219,0.470162455997821,0.3018405172177687,5.484555224456831,17.36261156204426,3.9939091568848593,16.129668233563603,14.640694262922734,12.82086243478901,10.722763891434314,8.60275331388878,6.818041584779413,2.116864394752706,5.481856598325602,17.278418103396856,3.993389424364602,16.066553608045695,14.594797926223606,12.788715430670177,10.701438418596428,8.589895915818449,6.811356939255722,30.05075176460594,298.54373215579216,15.947159094627049,258.1341448402061,213.0081265073009,163.55124236666148,114.52078422701162,73.78631184459447,46.39458335394708,0.0,1
124778.0,48.185,29.0,43476.65505226481,2.0706894644889324,57.0,230.0,5.0,25.0,0.003472222222222222,0.006944444444444444,0.010416666666666666,0.013888888888888888,0.017361111111111112,0.020833333333333332,0.024305555555555556,0.027777777777777776,0.03125,0.034722222222222224,0.6318011663075491,0.3472222222222222,3.6,0.06833100947967284,16.0,2.4738591538169565,0.25249653518254905,0.8320584677178005,0.7195310377592503,0.8320584677178005,0.7195310377592503,0.5098010922311051,0.5502697410166597,0.4155216150807644,0.5327750136681653,0.4155216150807644,0.5502697410166597,0.5098010922311051,-28.429491646643946,5.540063113294764,21.05530078588505,-32.42548693405156,1.5946014679173046,4.823573000278751,-6.091337506223835,66.43242358796579,23.11308634060521,109.35463003067207,-0.13254340208299342,64.59105015371918,72.0,0.8154140976342542,45.83333333333333,16.770833333333332,9.620225694444445,5.139372822299651,-0.024390243902439025,16.0,9.0,4.0,0.0,4.513888888888888,0.0,78.0,9.0,72.0,78.0,33.68055555555556,20.814825112031194,1544.4592966414102,1.256157710895746,0.0963724083607618,12.913676487080807,-1.2961451890125473,-820971.5441204186,0.593144198616473,2.62242649380921,50.0,45.83333333333333,0.0,1.016155118892061,-0.0003946181772380609,15.522572276983091,0.14032330448573627,0.3245928713582803,7.733278935885241,0.6828042052212365,0.6309979858803684,0.3077267607672868,1.0874011244385395,0.5440847176262118,0.3028953589864008,0.3088636399267408,0.263124085832324,0.5095186670635118,0.8717626411390483,0.146224585389108,0.39122493250136714,3.9951089312991996,0.5745282214935338,0.3644998771556916,0.6866430086461565,0.18369912121063744,0.6686495515667928,0.3415445015763224,0.5469630865338692,0.44301077124745153,0.08555794321935058,0.09373222914426167,0.40112974999963313,0.08615425500129759,0.2184485406012441,0.19732020212586257,2.5459498000860368,2.3505442930843747,1.4901610657380149,12.328669585563562,1475.0,151.99609375,0.491507005162744,3.922021415332073,0.15640577847902698,3.4801269531124417,3.005111240851171,2.488362603821708,1.9396599509814096,1.3903571770398495,0.9002357657684532,7.447813391421344,25.939286871926445,4.748512320528641,24.1972016810605,22.019289093606233,19.385631058683366,16.349498491705983,13.006865465972302,9.841776991073006,2.1153641172717887,7.431577569891272,25.641067673592925,4.74593578661476,23.945631868550418,21.813261989393435,19.225263147621433,16.234032777004458,12.932341480573294,9.800517838769812,55.228345177311056,657.464351441772,22.523906490670665,573.3932855841374,475.8183986179165,369.61074309529073,263.5438202048551,167.24545617015667,96.05014990804531,4.0,1
120660.0,48.81999999999999,44.0,42041.811846689896,1.8014434775401955,57.0,230.0,6.0,28.0,0.003472222222222222,0.006944444444444444,0.010416666666666666,0.013888888888888888,0.017361111111111112,0.020833333333333332,0.024305555555555556,0.027777777777777776,0.03125,0.034722222222222224,0.6323056956210162,0.3472222222222222,9.149999999999999,0.005105935977473903,18.0,0.08980517602687188,0.4808969569446756,0.6296289627751401,0.5236703363415584,0.6296289627751401,0.5236703363415584,0.8888234561911117,0.697673529507951,0.8094055119209265,0.5807534646814727,0.8094055119209265,0.697673529507951,0.8888234561911117,-53.18936298402319,-46.07769033509206,62.055472797541285,-7.924419424949029,14.536556649988448,17.764107655797503,30.859563055760834,63.56511946280951,192.43365828880684,118.7448806341061,201.6939029679487,-33.56360145010168,61.0,1.484167659809977,44.44444444444444,16.98611111111111,9.408564814814817,5.7073170731707314,-0.04878048780487805,15.0,8.0,4.0,0.0,10.069444444444445,0.0,80.0,10.0,61.0,84.0,41.31944444444444,20.468471690219896,1697.9037584979983,0.714738628759987,0.062241037017389464,15.492600258943543,-1.649898872631438,-552413.5159570759,0.38762441520289004,1.8786168533358385,39.0,44.44444444444444,0.0,0.5994520642792913,-0.00031041637699660965,16.422085740078955,0.10140899607844522,0.008046461705980387,9.639756861465003,0.25471172665286546,2.527438316729562,0.41513543398837466,0.5404203244053134,0.1364872354599854,0.35879880536457753,0.719741913658824,0.5164220074391476,0.7506966727780432,0.31994763877811677,1.647858888344243,0.513271781694899,5.324221321180648,0.4510011721942105,0.7040559516432137,1.0050773834661335,0.6168313722951646,0.5974191606584337,0.4393846565714973,1.0512331952289344,0.21762528022854624,0.9988019565433459,1.6343957670783205,0.4004715764805115,0.48661933171808497,0.2386700436754899,0.20884412934643146,0.08082053534635603,0.3013525003622292,0.31323460442522755,11.42061130825846,1638.0,130.430362654321,0.15481380256330823,1.5910907839843011,0.054190281157784174,1.3119835007520322,1.051979568230948,0.8122113867344508,0.599545916972669,0.41952605653796454,0.2737099398304652,5.571670861260977,12.753670255646808,5.088426783584538,12.833552190203255,12.400013731592828,11.252075140342937,9.401527597922298,7.182247003388075,5.590084037837574,2.149762151609981,5.569519626750634,12.654032365490863,5.088138219951236,12.7663135286748,12.355309770771242,11.222722825909157,9.382391265979907,7.169983954344855,5.583379121904981,31.019548872760524,160.1245351068903,25.889150545328526,162.97876111242522,152.6536795317153,125.94950762718243,88.02926586793605,51.40866990556268,31.174122418924437,4.0,1
129711.0,49.669999999999995,44.0,45195.47038327526,1.8240261041854586,57.0,230.0,6.0,26.0,0.003472222222222222,0.006944444444444444,0.010416666666666666,0.013888888888888888,0.017361111111111112,0.020833333333333332,0.024305555555555556,0.027777777777777776,0.03125,0.034722222222222224,0.6463776611887606,0.3472222222222222,3.15,0.021806517902149092,16.0,1.3448989109365757,0.41036550615130263,0.651881183283213,0.8747420847731435,0.651881183283213,0.8747420847731435,0.7797915218562035,0.6670039117198341,0.622129105420941,0.6300831629618919,0.622129105420941,0.6670039117198341,0.7797915218562035,-51.01439220466148,-10.195745497407097,0.36167340253835367,219.223350242363,28.131598890183096,-11.952683374468853,90.1034886163577,4.1752124490873,1.8157549921968512,60.76549646654815,21.782330692820747,120.09049793035369,63.0,1.4512148687254132,44.791666666666664,17.28125,9.61697048611111,5.463414634146342,-0.027874564459930314,15.0,8.0,4.0,0.0,3.4722222222222223,0.0,88.0,9.0,63.0,96.0,38.19444444444444,21.222285849235625,1624.2699379751916,1.1262094306976231,0.06850663507870867,13.630533440047454,-1.6477045601538192,-663273.9313192554,0.3760242609638689,2.186810999821496,43.0,44.791666666666664,0.0,0.8445522245136076,-0.00037121281465466246,16.326390527366502,0.08863023836584472,0.09271418056670362,14.203714221281581,0.5327109283916981,0.1865826469307011,0.17743046256423947,0.6128255339410564,0.19511278691130712,0.40615421055580453,0.3862709184195208,0.23455639377421922,0.6734575692570001,0.5143531140260559,0.10950147543525646,0.20070668490306898,7.298632037399583,0.46707965463489165,0.9096450349642939,0.19536263396957104,0.5169876877139601,1.092474635253984,0.7667532128022643,0.8125046055662952,0.7573716498077177,0.651070710695548,0.4292665919482827,0.23928741209597057,0.0879629584125461,0.5417481153912247,0.15868728515153283,0.8384721002397632,0.6310457212123304,0.8341870586796949,12.318433955019065,1568.0,151.74381510416666,0.14633233396210943,1.5762951492302635,0.04938243644881134,1.293825653675403,1.0357515622448321,0.8009899401722931,0.5934850222084761,0.41650453866736487,0.2699049162653677,4.945247177555137,18.484964711763215,4.005597441138157,17.028466838313115,15.23854785076651,13.05809497634969,10.623329349900015,8.307958414621963,6.521215750534276,2.1219215928832913,4.943081680000266,18.417633235506795,4.00529302741047,16.979243152785724,15.20330751190043,13.033505266316956,10.6067385187371,8.297511493716497,6.515627843975752,24.434056495154252,339.2092139976445,16.042372235422928,288.29469804142093,231.14055930140805,169.87225952711182,112.5029020048613,68.84869698835736,42.4534062011921,2.0,1
187979.0,62.265,33.0,65497.9094076655,1.6303705201112892,57.0,230.0,6.0,35.0,0.003472222222222222,0.006944444444444444,0.010416666666666666,0.013888888888888888,0.017361111111111112,0.020833333333333332,0.024305555555555556,0.027777777777777776,0.03125,0.034722222222222224,0.6633578669187764,0.3472222222222222,2.5,0.036695574443359726,25.0,-1.2342564930019593,0.597873629700828,0.935008246358344,0.6745935276338436,0.935008246358344,0.6745935276338436,0.7458113020095519,1.001470987442236,0.8570906608992864,0.7066934183699429,0.8570906608992863,1.001470987442236,0.7458113020095519,-50.409858597104716,-39.92349093667724,247.6433586928845,91.31683418523059,-39.39796693603927,0.3310843251369317,90.93521408575742,-11.591006363640089,45.17575313687565,248.65582534208482,38.101097650237925,32.85169459723685,50.0,0.7645538849240984,44.791666666666664,21.64236111111111,11.896363811728394,5.529616724738676,-0.003484320557491289,24.0,11.5,4.0,0.0,1.7361111111111112,0.0,89.0,8.0,50.0,89.0,36.80555555555556,25.54808918708229,1644.9809536751527,-0.01760774493388547,0.05879363940698232,12.69602765933169,-2.0725443890900372,-765806.1579772453,0.34641523728017626,2.421754686160191,48.0,44.791666666666664,0.0,0.9354675603772007,-0.0004017244063235682,15.905440559055663,0.05495784500421941,0.3644303512496164,20.748509480070123,0.8842492753983313,0.2940710447323639,0.7160586060675314,0.4640830463512418,0.48655656035442174,0.5812268329662104,0.34269260707576,0.9046151585690616,0.7715939559349324,0.9733680270620193,0.515117693090412,0.31675572922189715,2.0360463013258383,0.11407817189765568,0.2618707071882806,0.46002254662783226,0.9250050156139575,0.928240485949537,0.3850562590346886,0.5636168698235173,0.4405737446880262,0.6325886564076229,0.49328206116811446,0.29308445851880643,0.5093173986111561,0.240586972268732,0.32203171503963474,0.40635996257250495,0.5984536526653902,0.22844493018847872,13.576194851554561,1587.0,184.31306664737656,0.09905491408796485,1.1905187857072708,0.034549683813685596,0.971844048130362,0.7712224113085971,0.5882825094110657,0.4267854729437818,0.2895116674288417,0.17999688778576436,5.042408435183339,12.643441604695903,4.707501145134016,10.687401354751971,8.965013470296723,7.442068972457395,6.16523001414484,5.339245034732648,5.075054183802349,2.136367111557843,5.041435405834643,12.587266606862405,4.707374358470594,10.643122984522345,8.931779358834222,7.418781185608192,6.150440251510175,5.331390112844848,5.0718612056046215,25.416070951203114,158.43928063223342,22.15937335078644,113.27606686366784,79.77668251489706,55.038314279934085,37.82791528739655,28.423720535339804,25.723776088917166,8.0,2
87235.0,39.67,17.0,30395.47038327526,2.0150225253625265,57.0,230.0,5.0,19.0,0.003472222222222222,0.006944444444444444,0.010416666666666666,0.013888888888888888,0.017361111111111112,0.020833333333333332,0.024305555555555556,0.027777777777777776,0.03125,0.034722222222222224,0.5958953803654625,0.3472222222222222,3.05,0.07040177183615967,12.0,3.8524751793304715,0.25407877248353933,0.6319838913517051,0.7060150174063252,0.6319838913517051,0.7060150174063253,0.6975432724509292,0.5285000720289244,0.5224682158798182,0.6174028536630947,0.5224682158798182,0.5285000720289244,0.6975432724509292,-42.23982534833044,-1.8179918347478496,-37.94639119420966,-43.89992074538403,0.4406225189178832,28.60446136564874,66.8094687526099,50.481028598244556,20.31224486203292,103.6698718956846,133.78515335675445,50.120078671157806,61.0,0.5093832193199266,44.791666666666664,13.79513888888889,7.74585262345679,4.181184668989547,-0.013937282229965157,12.5,6.0,3.0,0.0,3.125,0.0,84.0,8.0,61.0,83.0,44.09722222222222,17.404002572843854,1270.2152636548492,1.6793212942858913,0.0702769271266613,12.376281718800954,-1.389705795752715,-662396.6569607635,0.5140796510902444,2.6347070781874655,47.0,44.791666666666664,0.0,1.0475859068717817,-0.0004121641037300324,15.626926689018603,0.09884923119189881,0.2706789298224376,20.72566340503986,0.49365942923065587,0.7833996846663137,0.20303892697612236,0.19100523553772747,0.2627071699228343,0.4930065234379974,0.37144686936578575,0.31270177517839126,0.15875520621631117,0.13362356814756413,0.2640800094405409,0.24941251771497558,5.707258076059125,0.09053162067492888,0.5252376848923739,0.4908117716622681,0.15318423494935557,0.427986532241706,0.2438679870240516,3.0552476243596502,0.3834876917184399,0.23706778091620456,0.3601469776304488,0.23086983846685452,0.45567599571061984,0.27713339363106754,0.07792367678325855,0.31682957894444574,0.5334196904263846,0.3550832520823942,10.6110060122413,1200.0,112.59344859182102,0.09988975676921573,1.1920213590346032,0.03782608004996055,0.963491132958143,0.7598862797901784,0.580764724786817,0.42573483763966125,0.2923703569528957,0.1824052691529795,4.745602084313021,22.68890931487448,3.5037460147556487,20.895801304653617,18.692293166589078,16.00072954291835,12.849924679897518,9.452586982838428,6.488378693102548,2.08742094827275,4.744550682533455,22.657574693205877,3.5035418255793873,20.873576526323294,18.67684118547618,15.99018631036122,12.842870167024943,9.448064364858112,6.485814242089605,22.51076117912867,513.3656909782034,12.274805323584145,435.7061970002748,348.82439666749934,255.68605824006337,164.93931412705928,89.26592024250174,42.065786382892355,4.0,2
229648.0,68.94000000000001,32.0,80016.72473867596,1.7183373684943914,57.0,230.0,5.0,37.0,0.003472222222222222,0.006944444444444444,0.010416666666666666,0.013888888888888888,0.017361111111111112,0.020833333333333332,0.024305555555555556,0.027777777777777776,0.03125,0.034722222222222224,0.6664636172634425,0.3472222222222222,3.05,0.04639455766325019,27.25,-1.134795097267882,0.38983189822296593,0.682735224727743,0.8130555563358086,0.682735224727743,0.8130555563358086,0.6732977363595657,0.8301520708105912,0.6276096492849228,0.7153336158030237,0.6276096492849228,0.8301520708105912,0.6732977363595657,-44.955241113555694,-13.416353742821164,-64.5957142367313,89.21312115587605,-6.647684753260184,92.39587861217575,-15.303144308407877,85.98763310781484,83.63555584827802,51.48395537436703,96.9207284431284,24.610104265349783,61.0,0.6340296259906796,46.18055555555556,23.95138888888889,12.978636188271606,5.825783972125436,0.006968641114982578,27.0,11.0,4.0,0.0,2.4305555555555554,0.0,84.0,9.0,61.0,86.0,44.44444444444444,28.238075162604282,1732.7496391506002,-0.1138796866959069,0.08525081481660096,12.471195586039357,-1.8369114194043907,-940155.2527898478,0.44092602546951626,2.5869562312346526,50.0,46.18055555555556,0.0,1.0253833262849423,-0.0004090651682064053,15.996497174853726,0.08345294138520087,0.3787194569746023,23.132386870797035,0.4223250489918263,1.096252395744557,0.4666757185669182,0.8151036669970612,0.5290519673595829,0.18637874668263754,0.5783562973494392,1.1799465837781593,0.25021384005235553,0.9205461526289005,0.47828216137925417,0.7272337971134926,9.296213867424282,0.24226500918081223,1.3301682894109788,0.3313401994654269,0.5018322224565129,0.04868206917375348,0.331443707124555,2.722535075365479,0.5220258396219937,0.734664861129491,0.6894502753584509,0.31392123999855104,1.1309950062325562,1.5763770890731064,0.20084470011148112,1.484713141272192,0.6096263586568285,0.6098107182740662,14.957267771290942,1672.0,223.71985918209873,0.08898824056009762,1.4271430718499583,0.022691556682215366,1.0712365034376907,0.7982917230487437,0.5942392372014746,0.4373209750889547,0.30428706538087025,0.1851727891495369,5.915984141432522,23.261767096391804,4.924897186440426,20.778487445894307,18.2959022959542,15.7707959477165,13.130871903448574,10.317795171076098,7.610868357065708,2.086996029689772,5.915314822959393,23.217947176683108,4.924844910275263,20.75085523280643,18.278478359754512,15.759596586000589,13.12358744054088,10.313307256846523,7.608615392221021,34.99094945472311,539.073071099247,24.25409739026417,430.59799289289003,334.10277114801397,248.3648845534814,172.22854730952236,106.36430657412315,57.89102818674265,8.0,2
173958.0,59.865,38.0,60612.54355400697,1.6560160498511134,57.0,230.0,5.0,33.0,0.003472222222222222,0.006944444444444444,0.010416666666666666,0.013888888888888888,0.017361111111111112,0.020833333333333332,0.024305555555555556,0.027777777777777776,0.03125,0.034722222222222224,0.6444540162224853,0.3472222222222222,2.3,0.026637217706323893,24.25,-1.3179965078918832,0.6538692119365632,0.9985817670428869,0.9836999248422826,0.9985817670428869,0.9836999248422826,0.7455007378465315,0.7571233784032931,0.8035245336083128,0.8485924258831951,0.8035245336083128,0.7571233784032931,0.7455007378465315,-46.35070290695179,-20.60708549782779,149.5816298911806,56.81822917346149,-39.30374796250641,-1.9395865205198124,25.31134082915741,68.72132448700354,34.54248834085234,38.09896066641192,81.41214566448848,232.9407379846821,46.0,0.9209813631462364,45.48611111111111,20.8125,11.573350694444445,4.846689895470384,0.010452961672473868,23.0,11.0,4.0,0.0,2.083333333333333,0.0,85.0,9.0,46.0,86.0,36.11111111111111,24.576835299389817,1457.7540644324065,-0.09736206826497253,0.06139206041096496,12.690496984365293,-2.1051931525675744,-728874.1387236859,0.30634544350403614,2.4606356592377194,48.0,45.48611111111111,0.0,0.9588337668940607,-0.00040190498273059576,15.948057618676945,0.037279754854158687,0.28978224038497363,19.12166612769078,0.6154598106852437,0.4599124213856052,0.18566612803188914,0.7444224289976125,0.8065083694524631,0.25542086943057773,0.5788922889705423,0.365568928870657,0.18783529427643814,0.22964477652898974,0.5581276974341514,0.47921676062444807,1.991313358427736,0.2667447415474558,0.31144211244065534,0.37262585801001225,0.1865649168869862,0.5494562473534321,0.40341503744449386,0.8027154882387346,0.23026640328673453,0.5537974000680277,0.32782339615372563,0.28174789809315764,0.7955257813202605,0.5596495939059406,0.04451086105621047,0.8526077229772897,0.49112069361423416,0.9102957823322754,13.071368600239737,1391.0,170.86067708333334,0.10233376654147085,1.0963256456605526,0.029307730622992627,0.9119217882925281,0.7439507539132602,0.5906283529341761,0.4503909473701181,0.32056855917304705,0.20311110510128572,5.274100614812272,9.621428306672861,4.137417164606771,8.05589852105008,6.933969809030588,6.414673846123341,6.3233185994091015,6.189725697502525,5.876524196459088,2.167919045068505,5.273107726510868,9.558763138561012,4.137313361459156,8.004117667394341,6.893944776998114,6.387425044636459,6.307258208140851,6.181418931701106,5.8730130691625115,27.805665095388616,91.36995273911279,17.11736185090846,64.06589963349423,47.52647458829958,40.799198700849075,39.78150610416014,38.20994000919284,34.492282510553665,4.0,2
151608.0,56.315,35.0,52825.08710801393,1.5956555063057358,57.0,230.0,6.0,30.0,0.003472222222222222,0.006944444444444444,0.010416666666666666,0.013888888888888888,0.017361111111111112,0.020833333333333332,0.024305555555555556,0.027777777777777776,0.03125,0.034722222222222224,0.6436001781765431,0.3472222222222222,2.4,0.029594879360400495,21.0,-1.0593634008930155,0.5251472849617062,0.7372445535540311,0.6669085523543359,0.7372445535540311,0.6669085523543359,0.8583317738438334,0.701576422443343,0.9272342428203146,0.7082492717669086,0.9272342428203145,0.701576422443343,0.8583317738438334,-52.308961842472826,-29.802269669553546,43.015617193282345,48.9901063883712,10.295355534677501,33.99570852443523,106.15171792776331,55.24940373107237,116.3590402041047,52.47910326044134,116.61167892013229,-30.191440057652652,48.0,0.9301432319253568,44.44444444444444,19.569444444444443,10.249228395061728,5.0,-0.010452961672473868,21.5,9.5,4.0,0.0,2.7777777777777777,0.0,84.0,8.0,48.0,85.0,40.97222222222222,22.943771849167838,1502.490448225183,-0.026720709155061067,0.04800184062147097,13.01967669855648,-1.9857767474555166,-696342.6544324968,0.371494352611388,2.2618011078935254,45.0,44.44444444444444,0.0,0.8824824528729531,-0.00039115727283692785,16.071437897200337,0.05920036445997223,0.1676764216608643,16.34902490012637,0.18671576452987595,0.25956566576009343,0.9608644558228203,0.4565573155669834,0.23300345085342178,0.28876126387071677,0.6002626170351125,0.6407948396318877,0.2824047559670938,0.6048304937933008,0.3908753103204938,0.511469702545952,2.0762479046189437,0.21347235138235457,0.31573848329626447,0.6451875197215962,0.4825337464713512,0.5431471347287786,0.37403976884962586,1.9447037909603586,0.583317154046118,0.6330792129842179,0.48795527269752237,0.5618938526394528,0.4840425125849091,0.268671901272597,0.045746639926265986,0.5959054125493963,0.37225054468543195,0.26047449685807406,11.977207971913534,1435.0,143.45351080246914,0.10109187056099356,1.138677540250181,0.029908312278157448,0.9252326167804905,0.7334124388557218,0.5611055323295487,0.4108883443427804,0.28584326947573874,0.185073620103827,4.308699011214646,13.173278427867197,4.116146422408606,11.815834129325102,10.585478973967042,9.3801879068061,8.087142831880294,6.6119383214314,5.078408894325598,2.127695849628887,4.307512925453452,13.123973407373283,4.116037762650367,11.779553504975027,10.560041254788262,9.36339071856881,8.076697960906802,6.605756731193521,5.075035433679947,18.55466760294855,172.2386779974411,16.941766863563842,138.75788077656944,111.51447130283003,87.67308574858056,65.2330499517161,43.63602199170851,25.75598465310701,8.0,2
188943.0,61.95000000000001,34.0,65833.79790940766,1.7361462451638854,57.0,230.0,5.0,35.0,0.003472222222222222,0.006944444444444444,0.010416666666666666,0.013888888888888888,0.017361111111111112,0.020833333333333332,0.024305555555555556,0.027777777777777776,0.03125,0.034722222222222224,0.6609270940260753,0.3472222222222222,2.6,0.05156871101026783,25.0,-1.205424520253756,0.42374377662517704,0.8140070779505534,0.797262321706752,0.8140070779505534,0.797262321706752,0.7824401035857168,0.6759730609003889,0.48360976551845847,0.8601036581050432,0.48360976551845847,0.6759730609003889,0.7824401035857168,-39.14389721513345,-1.1952412646010446,94.8993903707854,-38.57689682474031,15.403718339304177,5.62542988282424,-23.915704297371516,110.74288172979448,30.69208516784313,86.91571219123608,50.73164084151585,42.00576563334802,52.0,0.5155494486448979,45.83333333333333,21.54513888888889,11.914472415123457,5.477351916376307,0.020905923344947737,22.0,12.5,4.0,0.0,2.7777777777777777,0.0,88.0,8.0,52.0,87.0,38.541666666666664,25.613513685813068,1633.7745835879582,-0.01717266782963761,0.08194307134618556,12.372950606751527,-1.720836954861547,-892567.153319528,0.4728941481913496,2.6563404539631374,42.0,45.83333333333333,0.0,1.0510044793110884,-0.00041227286445977084,15.79727720528793,0.09683494514777946,0.19092114432044424,19.730324570182823,1.191902211798553,0.704629354240456,0.6452412109858006,0.5273796187136666,0.43029547488826225,0.5735293881869231,0.2909937218417422,0.3501754930407532,0.1967561911585857,0.30703504237855406,0.6143622627985497,0.6628031803971499,8.457799466410158,0.8678984619571877,0.2616397949895951,1.1934544369772428,0.5485384266937007,0.5544260293055362,0.5027089615911662,3.0372957826986196,0.2450550591479576,0.3571966240105837,0.5990951600634702,0.4113128835546731,0.5329450224540928,0.8283422810041609,0.6138211833900101,1.76190002627787,0.599328303742892,1.3643080713022722,13.851320283345592,1572.0,191.859073591821,0.11499022913912077,1.6379348207862516,0.036778432307654575,1.222608615068373,0.8776643725755067,0.6126617311763441,0.4277732222732283,0.3029416007562224,0.20639988980264712,6.457117061507245,23.379413091019394,4.5189077122653645,21.138712903412404,18.601322196663865,15.897247402739891,13.194129668368582,10.578490967904797,8.297274676777516,2.0918367422788977,6.456093090500669,23.321966598110567,4.518758043853242,21.10332702175784,18.58060528382247,15.885437374748992,13.187193324435263,10.574152332200185,8.294707116431713,41.681137993210484,543.9141260033849,20.41917425888838,445.3504113872546,345.2388927132115,252.34712058707217,173.90206777602995,111.81269754457463,68.80216614738289,8.0,2
173854.0,59.69,36.0,60576.306620209056,1.6490397690015761,5.0,5.0,5.0,5.0,0.003472222222222222,0.006944444444444444,0.010416666666666666,0.013888888888888888,0.017361111111111112,0.020833333333333332,0.024305555555555556,0.027777777777777776,0.03125,0.034722222222222224,0.6530814302571631,0.3472222222222222,2.45,0.028390519580015657,24.0,-1.225185483267142,0.5562706559315338,0.787538265256826,0.8443751629250047,0.7875382652568259,0.8443751629250047,0.7262488639027922,0.7762563144406387,0.9284351383078082,0.7454314264650244,0.9284351383078082,0.7762563144406387,0.7262488639027922,-50.909339230171305,-34.295148288536794,39.96824423450546,101.79523634760446,-31.111882376093686,28.371886015292873,117.11773106433793,29.621057767053088,66.03415284089986,69.88361801783591,74.91129381981209,158.8348312979351,49.0,0.9008487716146489,45.138888888888886,20.743055555555557,11.56645447530864,5.414634146341464,0.0,22.0,11.0,4.0,0.0,3.819444444444444,0.0,92.0,8.0,49.0,91.0,39.93055555555556,24.56948762636743,1613.6244892618997,-0.008972400778187154,0.05935351184950308,13.388598252041202,-1.9456686377833723,-724933.0756122246,0.3456391566627966,2.256739377311606,45.0,45.138888888888886,0.0,0.851499012885625,-0.00037911199282896196,16.09988892120667,0.05374645863797234,0.2062065198254739,18.66545887013114,0.46086017382094147,0.36159793114490635,0.5131703160891817,0.7084714421453886,0.19405301734320077,0.9978399245464861,1.0791693801879976,0.5557958274742947,0.1467987446772086,0.4532694014026557,0.6475653560502781,0.19420670579959778,2.084477662816,0.37769365175320246,0.493665378877812,0.3540016883617656,0.18756757677780883,0.6723190222668562,0.8549678921684818,1.022350991578365,1.0187329330840007,0.5043074613001147,0.6093652636396166,0.41908554628391403,0.38542015244182964,0.5740901523217924,0.12558863466378825,0.8037731503581875,0.49493144177150317,0.5991439499781586,13.16758779888549,1554.0,173.38536844135803,0.09393697344735029,1.157216008019885,0.023481706428315124,0.9711509372205973,0.7974794705930699,0.6310649484928645,0.47156145787014897,0.32220748603742894,0.19227128058195536,4.932237692140042,11.544766518692295,4.762772924028434,10.033313932117974,8.846360458530825,7.906449935653021,7.0621498147247,6.171627073512436,5.308526929091418,2.151721622913716,4.9313430723066185,11.486622004832453,4.762715038223637,9.986203198291541,8.810341642424559,7.881225007305106,7.04638842223926,6.16321045157904,5.3050438180614625,24.31814449678648,131.9424850819011,22.68345453532158,99.7242543175682,77.62211985624029,62.11370761577137,49.65158979706749,37.98516307045311,28.143489911552138,6.0,2
145779.0,54.17,30.0,50794.07665505226,1.5702806988660918,57.0,230.0,5.0,30.0,0.003472222222222222,0.006944444444444444,0.010416666666666666,0.013888888888888888,0.017361111111111112,0.020833333333333332,0.024305555555555556,0.027777777777777776,0.03125,0.034722222222222224,0.6470411290276799,0.3472222222222222,2.25,0.044353049956564104,22.0,-1.1730485548443867,0.4857726528633255,0.7622076314959632,0.7261920110658023,0.7622076314959632,0.7261920110658023,0.7428587955907405,0.8868037132465374,0.6830336517299843,0.6111042675603289,0.6830336517299843,0.8868037132465374,0.7428587955907405,-46.81871832518725,-30.09440491040703,-18.958972343864268,182.49519718445458,14.955170340804113,48.43588154814832,-26.21640847399792,16.884880360438277,115.88863228951996,132.45413657535127,60.54243533894701,39.80276112125857,45.0,0.6762968183922458,45.48611111111111,18.822916666666668,10.807002314814813,5.32404181184669,0.020905923344947737,19.0,11.0,4.0,0.0,4.513888888888888,0.0,84.0,7.0,45.0,87.0,37.84722222222222,22.498379571278758,1591.9084136101715,0.08204105506194558,0.044653908909331325,13.569603053642247,-1.7172804175710679,-707403.156560278,0.42758960827779363,2.2686342149488827,43.0,45.48611111111111,0.0,0.8483891438925014,-0.0003732021903317186,16.08587183367934,0.06916146574507931,0.304247769872328,17.5511364394816,0.5249213575379342,0.985001534700009,0.6232323898994844,0.730274608425586,0.2679863787124162,0.4442895355867985,0.2688736584882588,0.6488068737764616,0.4924492109251363,1.1943330066080304,0.5951399394177281,0.47666388776605917,3.5272456473216254,0.3974795429237837,0.7648609624211026,0.42463582020204693,0.35043489990272786,0.6002035071759585,0.25456609551627524,0.6200505919058296,0.4409452843865978,0.4526056524664295,0.436407452511158,0.4640761985965872,0.4071639777587099,0.7042847269913521,0.3545061479007472,1.2847156316960286,1.1203372302829058,0.5128333564646812,12.32375314151722,1528.0,151.87489149305554,0.07983794258174516,0.9896325822568675,0.031601138345179164,0.808170707931064,0.6475731563047111,0.5050918091138894,0.3772371907670343,0.25912131355330437,0.15465248438560675,5.604687251212772,13.892311456244958,4.799386285159052,11.990362308496383,10.284951903759815,8.863851905835714,7.898115172815829,7.291488930746771,6.489996161729771,2.1441901341245915,5.604118582509768,13.857017895256197,4.799282246568552,11.963095268192632,10.264545029853306,8.84944929772206,7.88910105049782,7.286883213834644,6.488153264862083,31.40614508683129,192.0169449494505,23.03311008222809,143.11564839585293,105.36088466988619,78.31275287295347,62.23791538496582,53.098666972065104,42.09613278834051,12.0,2
188797.0,62.53500000000001,30.0,65782.9268292683,1.6708233181671321,57.0,230.0,5.0,34.0,0.003472222222222222,0.006944444444444444,0.010416666666666666,0.013888888888888888,0.017361111111111112,0.020833333333333332,0.024305555555555556,0.027777777777777776,0.03125,0.034722222222222224,0.653249034707357,0.3472222222222222,2.55,0.04288458058170433,25.0,-1.16086097093953,0.5207396342137052,0.937079757252124,0.8131292330879225,0.937079757252124,0.8131292330879225,0.8458805674924431,0.6764236214801286,0.7776788308643351,0.5721665244552062,0.7776788308643352,0.6764236214801286,0.8458805674924431,-40.91615232832406,-36.5814367177599,94.17194905244824,57.71777514554371,9.740785851053557,16.368284504740068,31.980151351350376,-0.9958756256245719,51.74110675325447,19.886221765612436,117.89950964527623,166.83802207257264,51.0,0.6810052271369614,43.40277777777778,21.73263888888889,11.68038676697531,5.139372822299651,-0.010452961672473868,23.5,10.5,4.0,0.0,2.4305555555555554,0.0,79.0,8.0,51.0,81.0,38.19444444444444,25.603615738580537,1541.2536403496515,-0.08943677626025581,0.06973488821640564,12.141176548859129,-1.8931459400718615,-856577.569934424,0.4123603343715242,2.5481774277254923,45.0,43.40277777777778,0.0,0.9908844399922112,-0.0004198402819758421,15.27512418915193,0.07527586432900057,0.31721622765413465,18.561901129514965,0.5872353035057426,0.717130165109843,0.41582856178881267,0.45776496815668005,0.7189079225664413,0.7112404148791927,0.9137090709960164,0.37723468390742126,0.4710830299454226,0.7850797846775541,0.21040038761802315,0.7340405588258515,4.243760694418779,1.005879394658832,0.3403417129233769,0.43851731539721905,0.31360047010326236,0.43440314173103733,0.8370407631424616,1.8756794387374256,0.1782373363158871,0.778355537213687,0.30866187460363764,0.46955327494470095,0.282156546577915,0.30810003699493493,0.11933056248152693,1.2474678750582844,1.4047473585337307,0.7628454942718688,13.53652635701062,1475.0,183.23754581404322,0.07708947499855494,1.3403547863047796,0.02826730432921479,1.046459015603939,0.8055405121406345,0.6097158379062536,0.44596668155219554,0.3005031487492744,0.1725554249076704,5.959165486782294,17.716646708323633,4.813651992093851,15.161475521842453,12.714010473144587,10.594078018370018,9.031784490264297,8.041913984934752,7.232660982089199,2.1120705215900175,5.958666840133093,17.665871606982332,4.8135689940516135,15.12531862567163,12.688465896022674,10.576518125371747,9.020767417327864,8.036297555384625,7.230602292144855,35.5057105117017,312.0830196343846,23.17044646049506,228.7752635280891,160.99716679453047,111.86273565631708,81.37424479752401,64.58207839868089,52.28160950717044,10.0,2
192756.0,62.709999999999994,33.0,67162.3693379791,1.6944905476353522,9.0,9.0,9.0,9.0,0.003472222222222222,0.006944444444444444,0.010416666666666666,0.013888888888888888,0.017361111111111112,0.020833333333333332,0.024305555555555556,0.027777777777777776,0.03125,0.034722222222222224,0.6579326243359365,0.3472222222222222,2.45,0.04836948107629649,25.0,-1.2195599234451728,0.43413791235738525,0.7718593532648793,0.814106711294758,0.7718593532648794,0.814106711294758,0.6674033164989888,0.8489725158864445,0.6491832487848334,0.5533865276632954,0.6491832487848334,0.8489725158864445,0.667403316498989,-42.2868787975455,-15.789935139912957,-2.4260914349492175,48.098529664684136,12.025749820004823,67.49188904126808,33.437050523955435,1.4358501545904692,63.97520884409173,94.08039109879742,12.728749415846703,85.46392759246913,49.0,0.5701735626146044,45.138888888888886,21.805555555555557,12.062114197530864,5.588850174216028,0.0,23.5,11.5,4.0,0.0,2.7777777777777777,0.0,74.0,11.0,49.0,86.0,41.31944444444444,25.870671940764634,1664.1901255237642,-0.10060466230645555,0.07515603084849433,12.38322475680795,-1.8027414738549083,-872551.2803314541,0.44321615992635877,2.601508835553181,49.0,45.138888888888886,0.0,1.0225832787218816,-0.0004119374137030869,15.794981046884715,0.09369478980708001,0.31113327747573993,16.792132756467247,0.8310700848634308,0.721550575529472,0.4709764875206427,0.41949508879726993,0.4242095537400661,0.5026080466032201,0.6255135144816204,0.4975730868853184,0.7490434901178473,0.6604832591989435,0.6984241511168003,0.6094742353489633,9.23664693818986,0.24850109690782526,0.3207421005004515,0.6641964208619123,0.24601158066641,0.5007989405431144,0.5935044792978641,2.823649368062199,0.6233201044841311,0.5841663963054271,0.31222289358797967,0.4547397227308271,0.34637155233916195,1.0393193013164361,0.3246512081324049,1.290826861934136,0.9999576722088758,0.5659731609599701,13.921544942291675,1604.0,193.8094135802469,0.11552651848158638,1.3176520587951843,0.05141516395644833,0.9844467406055054,0.7238658787345401,0.5311472220807176,0.39263049564767616,0.28755116536169273,0.19670780152454764,5.663400811159033,21.525649075212783,4.68518021424295,19.42851638129672,17.225803193330655,14.950619432709392,12.610518510799938,10.14483009385272,7.69618363140681,2.0800326614112157,5.662222388017298,21.48528243149626,4.684898090764509,19.40355929702657,17.21058726031638,14.941181481067138,12.60440472236255,10.140754013407431,7.69366938002625,32.06076237136431,461.6173611611618,21.948270120848946,376.49811339322616,296.20431384496453,223.2389040501836,158.8710184051154,102.83489196043891,59.192548529153505,12.0,2
172923.0,59.72,36.0,60251.91637630662,1.627400866281524,57.0,230.0,5.0,33.0,0.003472222222222222,0.006944444444444444,0.010416666666666666,0.013888888888888888,0.017361111111111112,0.020833333333333332,0.024305555555555556,0.027777777777777776,0.03125,0.034722222222222224,0.6563506133247661,0.3472222222222222,2.4,0.0245986263782169,23.0,-1.1715635265128226,0.6133201255571628,0.9886729897878679,0.7948607794295566,0.9886729897878679,0.7948607794295566,0.9149312360543238,0.795482278627371,0.7725227203691096,0.44965722808731,0.7725227203691096,0.795482278627371,0.9149312360543238,-39.870283424937064,-33.20156364210589,141.3776331748995,120.44059949913158,-10.423273287819512,-2.593292878327762,20.115642452231523,-53.93744360059952,48.08812841955291,129.0863825681341,163.64961148837668,57.18270824666519,48.0,0.9161849588292404,44.791666666666664,20.760416666666668,11.332899305555555,5.073170731707317,0.020905923344947737,21.5,11.5,4.0,0.0,3.819444444444444,0.0,72.0,7.0,48.0,74.0,38.541666666666664,24.503613679074633,1528.1584808108914,0.005512621485150669,0.056839988506162877,12.653246328507556,-1.942208567154861,-772369.3039402945,0.35487027318784814,2.4762308208273107,46.0,44.791666666666664,0.0,0.949284297918604,-0.0004031212157645527,15.54247979764968,0.05291522050390052,0.24943915934727942,15.87407770423959,1.1227959106021639,0.5732794273018582,0.6636875830531656,0.5305989900803685,0.2367836883318605,0.38409095334155974,0.594220407323593,0.626422512253014,0.5354787311735253,1.0164055092100432,0.4436322616813877,0.39601340216552605,1.7715807874157856,0.09557706111901729,0.39868919137956726,0.7464076262443181,0.5759236799019669,0.25493107326480785,0.31057415537499916,0.7692887001468904,0.9042547484710075,0.242767025126696,0.4023335487009594,0.7821559844597579,0.25721640494017917,0.11170549531786489,0.12258696978713439,0.8885072627543483,0.9497427971545399,1.8989071862721207,13.016611815665481,1456.0,169.43218315972223,0.09418088535845717,1.128666083341268,0.03454719770955708,0.9334251375566258,0.7554563991593977,0.5914509008320091,0.4399107022177405,0.30051477508730584,0.18165364592097266,6.360280199291554,11.69851976511058,4.690128926340299,10.294117255371411,9.084092955668735,8.127604349681366,7.49029466600454,7.19367469887745,7.173325733017765,2.169583633310757,6.359582861661079,11.643945962043881,4.690001688360509,10.25171047093668,9.052625611180408,8.106055655919496,7.477365362054361,7.1873949761526115,7.171025311968887,40.44429417433332,135.58147756699802,21.99611583682442,105.09756757991279,81.95003045619946,65.70813829686446,55.910992757650355,51.658646543223796,51.42360402489848,6.0,2
236050.0,68.16999999999999,35.0,82247.38675958187,1.6626003812751533,57.0,230.0,5.0,40.0,0.003472222222222222,0.006944444444444444,0.010416666666666666,0.013888888888888888,0.017361111111111112,0.020833333333333332,0.024305555555555556,0.027777777777777776,0.03125,0.034722222222222224,0.6893845022004728,0.3472222222222222,2.95,0.040205206292071,29.0,-1.188451581946365,0.48835738895242403,0.7274934754299834,0.739151638343132,0.7274934754299834,0.739151638343132,0.8142283195344246,0.7859643446235848,0.7727516320668275,0.9245232028677144,0.7727516320668275,0.7859643446235848,0.8142283195344244,-49.384308955703936,-32.395361375673225,18.957848787346787,130.71785803429844,-0.5956837421459618,19.790791089526447,13.491762465008035,106.23718569184162,83.68902480131241,95.10099542904504,89.8794946565482,55.41892032423966,59.0,0.8331028823228437,44.44444444444444,23.6875,14.121527777777779,5.156794425087108,0.013937282229965157,25.0,14.0,4.0,0.0,1.3888888888888888,0.0,88.0,8.0,59.0,92.0,34.02777777777778,28.62897231050314,1542.7944631323949,0.07683434095939062,0.0708825136941434,11.699101665575942,-2.053178541406123,-904562.3343534506,0.314794540091278,2.6629392096719235,45.0,44.44444444444444,0.0,1.0661612215653122,-0.0004342740164739684,15.634351105360835,0.052942309225538775,0.37943084404657174,27.41071729598617,0.5409533835146993,0.7304126780763853,0.9966332104770202,0.5246600995444141,0.24305965855748085,0.5211428742904316,0.4261402960256513,0.41543257138361495,0.5023015923858284,0.4126707058332289,0.662495259237545,0.4167169168611983,7.0959719399486145,0.3266004697665007,1.2683727358794368,0.5865982274266608,0.3481472233914392,0.5625339845401219,0.1669348386795307,1.1687494006905592,0.44548555583018956,0.8120205096712668,0.44748634052785163,0.18910712187161427,0.5594676922873547,0.6424429253118796,0.14209865697727062,0.8655813521370324,0.5957874951056812,0.5817574786365088,16.078569566524116,1480.0,258.52039930555554,0.09699477244523697,1.197656614096676,0.028475432706497297,0.9742739624509738,0.7675301071485245,0.5785818510109039,0.4130616336933541,0.2765880216956613,0.1734986642734466,5.1456824778060914,18.908074883352715,4.510137245192576,16.67669734766353,14.32048975469744,11.80648505559331,9.283706807310955,7.104890864594516,5.643188796203362,2.0656360069062063,5.144768233508573,18.870106370372802,4.51004735232408,16.64821385829897,14.299906445463723,11.792299708268484,9.274513042250916,7.099505142194988,5.640521075493867,26.468640176518925,356.0809144291842,20.340527120205447,277.1630246716579,204.48732434901493,139.05833240962897,86.01659217088235,50.40297326405308,31.815478003090487,14.0,3
159755.0,57.519999999999996,35.0,55663.76306620209,1.6365708115551942,57.0,230.0,5.0,32.0,0.003472222222222222,0.006944444444444444,0.010416666666666666,0.013888888888888888,0.017361111111111112,0.020833333333333332,0.024305555555555556,0.027777777777777776,0.03125,0.034722222222222224,0.6454869296637469,0.3472222222222222,2.3,0.031843279641914544,23.0,-1.219091436946264,0.5144544756186968,0.9661971590127971,0.8098883356426079,0.9661971590127971,0.8098883356426079,0.6477621706862138,0.7208276096038847,0.7773113554759622,0.8117139006902185,0.7773113554759622,0.7208276096038847,0.6477621706862138,-42.41531102855132,-1.543447173259392,137.12805428906216,31.803044341652384,-27.804872376460594,18.491363690499202,15.097918191939463,74.50910982410441,94.96737461050724,73.46322379011607,8.495784634090272,33.57155383720178,46.0,0.7384376218454813,45.48611111111111,19.99652777777778,10.79545235339506,5.024390243902439,0.020905923344947737,21.0,11.0,4.0,0.0,3.4722222222222223,0.0,90.0,7.0,46.0,92.0,44.09722222222222,23.552173171728995,1506.0513310635529,-0.081781516530873,0.057464413311953184,12.775350260796285,-1.9423477500235888,-736790.4034121215,0.3806686426576631,2.4558027555378055,45.0,45.48611111111111,0.0,0.9676725747000744,-0.0003991345252592165,16.01059208108472,0.05911869944317938,0.24714312411443692,13.762499263680942,0.6022836859041376,0.3563226604571833,0.6785037428352713,0.9006662371305965,0.605561009378995,0.1480049822177411,0.5550782377950977,0.24821537595850657,0.2179663270761698,0.487234987860789,0.3616859824653177,0.4944644142895753,4.616035644443484,0.25020767105588304,0.36941739326136613,0.2355995614265558,0.43338838789226264,0.43629043034073495,0.5206600208319888,1.3928731732646367,0.19812648557177542,0.3500108273338842,0.644401172394505,0.8761341467161549,0.6061245813156687,0.5594690441804514,0.14997724687928513,1.2504571376556488,0.7854367687553827,0.7004414584610081,12.443622380306824,1442.0,154.84373794367286,0.1080666355568996,1.0649911286926057,0.028311668720619496,0.8948660866754885,0.7422282557415625,0.6025873986360855,0.47293885669320496,0.3484776755185053,0.22416903298360047,5.532766162080017,13.028015340528736,4.190478748360044,12.442743849732521,11.75821775274837,10.784453145538945,9.525756744728447,8.096266389047374,6.635664023182194,2.132112551537257,5.531710676322204,12.984412871164338,4.190383107768478,12.410523324863242,11.734768081961645,10.767605029686491,9.514009165308241,8.088763363585525,6.631876451895474,30.59982300653705,168.59497760885813,17.55931058987141,154.02108919697457,137.7047819374258,115.94131807532982,90.51637039756922,65.4280927520834,43.9817852732057,6.0,3
212617.0,66.415,36.0,74082.57839721254,1.6149861958357046,57.0,230.0,6.0,37.0,0.003472222222222222,0.006944444444444444,0.010416666666666666,0.013888888888888888,0.017361111111111112,0.020833333333333332,0.024305555555555556,0.027777777777777776,0.03125,0.034722222222222224,0.6627428972908448,0.3472222222222222,34.45,0.02929113842508728,28.0,-1.2282231259024954,0.5665483129517102,0.6848782810252971,0.986261353828009,0.6848782810252971,0.986261353828009,0.758267195222214,0.7883045443310512,0.8285420320590444,0.8011239796228258,0.8285420320590444,0.7883045443310512,0.758267195222214,-51.09666464155511,-12.609691411514035,-63.94259764505313,80.59373478750098,-26.671789152887612,11.027754192017294,26.469922144432406,68.95915259951184,129.93804281429095,75.11315274276228,116.46572670154167,174.7659797966832,53.0,0.8834294412147309,45.83333333333333,23.086805555555557,12.572024498456791,5.425087108013937,0.010452961672473868,26.0,12.0,4.0,0.0,2.083333333333333,0.0,83.0,9.0,53.0,90.0,39.93055555555556,27.170820234623434,1622.1808349804928,-0.11806409086293292,0.06402313436134853,12.698544712880885,-2.1044965559045243,-808380.7926879076,0.3307477866060728,2.4577824962676673,46.0,45.83333333333333,0.0,0.9765614484910099,-0.0004016422245846356,16.25495675896454,0.04539732666375995,0.28061165397986915,18.986282805475867,0.6288375125538541,0.9603257596538158,0.5535764307779021,0.6707908132601066,0.4010507940577105,0.40782992707783905,0.49989369109512927,0.5086669259129919,0.41169868818226585,0.28890187303590487,0.27003997531436325,0.7282746978549199,5.885468364490443,0.35688831967799606,0.8052365905474197,0.3100054850090411,0.06565606619468792,0.6048611641754449,0.8223761680987014,0.946598526736787,0.8900597674372538,0.405508734352067,0.5097894006882229,0.8545460063338725,0.39086899655341534,0.3517287323311513,0.7475583522772342,0.6904456524460019,0.6839811653258216,0.7725799593792589,14.326649345265324,1557.0,205.25288146219134,0.10715704874793743,1.2602650320613231,0.027987490242664163,1.0324114896870125,0.8289818086619052,0.6480138602010566,0.4881048828864144,0.34520243615283835,0.21794736358875577,5.376378627866109,13.3095101215669,4.3912460243046585,11.91609206073143,10.684829631877903,9.481350197150476,8.166891376466598,6.792217276958991,5.807076199886627,2.1268472045847044,5.375310643774842,13.24970911850729,4.391156834634967,11.871283692835783,10.652622842434802,9.459179647199473,8.152292216199497,6.783439453219462,5.802984830067576,28.893964517079105,175.55479172505522,19.28225834636138,140.9273765157888,113.4783734231637,89.47607959799274,66.45986837830691,46.015050815494355,33.67463293799441,14.0,3
209342.0,65.69,32.0,72941.46341463414,1.6217279857840279,57.0,230.0,6.0,37.0,0.003472222222222222,0.006944444444444444,0.010416666666666666,0.013888888888888888,0.017361111111111112,0.020833333333333332,0.024305555555555556,0.027777777777777776,0.03125,0.034722222222222224,0.6666156953789172,0.3472222222222222,2.7,0.044145574188112054,26.25,-1.2430160709021016,0.5953431488314674,0.8857110455122125,0.7277993923818378,0.8857110455122126,0.7277993923818378,0.9321271798462877,0.7992513352382127,0.8301512236063259,0.7662099211098465,0.8301512236063259,0.7992513352382127,0.9321271798462876,-53.09319963962697,-44.35788567269597,184.36587726834603,197.77191281416302,-13.905677124188694,-7.920967433689085,26.4116728385901,34.97339049634769,63.477426476001945,93.27257284883446,169.77561030391144,43.97101634640825,54.0,0.6736685866340447,44.44444444444444,22.833333333333332,12.48263888888889,5.2473867595818815,0.020905923344947737,24.5,12.5,4.0,0.0,1.3888888888888888,0.0,81.0,9.0,54.0,81.0,37.5,26.960748217444642,1573.27657669818,-0.08105574478003368,0.06344919603422428,12.565936609886137,-2.1028875115736962,-808086.2818873115,0.34608777679046676,2.4221802662712815,44.0,44.44444444444444,0.0,0.9432880654122792,-0.0004059718760154325,15.881253880539997,0.0549971881218736,0.3465189212666984,22.052638705386528,0.5508077508303074,0.680659468243551,0.22129653451211523,0.46423697317924184,0.7031637884206665,0.37826471937688655,0.2485154439551726,0.5290727173245585,0.7439219288123068,0.958265360127297,0.2989627056053191,0.30149613374813566,4.0375675000933855,0.7651849808398884,0.6779233661288199,0.37068794086034135,0.6589459814095365,0.44022021987386495,0.27587885533670564,0.6427807699086331,0.5582809961484309,1.0264348789129785,0.34351274193461906,0.5675383214262791,0.36599450248401755,0.20060435016967562,0.20661776677773616,0.207798189779668,0.808495460567664,1.3292341383262858,14.335997814359953,1506.0,205.52083333333334,0.13697935340839587,1.233965365682749,0.045662028866061424,1.0172495123543945,0.8233401231022188,0.6498652209723187,0.49704435322932167,0.3625162275264286,0.2418187637648584,5.338756901807226,13.206419415868096,4.705645686618931,11.133577018313776,9.376713577442382,7.846350602964622,6.512352190107666,5.65261561955967,5.5755168027243895,2.127929074783841,5.336999336081476,13.1486441606773,4.70542413679311,11.087007741150876,9.340496162146973,7.819392110593629,6.49335644785676,5.640979110692572,5.570270307889307,28.483561913334118,172.88684326411325,22.141016307115187,122.92174065233942,87.24486855508235,61.14289297921388,42.16367795892296,31.820645327269958,31.02791130295323,14.0,3
166422.0,59.514999999999986,37.0,57986.75958188153,1.689519174147649,57.0,230.0,5.0,32.0,0.003472222222222222,0.006944444444444444,0.010416666666666666,0.013888888888888888,0.017361111111111112,0.020833333333333332,0.024305555555555556,0.027777777777777776,0.03125,0.034722222222222224,0.6410492576130238,0.3472222222222222,27.949999999999996,0.04312839047505832,21.25,-1.1431768574743946,0.48844307762067296,0.6277152361670445,0.8950422527061447,0.6277152361670445,0.8950422527061446,0.7014487241294745,0.8677154159334035,0.6450568835452232,0.7095205991580595,0.6450568835452232,0.8677154159334035,0.7014487241294745,-54.85572456790571,-20.174234342091555,27.049497737045392,102.60532825328517,10.058954804912059,91.5804038685475,26.498537656143206,45.47110676139211,18.73341244047196,37.67233347805939,51.053347133224136,153.85039520641823,43.0,0.6997196504109261,46.875,20.6875,10.52517361111111,6.386759581881533,0.003484320557491289,23.0,9.0,5.0,0.0,5.208333333333333,0.0,87.0,11.0,43.0,91.0,46.52777777777778,24.0385974355133,1895.9903100103209,-0.19801803477784796,0.07153858674029155,14.673314089581297,-1.7563321609196145,-698879.0526499333,0.49269647539912403,2.067967549945329,46.0,46.875,0.0,0.7548136858959188,-0.0003371660510761178,16.850331585727293,0.1171923467800926,0.1421879453836648,14.512297742121362,0.37164750725598616,0.6017810556799654,0.06200048005679724,0.3906733980293103,0.3483702072426618,0.8031007823674653,0.6053094943104336,0.4506634378958367,0.6720770311143122,0.6368721741479797,0.9621448260662291,0.7839929188612134,3.2097529890462253,0.719969480721451,0.6108405760041281,0.7456047613335017,0.4639220752873272,0.33309038811352487,0.5996783625434685,1.4749807587955057,1.093734846669689,0.5801137710858584,0.2390730523567076,1.3032131676272798,1.0525889272010915,0.7288207887673539,1.1340407326276736,0.503566024794592,1.0232975642571227,0.4492600578862692,12.242610441268916,1833.0,149.88151041666666,0.09734202864080944,2.1777026013661924,0.029297305809277363,1.7654425893635708,1.379577710307107,1.0189376639600003,0.6923789029802866,0.41915544171792984,0.22309958730490986,5.061032654433855,16.02240922489854,4.929076923078277,14.039259849298194,12.222559890523225,10.701385561104376,9.418036484185361,8.110871594896377,6.574330615512973,2.126921036768904,5.06009644756954,15.873726996207184,4.9289898540669705,13.927814960710009,12.144452874405289,10.652765789426564,9.392551446340573,8.100033749594822,6.5705440882940245,25.604576058705877,251.97520875011676,24.294940981495134,193.98402957977754,147.48773561865087,113.48141896437694,88.22002267215437,65.61054674457513,43.17204961621555,8.0,3
186548.0,61.465,33.0,64999.3031358885,1.6344042284023412,57.0,230.0,4.0,35.0,0.003472222222222222,0.006944444444444444,0.010416666666666666,0.013888888888888888,0.017361111111111112,0.020833333333333332,0.024305555555555556,0.027777777777777776,0.03125,0.034722222222222224,0.6608020887580571,0.3472222222222222,2.45,0.04345177223552126,25.0,-1.2218078202915903,0.5544544510141246,0.9407735374278161,0.6778162731630455,0.9407735374278162,0.6778162731630456,0.7358387693381694,0.7492143395243152,0.8492379946960873,0.9582561546652089,0.8492379946960873,0.7492143395243152,0.7358387693381692,-43.660229013668236,-38.37924277240966,132.96322732969304,-28.44456258751885,-21.534984542104663,37.815579325675415,76.50504848528726,106.55958617736466,91.90362584941987,43.68845933954556,79.12088299997856,34.08609708836351,49.0,0.6914376882200663,45.138888888888886,21.354166666666668,12.091435185185183,5.062717770034843,0.010452961672473868,23.0,12.0,4.0,0.0,1.7361111111111112,0.0,80.0,7.0,49.0,75.0,35.06944444444444,25.450660327604687,1519.8837179094116,-2.080956974746326e-05,0.060999220348110575,12.336975778769101,-2.000353809106257,-794598.3491023915,0.3499357882547085,2.560517083071423,49.0,45.138888888888886,0.0,0.9979739863660437,-0.00041344744174373187,15.745913998452757,0.05019348130178247,0.4093409646904032,20.63875470385537,0.9386705192154645,0.5422113140190771,0.5230047296773475,0.49235590188798894,0.9279970734476919,0.72154955623952,0.5180830289076552,0.42814078348854795,0.18507568651868186,0.551524007458296,0.4365072876651225,0.44589861824297916,3.340864495637777,0.3751764257230667,0.5000263697912226,0.2405971251270746,0.7105309487342383,0.43673049153394394,0.27322763035423103,1.2431840915688699,0.4314067661835518,0.13269274017173852,0.37504719238736933,1.0778048356589376,0.3261381903848686,0.18899029879952284,0.3577625175609176,0.8350991533870078,0.6868516291131349,0.1193810467397832,13.846865243921938,1453.0,191.73567708333334,0.08586488434954857,1.0359054758908737,0.02735227837273979,0.838995119726814,0.660497128501267,0.5001209171238844,0.36035313504565586,0.24423281341571101,0.15393487623791133,5.052232677612428,13.540861666489551,4.567820373858906,11.74851217580827,10.27898191657154,9.058455400222295,7.958187531177226,6.761852369974473,5.5098066640774315,2.1301059964082047,5.051502969450823,13.501179004665685,4.5677384798944365,11.718516353796232,10.257739165354435,9.04463892624087,7.950024804957997,6.7574401814726,5.507655901505621,25.51768225037048,182.2818345160255,20.864234820708337,137.32362553418974,105.22121278444631,81.8054933060716,63.20289439944744,45.66299780618045,30.334273529389698,14.0,3
215400.0,66.54999999999998,36.0,75052.26480836236,1.6977867223769731,57.0,230.0,6.0,37.0,0.003472222222222222,0.006944444444444444,0.010416666666666666,0.013888888888888888,0.017361111111111112,0.020833333333333332,0.024305555555555556,0.027777777777777776,0.03125,0.034722222222222224,0.6642567504098326,0.3472222222222222,2.7,0.026901282525950195,27.25,-1.2797106889356273,0.5494515634909939,0.8591011680835884,0.8677691248495729,0.8591011680835885,0.8677691248495727,0.9245652383191623,0.6685797542495195,0.7504597988901351,0.8173301984489668,0.7504597988901351,0.6685797542495195,0.9245652383191622,-42.23269695631379,-37.351661131715474,4.882811336459378,163.1017028209364,-4.6607584560181365,-8.982000959132257,29.64593696869457,55.714606211818285,43.57126290534919,42.53173772923904,152.34319615349176,136.48176930724037,54.0,0.8734010865091064,44.09722222222222,23.13888888888889,12.953703703703704,5.2613240418118465,-0.020905923344947737,26.0,12.0,4.0,0.0,2.4305555555555554,0.0,80.0,7.0,54.0,80.0,36.11111111111111,27.348065135703234,1578.9048406423658,-0.12788072763405595,0.078700633768572,12.368328308955729,-2.068058834563027,-841709.8492792492,0.3224787024421972,2.5161653336317507,47.0,44.09722222222222,0.0,0.971292933883455,-0.0004124237823736328,15.539543670521203,0.049558139834529835,0.09896094547474815,26.35258658079017,0.6446314242158797,0.9262146923524652,0.7590552042524585,0.39417625727792016,0.5999181238345269,0.8009430769115513,0.38203035018032294,0.6860913957203933,0.7861017823213958,0.20841234134990008,0.20860047495163242,0.42839270320570433,2.906650331654069,0.8757577626676115,0.8222082649901468,1.1202622477134276,0.22160224723246041,0.48638578638734564,0.34043096091572955,1.4672651470421407,0.897446036666623,0.4301600335152732,0.2723848392688783,0.37015075684106635,0.2459095413597364,0.5417741665039031,0.1583359757162317,0.9618815825476783,0.6104261799729156,1.3866968475212185,14.577670858347743,1510.0,212.508487654321,0.1252469946135093,1.2194033351974956,0.04908910008253225,1.0018241811300812,0.8015914580698847,0.618058230865255,0.45580094732987625,0.31964406219047425,0.21152445583116872,6.109653643388978,13.189866144118032,4.88295349045378,11.994455093114757,10.969349061804474,9.904441524397566,8.662753492313627,7.468336470539914,6.804250493131897,2.138430561448652,6.108369736068413,13.133378255645432,4.882706733993742,11.95254371633292,10.940021479597748,9.885138640073313,8.650753930438961,7.461492967945688,6.8009618568163575,37.312180832516496,172.48562440586028,23.84082505018784,142.8633012908496,119.6840699740601,97.71596593347047,74.83554356500514,55.673877310702956,46.25308217787099,12.0,3
197064.0,63.964999999999996,31.0,68663.41463414633,1.6922959038687937,57.0,230.0,5.0,35.0,0.003472222222222222,0.006944444444444444,0.010416666666666666,0.013888888888888888,0.017361111111111112,0.020833333333333332,0.024305555555555556,0.027777777777777776,0.03125,0.034722222222222224,0.6593411056728326,0.3472222222222222,2.5,0.050881691268136464,24.0,-1.132511865337662,0.4521962171921301,0.9098466643845446,0.81579841196351,0.9098466643845446,0.81579841196351,0.834806747720009,0.5413165758530976,0.7060908264207468,0.6976828279115798,0.7060908264207468,0.5413165758530976,0.834806747720009,-34.101531257124336,-17.776569113077244,29.776508815809244,5.660363510064801,30.737316845385546,-63.007235278982904,38.414118257301915,56.63196170856102,114.10786974365139,58.32695671128706,90.82381565330014,37.4669663801674,50.0,0.4826247805529047,43.75,22.229166666666668,11.753327546296296,5.557491289198606,0.024390243902439025,24.0,11.0,4.0,0.0,3.125,0.0,81.0,10.0,50.0,87.0,39.23611111111111,26.158172719056658,1657.7406184348793,-0.11557703100337191,0.07814251956162666,12.119804727127626,-1.8269656192219532,-901890.0828170916,0.4527029260028587,2.627481710935809,48.0,43.75,0.0,1.025198869097659,-0.00042053807145060875,15.232115146784626,0.10339972836484346,0.3428880069601472,19.761108862719407,2.500099197091058,1.5469947947841347,0.5234463641080436,1.0606940779583676,0.2777625459358497,0.643346839034463,0.23372404856864443,0.5596459278252558,0.3434683067794813,0.2832887250090257,0.5499262252847329,0.5884057975778034,2.1497104775469835,0.46783442763003646,0.8753442556378213,0.5584616457011214,0.34726988399096104,0.8286198483333609,0.6626561288318937,2.022546216568634,0.7720927566546114,0.38683691302002243,0.4869531389003283,0.45712427097229014,0.36976213095783866,0.15148865690300128,0.21108508729227884,2.842308692178312,0.9336827088393121,0.8136668472410704,13.7881887608763,1595.0,190.11414930555554,0.0830395073756915,1.7368003603622348,0.024724984420418008,1.3321231553938737,0.9686155028110074,0.6649678233807683,0.4382325362323369,0.282796246062861,0.17124279346983226,7.526727364456726,18.25673170859587,4.911512223571089,16.01989612323248,13.877707944886536,12.09141274388051,10.848233241757834,9.796214035365349,8.596241018063377,2.123554667353617,7.526269278937374,18.173931252975933,4.911449989303936,15.964414167078681,13.843863687976745,12.073113928756914,10.839378059269224,9.792131316005815,8.594535214095055,56.64472925907649,330.2917771878954,24.122340997433636,254.86251969802248,191.6525618112811,145.76007993674423,117.49211671176704,95.88583570990178,73.86603554631994,10.0,3
188735.0,62.595,37.0,65761.32404181185,1.679467666304607,57.0,230.0,4.0,34.0,0.003472222222222222,0.006944444444444444,0.010416666666666666,0.013888888888888888,0.017361111111111112,0.020833333333333332,0.024305555555555556,0.027777777777777776,0.03125,0.034722222222222224,0.6476002335599096,0.3472222222222222,31.35,0.03330653566915485,24.0,-1.0428695480702972,0.5168868380063614,0.959926932804414,0.9005629335391006,0.9599269328044141,0.9005629335391003,0.7080577584074971,0.5576796460599701,0.7369150028776967,0.7286163343862749,0.7369150028776966,0.5576796460599701,0.7080577584074971,-41.05178415689697,9.354062201236673,185.43183750601418,32.93473388974813,-7.387377220517424,-53.11135441043677,29.431131882886646,49.17697503087511,76.31897271292472,43.1729401644574,3.563957012458683,85.97662433998778,57.0,0.8514793571444927,44.791666666666664,21.760416666666668,11.536747685185183,5.70383275261324,0.024390243902439025,24.0,10.0,4.0,0.0,3.819444444444444,0.0,87.0,7.0,57.0,86.0,39.93055555555556,25.599411343058478,1698.8769846493333,-0.14827545327337957,0.07480363020387497,12.938743619952827,-1.8128894065612133,-832915.6777518297,0.43637976945959617,2.424137066793662,51.0,44.791666666666664,0.0,0.9584974023825787,-0.0003937997359418332,15.966843792886081,0.09511553010868723,0.11452992333914454,13.520523623228746,2.010457097057615,0.838065699204177,0.5060310551621185,0.9919104469983132,0.984190488053754,0.33893267776086844,0.3747144516767277,0.2448574893860153,0.3589632820092973,0.2567267039796831,0.5074719592598166,0.8511191319642668,4.285059353627278,0.1855470683211359,0.24670329303653443,1.1515350931555353,0.7415506842462932,0.5944346934064579,0.6486823763260363,1.3230905246008562,0.6807610848879649,0.8839604751416003,0.467583995285454,0.6917034672232502,0.46885833185317694,0.6055169367623998,0.2272712478357028,1.1203417626416392,2.082439670456707,0.6661536832845487,13.48384691414756,1637.0,181.81412760416666,0.07721324458378598,1.9378191510114249,0.0263282241272436,1.5281746257503235,1.139586284471098,0.7904850005452354,0.5064428924966161,0.30085052692410713,0.16441530053865883,7.122000611695307,17.848692066852067,4.793730634386716,16.38528814958932,14.78445698402662,12.980823697872149,11.084770917746848,9.486730156840183,8.410127538624888,2.1168673331924994,7.1215820452936685,17.743186451009336,4.7936583336395575,16.313869867639777,14.740471885688697,12.956732510133568,11.073195649656244,9.48195855449445,8.40852025179731,50.716930827849154,314.82066543528134,22.979160219671975,266.1423500582851,217.28151141277888,167.8769173391521,122.61566189556596,89.90753802915046,70.7032128248855,10.0,3
206320.0,65.23499999999999,32.0,71888.50174216028,1.6947510178363707,57.0,230.0,5.0,37.0,0.003472222222222222,0.006944444444444444,0.010416666666666666,0.013888888888888888,0.017361111111111112,0.020833333333333332,0.024305555555555556,0.027777777777777776,0.03125,0.034722222222222224,0.6594942596453582,0.3472222222222222,2.5,0.05017908582300828,25.0,-1.204067630286531,0.42386565952153665,1.0051416180106223,0.7257370402107866,1.0051416180106223,0.7257370402107866,0.6435420322963448,0.6112245430966492,0.7921244581867799,0.7885064213364468,0.7921244581867797,0.6112245430966492,0.6435420322963448,-33.02087265834467,2.040188819670096,25.776493851384,93.73617653119015,-18.159432468547728,-1.7329929793498986,43.07147869522419,101.41275824386088,111.61619878787472,33.40387807797237,10.426818279154325,-89.71558234237844,50.0,0.6146434892165235,44.44444444444444,22.67361111111111,12.332899305555555,4.7073170731707314,-0.003484320557491289,25.0,12.0,3.0,0.0,2.083333333333333,0.0,69.0,7.0,50.0,76.0,37.15277777777778,26.76544206414101,1424.6767060434286,-0.07877871115260253,0.07886339614755516,11.095565102250854,-1.9332933146814586,-950081.0362760006,0.4199428288717868,3.0595750581584538,51.0,44.44444444444444,0.0,1.2102000691080006,-0.0004539794710120082,15.057236752420337,0.0974686790818553,0.35073321848482114,21.13105598032043,0.7079111957913058,0.7406563952996048,1.331524054776744,0.7842898865300516,1.0261247847562716,0.29835567135958435,0.2776945530710728,0.17160493532021132,0.62595516805267,0.4044796106371854,0.2052454386130797,0.16341618276125233,5.914224826870738,0.4278876338346612,0.4244838453801519,0.3863120472027478,0.09992600223600372,0.5224084927796669,0.13449889594354988,3.663102217694026,0.6486192341619513,0.23189649921884326,0.47435960714987885,0.6192706634392501,0.3023665797324487,0.39686874551631546,0.11826420693086484,1.9341084552251462,0.5671271736855524,0.6936923414258047,14.223088555970804,1351.0,202.29624807098764,0.11399413246042824,1.9270490728278193,0.0334498043725237,1.486682508782501,1.0956672907777611,0.7717772724202142,0.5264392228436952,0.350139368490515,0.21963089374653622,6.275137446833629,22.01427704092184,4.359457065865236,19.617615397242595,17.180608592455506,14.77166989112827,12.49566578301981,10.245634552698078,7.86016636584084,2.0886895358298165,6.27410195282307,21.929771442159897,4.359328734990029,19.561201624445516,17.145635736101354,14.751494541714784,12.484571482657458,10.239649887084704,7.8570972737524185,39.36435531441826,480.9148755053718,19.00374701970977,382.64060899220993,293.9728247950758,217.6065912142411,155.86452510558382,104.8504298100738,61.73397756920768,6.0,3
207776.0,65.75,34.0,72395.818815331,1.617690301093485,57.0,230.0,6.0,36.0,0.003472222222222222,0.006944444444444444,0.010416666666666666,0.013888888888888888,0.017361111111111112,0.020833333333333332,0.024305555555555556,0.027777777777777776,0.03125,0.034722222222222224,0.6715394701134803,0.3472222222222222,2.75,0.04133539274952457,25.0,-1.118164026461871,0.6059683326992731,0.9028054501658387,1.0697689280233529,0.9028054501658387,1.069768928023353,0.6936089004204589,0.7561702348045466,0.8874486422393946,0.634047830011781,0.8874486422393947,0.7561702348045466,0.6936089004204589,-46.599306744072756,-17.79370306435601,127.88749691754025,156.42800616060262,-30.93369926802947,45.80300937230194,3.048044947480944,0.6260417621319461,104.50662330826547,-60.47596501330695,62.49537585020143,202.75475198182878,55.0,0.7034934658846561,44.791666666666664,22.84722222222222,12.207175925925927,5.10801393728223,0.013937282229965157,25.0,11.0,4.0,0.0,1.3888888888888888,0.0,85.0,10.0,55.0,84.0,42.36111111111111,26.859717877231034,1532.039380157793,-0.0825664168189329,0.06465886211012382,12.107568850283261,-2.1288477253887774,-831022.7270828601,0.3437285174054667,2.64221899588807,42.0,44.791666666666664,0.0,1.0488097714364122,-0.00042093757254058647,15.863784469844559,0.05173957181774469,0.21822710276973675,19.64754406167176,0.5307981986058268,0.36173491431490956,0.4086604571120128,0.6028938933637715,0.7955224622732291,0.47502349222041546,0.31855005945248127,0.24785762921106516,0.3873548467470439,0.520436451180967,0.6328013397001149,0.48478533824446135,5.064028684994547,0.5637559684104916,0.34586071676188224,0.25796453408184605,0.08891831987976144,0.16366933147545648,0.6231770760238913,0.4927455899379895,0.5840776916033302,0.41201967396698835,0.4559235201761175,0.9235102084258593,0.25378480432488165,0.6258699089992799,0.22356069385552316,0.8513250393807361,1.0256243683393511,0.9326958458168507,14.122637189025268,1466.0,199.4488811728395,0.12049083407083419,1.3004922218559003,0.031140189781641656,1.0709108935902867,0.8650950754285991,0.6790522996059469,0.5122792500456256,0.3640797000009439,0.2337233651001707,5.3604852493278505,13.65130812757369,4.251323877569492,11.777455538520535,10.087438191317569,8.593567446611678,7.4246888011017536,6.776478833826621,6.3651494934705575,2.1265395219871137,5.359130905955404,13.589221227680847,4.251209827869341,11.728666114261149,10.050274611876107,8.5666965298103,7.406994921233475,6.766691315358446,6.360856975505325,28.72028406716639,184.66693357485175,18.07278500057287,137.5616088198177,101.00801977412144,73.38828943386385,54.86357376317849,45.78811135734741,40.46050146283475,10.0,4
171282.0,59.275000000000006,31.0,59680.1393728223,1.62015273058465,57.0,230.0,5.0,33.0,0.003472222222222222,0.006944444444444444,0.010416666666666666,0.013888888888888888,0.017361111111111112,0.020833333333333332,0.024305555555555556,0.027777777777777776,0.03125,0.034722222222222224,0.6572607198153938,0.3472222222222222,2.45,0.04540770075931808,24.25,-1.182732961630868,0.538541447556818,0.796011544758001,0.6952713870762982,0.796011544758001,0.6952713870762982,0.8911236356255787,0.6073883872173013,0.9066866898345581,0.8528520103968021,0.9066866898345581,0.6073883872173013,0.8911236356255787,-49.25880881629581,-46.73176109413193,70.82572993423993,110.456628748433,31.86938235576077,-5.741098763364075,80.51778274068283,87.57932302257753,105.26637320822198,-27.117976133495976,73.71527787832198,91.81159943621212,49.0,0.6268522800565596,43.40277777777778,20.59722222222222,11.383487654320987,5.076655052264808,-0.017421602787456445,22.0,11.0,4.0,0.0,2.4305555555555554,0.0,78.0,7.0,49.0,76.0,38.888888888888886,24.38706966133214,1521.2713653132114,0.007513986162085251,0.05591591012301619,12.804150879104334,-1.9643298253096655,-749851.7852254938,0.37514733695900193,2.2718486582215096,42.0,43.40277777777778,0.0,0.8762421565290914,-0.00039819418575168095,15.77978783706936,0.0631579963332235,0.2805835042700595,20.162121076410486,0.45243366791932144,0.17230139954848872,0.7807922026676881,0.6002236680191004,0.5450125423455832,0.12263106870188256,0.8762663852378457,0.3565728388354421,0.3281204597189541,0.3237064205539759,0.8167520012000511,0.42241484142034896,3.340904396714562,0.7290358090814202,0.7865595917693878,1.0654578461870752,0.16744358869745857,0.4521568495124929,0.42608630975864104,1.8196003849303495,0.5427630279303646,0.44088093388588023,0.48966691013358543,0.16899501551780344,0.41824910829885875,0.16754821937179185,0.13359065205142626,0.4210765216660876,0.5240547511580834,0.48853260444740476,13.05693698365209,1457.0,170.48360339506175,0.09501536405932828,1.1893375505895778,0.03712096745627443,0.9799974599969118,0.7877981195429462,0.610225922344459,0.4475603406116932,0.3024013337557228,0.18201853270714688,4.655801369474338,13.436081947305905,4.519632372694068,11.735839040164235,10.299174887163074,9.053610751358002,7.886240130878114,6.642164848521025,5.366491944579373,2.1332895825666256,4.65483173407931,13.383339429510007,4.51947992783233,11.694850275016034,10.269000802376787,9.033022304899067,7.873529903631788,6.635277485401126,5.36340424031104,21.667458472591793,179.11377428547723,20.425698818079322,136.76952295504262,105.4523774792151,81.59549196080405,61.99247314338398,44.02690730827109,28.76610504498644,8.0,4
210394.0,66.16999999999999,29.0,73308.01393728223,1.7413174330066445,5.0,5.0,5.0,5.0,0.003472222222222222,0.006944444444444444,0.010416666666666666,0.013888888888888888,0.017361111111111112,0.020833333333333332,0.024305555555555556,0.027777777777777776,0.03125,0.034722222222222224,0.6594091337558804,0.3472222222222222,2.6,0.06263864798842143,27.0,-1.1671646974171912,0.46675458438920076,0.7216992656908211,1.0110209464941833,0.7216992656908211,1.0110209464941833,0.7147749915675262,0.6631191091835598,0.6325102133984231,0.8455139108131098,0.6325102133984231,0.6631191091835598,0.7147749915675262,-47.39010174750798,10.407610693829746,23.250233619461966,63.003434987915696,-3.4645328219525164,-27.603552285477928,-2.5238361288923197,91.30105255919274,49.827482347371266,54.19266185988189,68.67904055694152,165.07598836352543,52.0,0.5132653340442275,45.83333333333333,22.993055555555557,12.167341820987653,5.533101045296167,0.0,25.0,11.0,4.0,0.0,2.083333333333333,0.0,91.0,7.0,52.0,91.0,42.70833333333333,27.028405839453836,1648.448869765551,-0.16233473187184064,0.0912418769516415,11.959066542538281,-1.9325445257517029,-906315.0127308369,0.4465989524768802,2.6791062437282926,40.0,45.83333333333333,0.0,1.0914135322716576,-0.00042578616938108386,15.96089514245618,0.11464358362425375,0.3457532798676206,26.171355717662443,1.314168928725732,0.3323971657621556,0.4584649438822897,0.7331076200627757,0.35104711910291553,0.25042318724230644,0.38169177505389207,0.375587155139653,0.15440493029269825,0.1768645251505322,0.18017713159924145,0.48025798167556155,3.946974019532378,1.2196044231064258,0.408852975055593,0.35392956315130836,0.5158621184498926,0.5323854159032936,0.6637435200874865,1.0333656800682178,0.3715857349206245,0.3844592006605019,0.5597370249446405,0.49461877070847554,0.7411194096434326,0.6738575007500074,0.7333441348995953,0.7816532223120468,1.202503269539755,0.6631358361159826,14.207537381311303,1588.0,201.85411844135803,0.11725145251953581,2.361126942934961,0.03176381741243899,1.8479778747789863,1.385993260204087,0.9876434443440678,0.6658743463329612,0.4232299685896508,0.24767244529199767,5.85849164537312,23.203190589625564,4.100897703735872,19.996819294369818,16.71495655895327,13.488645444615443,10.599532694284282,8.40169176278144,7.064038755510923,2.0725876736988886,5.857318196563057,23.082745354438128,4.100774687349883,19.911247064561483,16.657394617717497,13.452439048640553,10.578596536974887,8.391025019059178,7.059695595364109,34.3081764557887,532.8131330978349,16.816353036409534,396.4577596660083,277.4687954503638,180.96811635738914,111.90670469209707,70.4093008704771,49.83930189920339,16.0,4
206195.0,64.785,33.0,71844.94773519163,1.6437035330633627,57.0,230.0,7.0,36.0,0.003472222222222222,0.006944444444444444,0.010416666666666666,0.013888888888888888,0.017361111111111112,0.020833333333333332,0.024305555555555556,0.027777777777777776,0.03125,0.034722222222222224,0.6810755703811537,0.3472222222222222,2.75,0.040757638109406844,23.0,-1.0970644541106775,0.476169408903725,0.7504732586436715,0.8427202629906481,0.7504732586436715,0.8427202629906481,0.8252784615905219,0.7570355475742643,0.7770956376596617,0.6008827484501688,0.7770956376596617,0.7570355475742643,0.8252784615905219,-48.938741401095285,-20.14537533222527,68.24417840813163,-20.663686370006666,-12.11113415846829,51.497085909286874,36.5552626644146,15.0526272564669,66.38933434396381,82.58265209562782,187.63911485177545,82.64877814274,55.0,0.7724978489289929,45.48611111111111,22.510416666666668,12.49978298611111,5.411149825783972,-0.003484320557491289,23.0,12.0,4.0,0.0,2.4305555555555554,0.0,85.0,7.0,55.0,83.0,36.80555555555556,26.757332847485213,1618.4280358127228,0.09794601925856702,0.06589691113174109,12.5583160907706,-1.9475374567109276,-839853.0042481096,0.3703001101643145,2.4704901222781444,45.0,45.48611111111111,0.0,0.9816601288822633,-0.0004062206857845709,16.060704181219858,0.07343890519952323,0.40585285572454816,22.9775031777907,1.567663483966896,0.1754513262175641,0.410658028302288,0.6238631552294783,0.3958674948818807,0.41339110117003364,0.7427966224109734,0.5888267817200248,0.45375739375539037,0.4032133563864503,0.5437246527839712,0.47340677118414287,5.250802590682667,0.4790305067143346,0.48884097512005703,0.1812307629896329,0.6652574327554022,0.6007479461533594,0.1861756678296294,1.2446447724989629,0.2892867302569827,1.427520313597455,0.48735270385139556,0.4327487876653865,0.9063565017673332,0.3840301157746735,0.1370633132326466,1.0192620291743364,0.6899292409066067,0.604407448961315,14.46499231262038,1553.0,209.23600260416669,0.1429363067832394,1.4722468780613545,0.042483030134143826,1.2256041568448177,0.9965773643610772,0.7844825904987819,0.5915862589830998,0.41869937314631983,0.2683267867342938,5.4546033038610915,18.481790841330618,4.536191757077559,16.534762190856913,14.549334129552616,12.405167449008893,10.098852445344768,7.840442043482933,6.316386019447612,2.0853295435088497,5.452730179891126,18.42305842776196,4.535992818460918,16.489276975019735,14.515163008737026,12.380337899393298,10.081510125523279,7.829254260281864,6.31068404233599,29.73226641469551,339.4090818327309,20.57523084912902,271.89625515891595,210.68995717020772,153.2727665031541,101.63684641102839,61.29722227214172,39.82473308219411,6.0,4
220180.0,67.31,31.0,76717.7700348432,1.7535884276501044,57.0,230.0,4.0,36.0,0.003472222222222222,0.006944444444444444,0.010416666666666666,0.013888888888888888,0.017361111111111112,0.020833333333333332,0.024305555555555556,0.027777777777777776,0.03125,0.034722222222222224,0.6619402420782884,0.3472222222222222,3.3,0.05518172335188828,25.0,-0.8888590065316753,0.39706045607269536,0.8495480163872268,0.8793116892182266,0.8495480163872268,0.8793116892182266,0.4428604508459625,0.7575050117103969,0.6284475842228636,0.8352195556356105,0.6284475842228636,0.7575050117103969,0.4428604508459625,-36.85428331367582,11.594925859698037,-100.43501739422751,-23.789214675534474,-46.30966911814735,50.06310388421649,88.62269674091282,136.8679142959622,37.96403275914557,114.63317665312007,-25.889077795647413,31.54073217060246,66.0,0.5376828768678916,46.875,23.40972222222222,12.576292438271606,5.219512195121951,0.03484320557491289,27.0,10.5,4.0,0.0,2.4305555555555554,0.0,83.0,7.0,66.0,87.0,38.888888888888886,27.649844283266567,1568.9259916774772,-0.08341769222955961,0.09352959261179365,11.749430519349211,-1.840036669927347,-969804.4748552789,0.469423056362637,2.9249131361684624,46.0,46.875,0.0,1.1727830554725807,-0.00043263078058695476,15.799051403904786,0.10800368301068652,0.38794597098703926,24.917799961537405,0.7385083576523213,0.6267700773872376,1.1376957824247154,0.9435724872926826,0.5417624588549748,0.7591244423236031,0.8348551655270109,0.3851819059460474,0.5100680237916417,0.2022841416372993,0.37142509367956456,0.15936593878258876,7.37586143094066,0.32833142597431036,0.1610949101298679,0.36033408932564215,0.21777177904478334,0.6564035870931616,0.4334027979793393,3.690668418211213,0.5868186135416826,0.3246744390760827,0.3252218181302769,0.29249383288892633,1.7330895286079593,0.8850721488846018,0.6543652427537506,2.32561715841335,1.003662077323393,0.4467637803754475,14.71389800043768,1498.0,216.49879436728395,0.10457015534589925,2.0819891718241763,0.03519576026595943,1.5530436056471033,1.1003790658742107,0.7423497452319069,0.4861938689366774,0.3143244851258084,0.19386694396426296,6.473026105653496,24.648566143776733,4.606279733988344,22.214424462618076,19.73978044583168,17.325429732473857,14.893873047557737,12.045696547551943,8.739096511966745,2.086483675194337,6.472181397881443,24.560479108367236,4.606145269768532,22.160070166051437,19.70908668510605,17.309518545316134,14.885935304124331,12.041594804416697,8.736945888209865,41.8891320470826,603.2171340325434,21.21657424621102,491.068709764323,388.4480979610246,299.6194322706432,221.59106987857513,145.00000543375518,76.33422345350726,8.0,4
208453.0,68.215,28.0,72631.70731707317,1.6446362489386095,57.0,230.0,9.0,36.0,0.003472222222222222,0.006944444444444444,0.010416666666666666,0.013888888888888888,0.017361111111111112,0.020833333333333332,0.024305555555555556,0.027777777777777776,0.03125,0.034722222222222224,0.6605189966798574,0.3472222222222222,36.25,0.04203503188587249,23.0,-1.2050759962925564,0.5212127664316226,0.9359434667104829,0.7568717838751859,0.9359434667104829,0.7568717838751859,0.782313896170292,0.6256611727335987,0.8893429266006919,0.7502214722922914,0.8893429266006919,0.6256611727335987,0.782313896170292,-41.34766618411064,-26.340637199029835,129.5339441125196,-21.37920481091313,-6.966259395693594,1.5060109416009262,93.69093933638172,54.93092789386519,77.78781972305386,10.523397906931082,76.17338044690044,86.04922932243967,48.0,0.5249317518359728,44.09722222222222,23.71875,11.023871527777779,5.076655052264808,-0.0313588850174216,25.0,11.0,4.0,0.0,1.7361111111111112,1.0,81.0,5.0,47.0,81.0,32.638888888888886,26.90344102320164,1517.9572892328595,-0.16257922334559413,0.06270445767977205,11.4909622305032,-2.2688821173118385,-873221.5440828693,0.43718683271066433,2.753144839675589,47.0,44.09722222222222,0.0,1.093211313062603,-0.0004410697641131882,15.273525554756459,0.12757966003254517,0.35285612468014704,20.809883881448457,0.3268042943584521,1.066189525593998,0.45889023270015805,0.5066364956819867,0.687547686972861,0.8225105494088405,0.6610655091849065,0.5271339690944258,0.23441960396196357,0.43963592085984493,0.2968680277494042,0.6121251790185214,5.030662027657259,0.28995400859037945,0.4219487608432666,0.23365516515812304,0.6581132003696782,0.41763391184627985,0.5803605435232936,1.1051323721774609,0.4216863970183325,0.2826652032186439,0.7023630019536519,0.4703020340477952,0.3472426804959533,0.21380492906730608,0.0627541204818007,0.4293897849501776,1.0745292382746288,0.5575795283028295,12.69708774981054,1457.0,161.21603732638889,0.16204450918414726,2.1304199752557187,0.0552625798329385,1.6935153821174567,1.3070602282773807,0.977280590383436,0.7076745379092144,0.4910384636397587,0.31225803494016297,5.446492067220144,19.010759377598443,4.510905843828152,16.460779298724407,13.929863615175513,11.513240892126715,9.376725290886627,7.667677274679019,6.349893822914054,2.090759161853746,5.444080952312817,18.89101063580185,4.510567323425423,16.373431551505796,13.868406321457634,11.471688563058123,9.349982563039779,7.6519380561956565,6.342211481959378,29.638017415335224,356.8702828419786,20.345217579153186,268.08926077184555,192.33269389704608,131.59963848779853,87.4221739291479,58.55215601585537,40.22364648189737,0.0,4
212893.0,66.665,33.0,74178.7456445993,1.6461243441541058,57.0,230.0,6.0,36.0,0.003472222222222222,0.006944444444444444,0.010416666666666666,0.013888888888888888,0.017361111111111112,0.020833333333333332,0.024305555555555556,0.027777777777777776,0.03125,0.034722222222222224,0.6661665642601506,0.3472222222222222,2.5,0.04020209948550123,26.0,-1.2025620693356116,0.5583188834665997,0.809831785424923,0.7047935790138231,0.809831785424923,0.7047935790138231,0.772439976035866,0.9273480344024408,0.8379304154111262,0.834164958546121,0.8379304154111262,0.9273480344024408,0.772439976035866,-48.85890360581979,-53.003832238233656,75.55825184429162,58.17369523902104,-12.841465880658488,21.168357228830022,53.298440623702575,58.728788985458,129.371093942609,147.3240850513008,75.8533699298453,88.57460991196253,50.0,0.7156484531135592,45.138888888888886,23.17013888888889,12.300757137345679,5.2439024390243905,0.010452961672473868,25.0,11.5,4.0,0.0,1.3888888888888888,0.0,73.0,8.0,50.0,81.0,37.15277777777778,27.18844985569342,1573.4492045279253,-0.07795270939201647,0.07094103782115431,12.543021197233793,-2.160954586631915,-807235.1295490452,0.34515909967411695,2.4567098364676525,46.0,45.138888888888886,0.0,0.9544864009533879,-0.00040672006369730785,15.949017522914946,0.055839315653951505,0.26404716114775867,22.764899453603682,0.5396038877180793,0.7161964699783492,0.5314136450865098,0.8503891415873834,0.29041010487122987,0.7453609775776863,0.519372082766788,0.5549959805203615,0.7910063531693927,0.542250421060271,0.8050339490322006,0.583510001157077,4.087103711072952,0.6086081462238744,0.1605742668720768,0.8249474471409746,0.3507405526375483,0.6479037991543346,0.4258589713026062,0.6038968615650635,0.3182173576898894,0.4915428745864586,0.3296163389121677,0.3360069316819951,0.4254287202841206,0.32606900932276023,0.4562587017750953,0.8580150436914101,0.5794293792361469,0.4768701146910589,14.22520542646588,1505.0,202.35646942515433,0.1339177457740738,1.4226686460041773,0.04128755308655998,1.1694837461292549,0.9405785492297574,0.7329159411551618,0.546307934761534,0.38210613714292935,0.2448528549568992,5.117105943198661,13.179515057759358,4.854595673493227,11.21347043641181,9.625590112227549,8.30927291100975,7.101490041379462,5.899371030338996,5.069330743458103,2.12765588693327,5.115353289000267,13.102504763646618,4.8544200983288714,11.152319354996125,9.579524883904297,8.27688652410078,7.080445497864401,5.886983391649809,5.063413993146219,26.16683927128585,171.6756310813823,23.565394491059287,124.37422699582118,91.76729700134162,68.50685053284109,50.132708448228264,34.656573453560696,25.638161265988938,6.0,4
174958.0,59.96000000000001,33.0,60960.9756097561,1.575872495113113,57.0,230.0,5.0,33.0,0.003472222222222222,0.006944444444444444,0.010416666666666666,0.013888888888888888,0.017361111111111112,0.020833333333333332,0.024305555555555556,0.027777777777777776,0.03125,0.034722222222222224,0.650529195714381,0.3472222222222222,2.65,0.04110972045360807,23.0,-1.1321252049310184,0.5407883327394851,0.8800462107028921,0.8835089527428606,0.8800462107028922,0.8835089527428606,0.644929781379816,0.5901895104198084,0.8707498168904331,0.9310925220230104,0.8707498168904332,0.5901895104198084,0.644929781379816,-41.99626023466747,-6.984709957499282,36.13334012817015,-22.915086342882322,-47.63878504519378,-11.32539461927217,97.31874999128384,131.9727258156819,110.17798818674135,27.431176256919404,60.241460149042695,82.83618844621734,53.0,0.7809623689406845,44.791666666666664,20.84722222222222,11.252025462962964,4.822299651567945,0.013937282229965157,22.0,11.0,4.0,0.0,2.083333333333333,0.0,80.0,7.0,53.0,88.0,35.416666666666664,24.647374212186488,1451.818786615664,-0.05622224855493336,0.0528827025788795,12.040635959118413,-2.0091920392123996,-792715.6031010771,0.3687398453448292,2.6791290443670936,50.0,44.791666666666664,0.0,1.060127208185655,-0.00042312292985627575,15.6480930424343,0.06053113935487675,0.4313399400836281,19.25442568813002,0.8697177618058076,1.1452394075679915,0.6369485006375235,1.138725580160105,0.6748355221804025,0.6769229242030737,0.3679869397377597,0.16488361236071764,0.3903454205189935,0.09466777886646062,0.18783045601550277,0.3130146470280615,3.450342406264002,0.5890689643293548,0.18139872321014092,0.2855817272045657,0.2538969451727332,0.5457121202434294,0.24428287341795776,0.8886469326240215,0.461546946185852,0.38244962586554154,0.7520100152499393,0.3496710753737071,0.5736332518409097,0.31175658886981117,0.1903473537837228,0.7250651634063802,0.33869769142771117,0.23839179060194393,13.148626588843396,1384.0,172.88638117283952,0.1057326634460852,1.1428243680994028,0.03629646413590967,0.9346412977335063,0.7513647830235273,0.5862447770121177,0.437008291752259,0.3043721813619882,0.1935867739070882,5.612533996230849,14.106463068792245,4.31359508008834,12.311499096962626,10.863963757765905,9.759852825484138,8.754567318966991,7.461445927470512,6.049160492100665,2.1292668717498295,5.611537976591411,14.060094337339194,4.313442370271518,12.275970660566218,10.837949967262404,9.742229941678483,8.743653280824022,7.455235268170901,6.0460620919868004,31.489358462727623,197.68625277487766,18.605785081653565,150.6994556590826,117.46115949288313,94.91104423653674,76.45147269526468,55.580532903779236,36.55486682015981,12.0,4
214079.0,66.685,38.0,74591.98606271777,1.6416170665969105,57.0,230.0,6.0,37.0,0.003472222222222222,0.006944444444444444,0.010416666666666666,0.013888888888888888,0.017361111111111112,0.020833333333333332,0.024305555555555556,0.027777777777777776,0.03125,0.034722222222222224,0.6687214319785936,0.3472222222222222,31.85,0.025884862219758758,25.0,-1.288537130011947,0.516312926696752,0.8897639067823009,0.8827227797011423,0.8897639067823009,0.8827227797011423,0.7164004443063067,0.7872489948667494,0.7233248557741545,0.9254076677865131,0.7233248557741546,0.7872489948667494,0.7164004443063066,-41.14010318652258,-12.313648611073559,-6.953126318955984,-96.73788409161921,-46.357980885405034,51.830061625324,27.00267275811285,139.34797553459407,78.2000752511975,80.26228284804745,110.63564909640333,109.07100152683945,49.0,0.9429336927475485,45.83333333333333,23.17013888888889,12.721860532407408,5.2369337979094075,-0.003484320557491289,26.5,12.5,4.0,0.0,2.083333333333333,0.0,89.0,8.0,49.0,90.0,37.15277777777778,27.26407638470651,1561.7434221111575,-0.13344340479542477,0.06830117269289356,12.0694695336394,-2.147675069082956,-840335.6146331226,0.3197775955799509,2.7210674714836998,45.0,45.83333333333333,0.0,1.0724266734528622,-0.0004221815143291664,15.80394585876114,0.048853724076724725,0.20810945427837,21.080978270950943,1.3114562425208591,0.5166288466151034,1.0169911868165007,0.5928616176869081,0.42531611605474157,0.48345293689207425,0.7991578586106695,0.6374948309987187,0.1234646722806512,0.4284091110345334,0.22232185634732318,0.7751022819559128,3.9085912868227672,0.43020249544730504,0.5356036096066605,0.13942674341173172,0.24194644200354004,0.5557327924990301,0.14736422310096192,1.1832430130951528,0.33974976871846935,0.3007000533100367,0.5591352832952976,0.7168705981686749,0.6064575529617561,0.7016026372863673,0.2737034692673736,1.4301371352609342,0.20347162517650513,0.5886239637625355,14.369221446574963,1503.0,206.47452498070987,0.1312931900582624,1.336824703548579,0.03347121623161897,1.107289800511177,0.9009188927683831,0.7131320985935782,0.5414949684620836,0.38476939612598643,0.247396288981637,5.851373851518627,12.676236001040671,4.56412121384413,11.348127065671026,10.490644054882527,9.94852077167234,9.285164949653044,8.039567616511086,6.526238389468078,2.151896186731796,5.849900687061298,12.60554873323894,4.56399848075632,11.293976146437497,10.451887764174236,9.922928406188948,9.269361970567106,8.030354909483053,6.5215475611518015,34.22133804848025,158.89985886606183,20.830082132345993,127.5538971962992,109.2419578348951,98.46450815435153,85.9210713413957,64.48659997225857,42.53058259236501,16.0,4
172247.0,60.215,33.0,60016.37630662021,1.6214342194639098,57.0,230.0,5.0,33.0,0.003472222222222222,0.006944444444444444,0.010416666666666666,0.013888888888888888,0.017361111111111112,0.020833333333333332,0.024305555555555556,0.027777777777777776,0.03125,0.034722222222222224,0.6477054909591723,0.3472222222222222,2.35,0.039312289375298196,21.0,-1.1321915507145888,0.5467067584888674,0.8833562852332456,0.836555892707594,0.8833562852332456,0.836555892707594,0.7902540877646607,0.6426037178636164,0.8671306027580661,0.6993341777635405,0.8671306027580661,0.6426037178636164,0.7902540877646607,-45.64278505119869,-28.81133882732298,80.70963171107438,124.52807773352296,17.113243155408295,-10.320796876196258,95.44805616748218,44.767185836836305,70.30279779737762,-11.423786694349296,35.691729076013246,98.33858437048623,47.0,0.7092330804229704,43.75,20.927083333333332,10.844401041666666,5.2787456445993035,-0.003484320557491289,23.0,10.0,4.0,0.0,3.125,0.0,83.0,7.0,47.0,87.0,38.888888888888886,24.45567134860769,1579.8875827525496,-0.09182730265590486,0.06115218684317344,12.871157878591866,-2.002337597349739,-750393.3839354347,0.3935431005529178,2.337812541593856,46.0,43.75,0.0,0.9058616642921333,-0.0003960064088010065,15.895637040964708,0.07059443692101963,0.18214438957074988,18.401534360375155,0.44174940179402816,0.17131057673644362,0.8146164278211945,0.7476169234293224,0.34709722754783606,0.7180384183061835,0.5990065032383323,0.563070831750999,0.19327780261148217,0.23321774038329282,0.9269032824322208,0.6330173086098911,1.9672940129868102,0.2877582939162012,0.7022541803156528,0.4136964557603001,0.6889381117565408,0.2951386626879394,0.5332214843765263,1.2073183397344198,0.7531447408792482,0.9710500910908229,0.6289155907921976,0.06652438862058753,0.3549073843913728,0.297643546073322,0.1897715939933827,1.6005859781353013,0.8725003434652958,0.3057013260660192,12.65452663163792,1515.0,160.13704427083334,0.13439143185005212,1.4162190719375414,0.03724880323233199,1.1624962712364895,0.9339927614203675,0.7279680060528835,0.5456943079970977,0.38809570800485294,0.25307727978823963,5.303234784513625,12.534097063488796,4.526239438855207,10.885684649393806,9.658216620433729,8.830046335901725,8.192927475669382,7.537134260874936,6.526106085033971,2.145986462377909,5.301531677045849,12.453831247340668,4.526086166270595,10.82343442283498,9.612949901504567,8.799987549782946,8.174734145144894,7.527135882118974,6.52119716950595,28.10623812272058,155.0979127372388,20.485455984506054,117.14673270540919,92.40880580883669,77.43978087633485,66.82627834379784,56.657774587882976,42.52601252357241,8.0,4
236728.0,70.54000000000002,38.0,82483.62369337979,1.7641615693961004,57.0,230.0,6.0,38.0,0.003472222222222222,0.006944444444444444,0.010416666666666666,0.013888888888888888,0.017361111111111112,0.020833333333333332,0.024305555555555556,0.027777777777777776,0.03125,0.034722222222222224,0.6656609482860729,0.3472222222222222,31.35,0.04455235187864506,27.25,-1.1196703998338806,0.45537812335195094,0.9332735363650368,0.760785944511384,0.9332735363650368,0.7607859445113838,0.6613571421258588,0.677203345201471,0.8035804111135305,0.6856048655768842,0.8035804111135306,0.677203345201471,0.6613571421258588,-41.818559604380674,-12.687078895829979,83.85022552841657,61.45516949330802,2.2453849376358965,12.627219619784636,61.02839755218722,52.06665582937121,76.93296634554211,57.36012810847075,-16.038737590289763,49.05172533991347,57.0,0.5274760726599461,44.44444444444444,24.51388888888889,12.817322530864198,5.735191637630662,-0.013937282229965157,29.0,11.0,4.0,0.0,2.4305555555555554,0.0,83.0,10.0,57.0,85.0,42.013888888888886,28.670057938940797,1705.83512728587,-0.2156087815582241,0.09751777324990256,11.96819665424095,-1.944301663022134,-962936.4561526936,0.4338177486423736,2.634659118446109,48.0,44.44444444444444,0.0,1.0511082980152464,-0.00042548807144962965,15.526396743221943,0.09809322459627356,0.3231159831423735,17.969695562100032,0.7005106130670058,0.8229935080154039,0.4768138887974791,1.1096827276730974,0.8684273918881485,0.42808067791245497,0.27893203286626517,0.5916751823501187,0.6730670605191629,0.15315013787152673,1.1243048835867544,0.5627739806880674,11.048980889145698,0.7155874933024261,0.22699349827903056,0.6306690271591956,0.5137790797933047,0.6552469856414991,0.4260238784540755,1.133122028459201,1.002230473416868,0.3575844786397805,0.3937135478941847,0.8602198372627301,0.8424246630208415,0.4524339517214642,0.03608111815175161,1.7654139833162426,1.984831054333806,0.6694105106641768,14.867463595564379,1646.0,221.0414737654321,0.12326373547956769,1.8617029275051746,0.04594465059083794,1.395370440131073,1.0101772869794268,0.7110485547984431,0.4922903937072039,0.3332373800919622,0.21302194520881296,6.447925218165119,23.49385005434357,4.965632771705743,21.593800083643934,19.175181123245952,16.282194603877674,13.293426696512556,10.693614126205857,8.396299134237756,2.1062169150125674,6.44674690604225,23.41997123366504,4.965420215099639,21.54866917902795,19.14855380852974,16.26666133757208,13.284308168053629,10.688420647069373,8.393596416463039,41.560545670565325,548.495052585698,24.655397912520147,464.3451433871891,366.66711295815884,264.6042710712623,176.47284350381636,114.24233592869888,70.45246080246116,12.0,4
187132.85712342855,62.125,35.0,65203.08610572423,1.6095706945992088,57.0,230.0,6.0,35.0,0.003472222222222222,0.006944444444444444,0.010416666666666666,0.013888888888888888,0.017361111111111112,0.020833333333333332,0.024305555555555556,0.027777777777777776,0.03125,0.034722222222222224,0.665698122004114,0.3472222222222222,3.95,0.02259310947583728,23.5,-0.896532450475906,0.5532489360343597,0.9954268433985535,0.8094397039013179,0.9954268433985535,0.8094397039013177,0.8061938431193221,0.6986891326251952,0.6738174199003689,0.7218411515508759,0.6738174199003689,0.6986891326251952,0.806193843119322,-35.718745618277744,-41.831330674125425,113.62131884324141,119.81555305168551,18.9799386479326,-5.9675162268714415,23.60213624115631,12.589020182295801,41.946629388564496,24.038049777279014,107.9469210157087,84.74975499338645,60.0,1.028475781902633,43.75,21.618055555555557,11.39988425925926,5.425087108013937,-0.017421602787456445,22.0,11.0,4.0,1.0,3.819444444444444,1.0,85.0,7.0,59.0,84.0,32.638888888888886,25.490525004634655,1618.664738687877,0.13822483059772653,0.05416219572377015,12.550191390859013,-1.9179721620919377,-819193.3391376983,0.3714071357935316,2.4998795005778223,41.0,43.75,0.0,0.9441842460864173,-0.00040648595704479237,15.301462089847332,0.07377699212599065,0.19988054316807427,22.506204542792776,1.421485493365381,0.3337703282505855,0.6076331799722683,1.1796340642636307,0.5146310432693842,1.3030287554296052,0.2780001152709791,0.9497406239862893,0.5274736598469948,0.9178133975162691,0.33632343826033384,0.7247302953327749,1.6129274240810307,0.6671446132629136,0.6597410905758471,0.27559121534254843,0.6921284972623849,0.5338909969939684,0.3535367260346412,1.2885236275090688,0.49775452721763314,0.5133828704130907,0.484617518219787,0.3373653472177182,0.23750788670411396,0.17269790923727127,0.5473609745664811,1.6095654716857584,1.0058442958143567,0.9480657836115267,13.506536899176574,1557.0,182.42653900881834,0.14208254728233816,1.3172123839754346,0.05115543788737758,1.0928397319323184,0.8881677654599394,0.7025302398833283,0.5367471995378293,0.3891000202340764,0.25677893788402073,6.565648297228233,14.73341182126159,5.190235935819751,12.9600548417642,11.318592236787698,9.950562654418865,9.049642970815782,8.552542579102312,7.891469259030877,2.1466451964495823,6.564110763283458,14.674412268652961,5.189983833370706,12.91389650035363,11.283691250786182,9.925731630543154,9.033711327191266,8.543686893935886,7.887290513432891,43.087550112653744,215.33837543039255,26.935932190649282,166.76872282184573,127.32168824306862,98.52014840156488,81.60794034302378,72.99458574161184,62.20935164328848,0.0,5
169697.0,59.775,31.0,59127.874564459926,1.581146926580906,57.0,230.0,6.0,33.0,0.003472222222222222,0.006944444444444444,0.010416666666666666,0.013888888888888888,0.017361111111111112,0.020833333333333332,0.024305555555555556,0.027777777777777776,0.03125,0.034722222222222224,0.6455707890944713,0.3472222222222222,2.2,0.036732683342025944,23.0,-1.2311446676384694,0.5615140796838816,0.7167554209144942,0.8397887934446653,0.7167554209144942,0.8397887934446653,0.8147318278890562,0.6839452192305334,0.9173032350951495,0.9175713565352007,0.9173032350951495,0.6839452192305334,0.8147318278890562,-55.18178228028712,-27.28512484310616,77.02171202979584,125.44447112484201,-29.59208946749214,-30.915742195216247,100.51433886654675,80.35015478709323,54.184567303253154,92.27030429935864,149.64483569113926,103.73678043219998,44.0,0.8167956245293166,45.138888888888886,20.78125,10.79709201388889,5.146341463414634,0.010452961672473868,22.0,11.0,4.0,0.0,2.083333333333333,0.0,82.0,10.0,44.0,82.0,40.625,24.2739715424659,1544.7463441469852,-0.10655823498349015,0.04982211679506811,12.947113927946763,-2.112129753354502,-712995.3428871159,0.3667783549554579,2.3167333265059384,46.0,45.138888888888886,0.0,0.9144763852245691,-0.00039352644558352385,16.278862129651955,0.06458203165819598,0.22178512786912224,20.52333885498211,0.6016958054561105,0.18786251079220415,0.842070310540343,0.3493317550342544,0.7238793845313172,0.4496529087207125,0.4489506869579693,0.27249769371295074,0.7447244558639843,0.20807493559536053,0.1294640805216538,0.35671101775278663,2.9906381039135232,0.352600503189351,0.2628590437750364,0.6348469076514947,0.49942082642459606,0.7382279085855615,0.2826002581608843,0.29369882355210686,0.9895459499392276,0.6279068372470663,0.6011622897612547,0.09731150036885106,0.6684240681790031,0.46568497449030277,0.10591038965686268,0.33908670852022643,0.6948447060001183,0.5218230897568807,12.544534382827624,1477.0,157.36534288194446,0.11167617303932126,1.1999417577109812,0.03700946102677147,0.9836784904304022,0.7913935503608875,0.6190903072410906,0.4645759087246536,0.32481074081633693,0.2041785470238547,4.7936498934059975,13.154714132983873,4.2569154344770395,11.135847586705,9.316009773785304,7.690677823390485,6.280900288035145,5.177584966861126,4.653343822760458,2.1185116878724077,4.792348874291877,13.099871896267807,4.256754552012995,11.092316173901109,9.28233453144792,7.665719312280508,6.263695207564989,5.16738658044051,4.648862210665976,22.966607732926622,171.6066436986271,18.119959316083353,123.03947810178812,86.1617343537105,58.76325257467035,39.23387765327262,26.701884071716673,21.611919853758145,6.0,5
160768.0,57.64,33.0,56016.724738675955,1.584725505075637,57.0,230.0,5.0,32.0,0.003472222222222222,0.006944444444444444,0.010416666666666666,0.013888888888888888,0.017361111111111112,0.020833333333333332,0.024305555555555556,0.027777777777777776,0.03125,0.034722222222222224,0.6450741043372014,0.3472222222222222,2.55,0.03458615808708429,23.0,-1.0685393911425212,0.5320346119969266,0.8634226191957666,0.729811662081903,0.8634226191957666,0.729811662081903,0.8204664922567112,0.75311298469485,0.7844618847842058,0.7975748538793291,0.7844618847842055,0.75311298469485,0.8204664922567111,-48.66561080394318,-41.72111458817992,83.11575211484538,168.94842137625858,12.244402409896031,24.77344332518885,36.71379919722496,74.65532971310121,58.44335012517054,46.67265407214553,52.347726672107804,74.57096243748599,51.0,0.8417640142852186,44.44444444444444,20.03472222222222,10.803385416666666,5.331010452961673,-0.006968641114982578,21.0,11.0,4.0,0.0,2.7777777777777777,0.0,81.0,12.0,51.0,85.0,40.625,23.626726862225798,1591.4377566553105,0.0010979016139708868,0.05035888099859744,12.933272468310136,-1.9215387993323176,-734021.5435214143,0.3815835881932283,2.3288029611335226,42.0,44.44444444444444,0.0,0.8848783421544004,-0.00039397836891374776,15.744441379569869,0.05582220325481979,0.2132260052994539,21.093130507623634,0.363968583107646,0.4315362145743002,0.23758937414546036,0.7875220861991923,0.5887586149615154,0.574935640915231,0.26927012553843455,0.6031463274471566,0.5627570450396446,0.8716554568290127,0.20478402565384748,0.8561842178256894,2.270190357622554,0.8090861542937965,0.42018944516048007,0.5156190068534448,0.4024456244817437,0.7828405103653491,0.29433518103692113,0.35587973952789226,0.389223241058169,0.7329367698673259,0.2608776490163109,0.15480030482167623,0.544845868255182,0.5000649318343248,0.09740424532239343,1.0513789286143458,0.9109719833398978,0.45707205374988663,12.52326346048095,1530.0,156.8321277006173,0.11656201136479899,1.098041372725285,0.03560465787458902,0.902735963888106,0.7298277597698353,0.5776902602069152,0.445226845799773,0.32696566638557745,0.21671675229358833,4.9716721147541545,13.372590101549308,4.650165096983827,11.492977085829132,9.77642505776041,8.400738937882336,7.482124476154648,6.78788013447089,5.8826638059040945,2.134443013469855,4.970305515170133,13.327433029951345,4.650028788894133,11.457468746407145,9.749145519022424,8.380852502324242,7.468866027212675,6.7800007502174795,5.878670538699151,24.703936914130637,177.6204711678381,21.622767737544237,131.2735900748965,95.04583835107499,70.2386886657145,55.78395973245165,45.96841017294958,34.55876730256936,10.0,5
163921.0,58.595,36.0,57115.33101045296,1.6253817997694013,57.0,230.0,5.0,32.0,0.003472222222222222,0.006944444444444444,0.010416666666666666,0.013888888888888888,0.017361111111111112,0.020833333333333332,0.024305555555555556,0.027777777777777776,0.03125,0.034722222222222224,0.6486050597927301,0.3472222222222222,29.25,0.03483266368517727,22.0,-1.1682764548533848,0.5052068586046805,0.8518959796629565,0.745385530858399,0.8518959796629566,0.745385530858399,0.8329280467874491,0.7011194356358692,0.7172157159553592,0.9213725404270054,0.7172157159553592,0.7011194356358692,0.8329280467874491,-44.88898049241317,-25.495339200917922,85.14613107051187,30.15073708687762,-3.6368856492931054,-19.11216905078668,42.916091033959034,115.13185742600713,40.46250027612728,122.87913163825115,98.12117027458557,46.390561719172155,45.0,0.7389524055194926,44.791666666666664,20.37152777777778,10.681640625,4.867595818815331,-0.003484320557491289,22.0,10.0,4.0,0.0,2.7777777777777777,0.0,87.0,8.0,45.0,90.0,37.15277777777778,23.857286913831775,1461.6453614986783,-0.057308253130253006,0.05598146719232888,12.513093855116892,-2.017155221952115,-747221.4283455116,0.38158754570309233,2.4870703112533956,48.0,44.791666666666664,0.0,0.971059499346623,-0.0004076971907105909,15.750772237388825,0.07040647802995759,0.13938450745099876,14.453936343252284,0.5766141685881464,0.9352101803377618,0.65048496718407,0.5141678996618847,0.5366805419408942,0.340521826471741,0.32991549211124804,0.3068650556293255,0.30869199783850587,0.18450176342777724,0.6279015723547854,0.27267892267100435,6.71667656054592,0.4744811670792354,0.21784614959153498,0.9861862741069329,0.5727998635408433,0.8254924720673991,0.29271436179093563,0.97582387378884,0.46110328117727883,0.22630978475172597,0.35774049368252914,0.3206922171963248,0.5290387123366759,0.30809879238771215,0.14993378787116862,0.7138984117864609,0.5448930525170519,0.7643309307830534,12.416561314958232,1397.0,154.1709948881173,0.09903710554886398,1.2530401257149844,0.03658559956594381,1.015202589720825,0.8028040698954483,0.6122042863793864,0.4426413262607433,0.2957637683218507,0.17953510752229107,5.416644762519027,15.047411678854887,4.242437410771645,13.73980157704722,12.20936020143088,10.443566181049992,8.584484955791858,6.891594847608195,5.796510943085171,2.1017657120562134,5.415739297182732,14.995148838083825,4.242279655824121,13.702244745969669,12.182938157671309,10.425606960254632,8.573065415153605,6.885245336001316,5.793729909002758,29.330232135049314,224.85448867628668,17.99693667821922,187.7515110784534,148.4239821536436,108.69328048970982,73.49745061250286,47.40660333692787,33.56730625847311,4.0,5
190803.0,62.965,36.0,66481.88153310104,1.637738767210159,57.0,230.0,6.0,34.0,0.003472222222222222,0.006944444444444444,0.010416666666666666,0.013888888888888888,0.017361111111111112,0.020833333333333332,0.024305555555555556,0.027777777777777776,0.03125,0.034722222222222224,0.657868452367746,0.3472222222222222,2.5,0.03094374823355699,25.0,-1.1845479822099143,0.5244535524399931,0.861818261757232,0.7471780306762832,0.8618182617572321,0.7471780306762832,0.8329190277259804,0.8355550387949555,0.7602209057606324,0.8429935481347637,0.7602209057606326,0.8355550387949555,0.8329190277259804,-49.69961434733009,-30.802685505526764,105.79828550847428,121.1526281580607,-6.594327199462836,72.9625472654583,-17.307424091468874,88.30790901587187,77.03545369470514,30.054115383281452,101.2093727699408,29.43285687937227,50.0,0.851291900649084,45.48611111111111,21.87847222222222,11.695842978395062,5.445993031358885,0.010452961672473868,24.0,11.0,4.0,0.0,2.4305555555555554,0.0,89.0,8.0,50.0,84.0,42.70833333333333,25.739277702893425,1626.8127545041366,-0.11802372377346058,0.06654444417652283,12.906255756480077,-2.0344275582657896,-771655.8385671442,0.3497124026499093,2.394494645547673,40.0,45.48611111111111,0.0,0.9310056679253249,-0.0003948604639169094,16.14047662666856,0.05019136383556666,0.35528955604060153,18.617540438968042,0.23711242193948853,0.2933495430220253,0.8764245630888597,0.42871880391041195,0.3455929232625738,0.31739244606666966,0.5947841230376392,0.5903155675163506,0.5477809472966075,0.535031456646227,0.6711421200043961,0.6180083366276031,3.2763167002794567,0.955221920009077,0.2775962354302084,0.3985043657443478,0.5366195994587353,0.18645278763001977,0.5393143226018362,0.38285640058278514,0.29546948229843795,0.41581763143813816,0.5262770335931691,0.9811539794210209,0.29806935107770954,0.7175522067036754,0.09424251497655634,0.7467066801037721,0.7989285650470819,0.4641415719176248,13.558866836432802,1563.0,183.84286988811726,0.08744040412285113,1.3117394755875553,0.036900721362677004,1.074146909625599,0.8564926379461208,0.6571806093014342,0.47583708696441346,0.31221173075946507,0.17656220129448494,4.974823155808099,13.085389199440064,4.547115743149783,11.323686893640707,9.787929219631826,8.527471749796161,7.587903892318894,6.80296865163532,5.8550160684006265,2.13515375017771,4.974054644582354,13.019475797781105,4.546966012448688,11.272625837920469,9.75038351910665,8.502110802049677,7.5729693347944735,6.795800637916702,5.852353283107879,24.74121960729129,169.50675004900793,20.674899918363522,127.07209328175213,95.06997876966659,72.2858880903298,57.34986454573745,46.18290631030906,34.25003895030357,8.0,5
181946.25,61.00999999999999,31.0,63395.905923344944,1.5959516340677538,57.0,230.0,6.0,35.0,0.003472222222222222,0.006944444444444444,0.010416666666666666,0.013888888888888888,0.017361111111111112,0.020833333333333332,0.024305555555555556,0.027777777777777776,0.03125,0.034722222222222224,0.7017779180125024,0.3472222222222222,2.5,0.041909513290927576,23.25,-1.0457538112579916,0.5610728855229663,0.7776857105819605,0.9196081933899343,0.7776857105819605,0.9196081933899343,0.689987001630999,0.7513145493648983,0.8642372111236487,0.7276819757365183,0.8642372111236489,0.7513145493648983,0.689987001630999,-52.45755873736611,-32.08851319792201,92.8487273148782,184.3787280282352,-17.169319766759543,7.803161030238055,-22.609845837332518,33.3380668331543,178.32458306787473,45.43141395405487,40.34534575056526,190.93287955787162,50.0,0.7534350335950223,45.48611111111111,21.211805555555557,11.412254050925927,5.853658536585366,-0.006968641114982578,21.875,11.5,5.0,0.25,4.513888888888888,0.0,87.0,8.0,50.0,88.0,39.58333333333333,25.13479286765658,1745.330680455324,0.1042874781950277,0.054721063461252495,13.678640930063883,-1.8497136416568756,-750188.3241886621,0.4022529183460045,2.214316089724144,47.0,45.48611111111111,0.0,0.8318927203942026,-0.00036964210624184437,16.25809328620579,0.07171353967818972,0.21554918611003765,21.69715739049969,0.6527806635936951,0.8941340758305916,0.7006450755803655,0.47806489652534784,0.9077230692090495,0.5119169199271174,0.13984338134330063,0.5368714359915632,0.5592302382938709,0.7596851382779934,0.802178219083537,0.5840524537911708,3.2117959746284073,0.7568278563944979,0.9344643621406533,0.17824721506939994,0.3244891405657769,0.5051253387403971,0.9830967905900903,0.9295288058514102,1.2328753060145843,0.2998453374696746,0.6574111675942429,0.8115314071099199,0.5181273412309839,0.6272920477048902,0.3177880312397692,0.3059646899257925,1.5322725569080262,0.7720062936789391,13.483957785950773,1680.0,181.81711757330248,0.11199169556293707,1.303221085568056,0.04155571940282487,1.0605041214153004,0.8422017664590423,0.6475428054771851,0.477195718534146,0.32920308390909436,0.20580331740473706,5.777075306418434,13.679149941814728,5.001132228921641,11.330777372633875,9.34623350992637,7.776109329853054,6.698069411026331,6.195224384082061,6.053194591540697,2.132194327928027,5.7759896949487874,13.616929093330137,5.000959577255515,11.281039264032946,9.308210193514316,7.749100891387495,6.681049175177451,6.186471570990179,6.049695013602153,33.36205695615459,185.4207579327807,25.00959669334366,127.26184687665301,86.64277700664384,60.04856462490246,44.636418081139304,38.272430498669685,36.59880975760275,8.0,5
177549.0,61.36,34.0,61863.76306620209,1.6185487386580604,57.0,230.0,6.0,33.0,0.003472222222222222,0.006944444444444444,0.010416666666666666,0.013888888888888888,0.017361111111111112,0.020833333333333332,0.024305555555555556,0.027777777777777776,0.03125,0.034722222222222224,0.6560233904597057,0.3472222222222222,2.35,0.03565555259772093,22.25,-1.0815779694504446,0.478205754442409,0.813025454465434,0.7975901427206551,0.813025454465434,0.7975901427206551,0.7783830604422766,0.6879715845733669,0.7690448325278643,0.8612745103934967,0.7690448325278643,0.6879715845733669,0.7783830604422766,-48.722848619102976,-15.14982267438383,70.2080163181571,54.60884748907685,-26.203104968387592,13.20959295800434,95.57878161072394,99.16084245595538,8.09007878204695,79.53197500829735,129.3405183170188,22.757817487412506,47.0,0.7664013298114698,45.83333333333333,21.336805555555557,10.718677662037036,5.310104529616725,0.013937282229965157,22.0,11.0,4.0,0.0,2.7777777777777777,0.0,86.0,8.0,47.0,85.0,39.93055555555556,24.829208270368458,1589.699325988574,-0.07303853982332921,0.06046798202781831,12.961834183087431,-1.9895024234354797,-763359.5244629643,0.4067367874686164,2.3893090198009608,46.0,45.83333333333333,0.0,0.9371489662401685,-0.00039304582960084897,16.1984515731375,0.07514669511222583,0.2949686123076487,17.813416236666235,0.8325371399549129,0.44406542165430984,0.7690140648164002,0.6796265925978311,0.6675070041782012,0.23807592638961408,0.5736798011803045,1.2472515685169128,0.12383349215793119,0.12759290403654114,0.4459106829139333,0.08818403420146201,2.3384489139443803,0.5287070462036887,0.39079409800502674,0.7950485433796546,0.41710626747803126,0.6439040699425692,0.39186010564663043,1.394594622949033,0.3728270724022316,0.26251141583098464,0.6166370695605515,0.9312627040787893,0.42608237770067536,0.42500994275038756,0.21834650020314292,0.9762776535523848,0.5291026539545666,0.25932877838699164,12.697649861992057,1524.0,161.2303120177469,0.16984299457322646,1.501684049817144,0.0673600602248054,1.2306109729967274,0.9865642948278059,0.7696508274532665,0.5817810023853163,0.4209284177650077,0.2834455248656637,5.352038274772624,15.502466599230084,4.559468246142026,13.48395722831284,11.563851098534862,9.841522201408228,8.44853637007933,7.250282668843505,6.05580653602882,2.1131098615007824,5.3493426747429,15.429563042250066,4.558970641478616,13.427684058247356,11.521690115658243,9.811380985600936,8.428481337810314,7.238053470737167,6.049169483180564,28.61546705182552,238.07141567476913,20.784213309863944,180.3026991681102,132.74934312125686,96.26319684461158,71.03929766181675,52.38941804525035,36.59245143624301,6.0,5
195835.0,64.59,32.0,68235.19163763066,1.7273611458625886,57.0,230.0,6.0,34.0,0.003472222222222222,0.006944444444444444,0.010416666666666666,0.013888888888888888,0.017361111111111112,0.020833333333333332,0.024305555555555556,0.027777777777777776,0.03125,0.034722222222222224,0.6599679948077575,0.3472222222222222,29.700000000000003,0.044851596476692145,23.0,-0.9718357193361364,0.49133761267300163,0.9697973663741366,0.8403596609903115,0.9697973663741366,0.8403596609903115,0.6696445292707068,0.6883966665160388,0.7396724607838957,0.6527437416587911,0.7396724607838958,0.6883966665160388,0.6696445292707068,-32.986949828129426,-31.55352450113994,75.30278274062756,77.72958059032476,-23.967779079405084,-10.937199625239987,1.5428243519851559,24.690285585480762,106.80549306645426,55.32580519305596,90.45439625422011,138.31928497393434,54.0,0.5213068734503162,44.44444444444444,22.44097222222222,11.283106674382717,5.456445993031359,0.013937282229965157,24.0,10.0,4.0,0.0,3.4722222222222223,0.0,81.0,7.0,54.0,81.0,39.58333333333333,26.076476734576104,1628.6268344209996,-0.10174354335118442,0.08285032090311018,12.364886630905843,-1.8489180929178333,-888824.0264081317,0.46954842123554424,2.6767734028069947,45.0,44.44444444444444,0.0,1.0206480041876145,-0.0004125361530806748,15.304412465268095,0.10896260289478099,0.24880897726627968,17.824186705287932,1.867553885754166,1.6398945440632189,0.8310738346537482,0.5113887717909456,0.8451738872731764,1.284761477136141,0.3496406078412628,0.6372758805007261,0.4892883628464043,0.5092475745123274,0.8259455538356049,0.5500836588967772,2.620848949334042,0.4425557642391686,0.49790107178438614,0.40171375503004303,0.43596822470634305,0.19019899754055064,0.5803208854066159,0.915696151788325,0.4999536008518275,0.655871899656481,0.33684918383390866,0.6104810033799961,0.3743474706711156,0.23476945058767443,0.3896516012129356,0.8341427327512208,1.0662465407509853,1.709809168005536,13.281016700928417,1566.0,176.38540461033952,0.13423936722751584,2.188654208677654,0.05681211318585612,1.7188827664449926,1.280101471611684,0.8907228646380515,0.57896154561691,0.3612295017751194,0.22407868308058868,7.50259653341444,17.876575920572154,5.304663063064332,15.658245503593273,13.465394678395532,11.41125184291446,9.693703841993404,8.514685224182447,8.040751560300826,2.1205708803939234,7.50139550587014,17.742090051592506,5.30435882990908,15.563614435150253,13.404409500882174,11.37643535563006,9.676399005052167,8.507019320182494,8.037628655161237,56.27093453548873,314.7817593988177,28.13622259643442,242.22609428601734,179.6781940673403,129.42328140082964,93.63269770497458,72.3693777139582,64.60347439826904,6.0,5
232941.0,70.95500000000001,34.0,81164.11149825784,1.6420329611360815,57.0,230.0,8.0,38.0,0.003472222222222222,0.006944444444444444,0.010416666666666666,0.013888888888888888,0.017361111111111112,0.020833333333333332,0.024305555555555556,0.027777777777777776,0.03125,0.034722222222222224,0.6730429648295086,0.3472222222222222,34.45,0.0380083042623636,24.0,-1.1058015187835584,0.5853705419616166,0.6780315113583717,1.0457590719785894,0.6780315113583717,1.0457590719785894,0.705893128161603,0.8604114577978597,0.7868882183528388,0.8620697774820838,0.7868882183528388,0.8604114577978597,0.705893128161603,-53.7762394272337,-15.44646126867528,18.831746197341722,152.3668218936415,-36.942575844387065,35.71032457843155,41.87435576266682,51.65972928284326,66.86569653947895,68.92625614250791,60.75230628938888,189.14634769529528,53.0,0.7198772957011093,45.48611111111111,24.677083333333332,12.097800925925927,5.418118466898955,-0.003484320557491289,26.0,11.0,4.0,0.0,1.0416666666666665,0.0,93.0,7.0,53.0,90.0,42.70833333333333,28.439812177063803,1619.669780317664,-0.1337215202737905,0.07165236969967329,12.07590969389183,-2.351559135684769,-844455.0178037169,0.34795814823681287,2.6025115408870554,42.0,45.48611111111111,0.0,1.0517208935586058,-0.0004219712432490301,16.180076124968792,0.06462776132824599,0.29232618735213084,28.239345246951444,0.21675835824803813,0.2329601061963363,0.7734616784934862,0.18970387047893997,0.4993218512952341,0.5153949584593521,0.40665709953546775,0.6354210110967459,0.23595502367874704,0.28251327667629056,0.2035378996209436,0.6641995782227015,2.0375565961723274,0.5933628013758296,0.25792426878050656,0.3191603377886397,0.43673106846015014,0.4614876324675136,0.2481187765602642,0.4251089528583398,0.9332097768948036,0.8770092419963993,0.22209118946941336,0.49221647227372756,0.4162414666297427,1.184618244433341,0.5775845104601146,0.39223918169310246,1.1441172343335193,0.8548080746885279,14.137343273274116,1555.0,199.8644748263889,0.18958469967252295,1.9654554627484042,0.0587513240767934,1.6470573793447838,1.3489027804001192,1.0675643035177163,0.8044837616007586,0.564500060332807,0.35799112110875947,4.801593923435532,15.664571716371794,4.128200727373424,13.296565494194992,11.090121947991994,9.073455016912646,7.330508619211006,6.076620465584024,5.390322183211448,2.1015770338043356,4.797849710779102,15.540778355066635,4.127782640523322,13.19415991757576,11.007782070442827,9.010432420355418,7.28623102115542,6.050343458402908,5.378421292166385,23.019361847223113,241.51579188130765,17.038589527405687,174.0858559305628,121.17126611036257,81.187892401792,53.08916249364756,36.60665596463886,28.927415596028723,6.0,5
280541.0,76.545,39.0,97749.47735191637,1.6779154918532406,57.0,230.0,7.0,40.0,0.003472222222222222,0.006944444444444444,0.010416666666666666,0.013888888888888888,0.017361111111111112,0.020833333333333332,0.024305555555555556,0.027777777777777776,0.03125,0.034722222222222224,0.6807066545963113,0.3472222222222222,37.7,0.030730829360826804,29.0,-1.1386635157736533,0.5283030614038238,0.801867896364171,0.8925449645108456,0.801867896364171,0.8925449645108459,0.7978903506764544,0.7239668714829808,0.9187537732998872,0.785146700731581,0.9187537732998872,0.7239668714829808,0.7978903506764544,-44.7627447454848,-28.59248906689125,34.918281110425184,183.10427681927123,-16.739628197286454,-23.31312765437417,49.45711685751062,47.11934774301758,100.82679193436722,79.02641250403677,70.41743709958497,94.5984097822092,58.0,0.8643362726155713,43.75,26.600694444444443,14.032527970679013,5.2717770034843205,0.017421602787456445,30.0,12.5,4.0,0.0,1.3888888888888888,0.0,83.0,7.0,58.0,83.0,32.98611111111111,31.210586256019678,1578.9148581465388,-0.1701617211095082,0.08644968030253707,11.275388494839024,-2.2623688593282267,-986404.4655506181,0.30591001901766024,2.836095264912885,50.0,43.75,0.0,1.133249898189304,-0.0004481082414911325,15.36587076419636,0.040179666417779814,0.2607305841908534,24.17190471459333,0.8732492518898949,0.8122156732842057,0.5294246296411482,1.3141911089785676,0.3913166191657152,0.40802422091297996,0.5412426920084072,0.2187117790995373,0.545601853025804,0.571145083049136,0.5223933654760854,0.2665742566774879,7.968882473275462,0.3305588481800064,0.5400348944452282,0.760696169926911,0.3006893898860838,0.1527135561827025,0.4318754538201022,0.8051699953589877,1.3087230550494733,0.7750318300955353,0.28984252734075133,0.3999424726451609,0.3552191167246481,0.4506341377589715,0.235466804600963,0.29101444316189473,1.3556733023949277,0.6805533205578849,16.324942557869747,1513.0,266.5037495177469,0.12702093779977908,1.4614003732097198,0.035512475474976254,1.1999351612622253,0.9694159811222263,0.7620665415682528,0.571944835945722,0.39717096931346063,0.24697829773397503,5.787484965280746,17.922812964178753,4.573145883230847,15.674466781445624,13.375703553202403,11.073918495597093,8.908757987638925,7.152694209550996,6.148401437099613,2.0942363713179373,5.786090900142439,17.863133361706634,4.5730079962095935,15.628469678487683,13.340527658181148,11.04766606271884,8.89037951872446,7.141658748251624,6.143438935333939,33.478847904711145,319.0915334981165,20.91240213339688,244.24906449140892,177.96967819869622,122.05092543334958,79.03884798695536,51.00328967647896,37.741841952177005,8.0,5
159764.0,57.875,37.0,55666.89895470383,1.6233534463333417,57.0,230.0,6.0,31.0,0.003472222222222222,0.006944444444444444,0.010416666666666666,0.013888888888888888,0.017361111111111112,0.020833333333333332,0.024305555555555556,0.027777777777777776,0.03125,0.034722222222222224,0.6407508981978773,0.3472222222222222,31.85,0.02474566240049856,22.0,-1.1754974208021665,0.6164341521329082,1.011319051413097,0.6687962487066127,1.011319051413097,0.6687962487066127,0.7395152720011519,0.7634879059992109,0.8574873520018396,0.9249375157814654,0.8574873520018396,0.7634879059992109,0.739515272001152,-42.765946961487074,-46.79724137006681,181.82235993844233,149.04026565668875,-55.52276491862763,2.8032499917350426,36.2151548719973,90.75207957289594,67.45598818696946,84.15520370304702,147.27590979823083,14.178845372197095,49.0,0.9434382939589296,45.138888888888886,20.118055555555557,10.766300154320987,5.188153310104529,0.017421602787456445,22.0,10.0,4.0,0.0,3.4722222222222223,0.0,89.0,8.0,49.0,83.0,37.15277777777778,23.55283658311905,1548.558234927858,-0.08032755628382003,0.05418429925772318,13.004751712877239,-2.0067924724784527,-712519.3870973442,0.3613686309962396,2.435714186088835,47.0,45.138888888888886,0.0,0.9137701870424358,-0.00039164457326685187,15.759082065646261,0.05873030935975698,0.16054281945173252,16.88919393310902,1.1881705994859406,0.7792437627956392,0.7550949780711769,0.8476055987960311,1.070963458661047,0.554502984676699,0.552525560413634,0.4141669179851054,0.7411554756377022,0.581302246060465,0.3157995147702566,0.23648576766073162,2.0979788512224253,0.4335511408608207,0.3645569612333156,0.6042064516544201,0.661033778445814,0.34381076163023905,0.13057201164992033,0.3659033804010146,0.21359116755575897,0.5234721063118035,0.6943224838741291,0.10654099071244824,0.7547559660143354,0.3204023133362477,0.12734880895452969,0.4539015985699092,0.3836613948476776,0.7339573751713823,12.24744674512575,1489.0,149.99995177469134,0.11970489656645074,1.234687802066863,0.02912936036298182,1.0268504718260578,0.8390928363552609,0.6686809823285386,0.5142629177330047,0.3726189357844745,0.24086499788255158,5.7947172043894595,10.925357302944283,4.936908918965999,9.38577800557516,8.092987686495077,7.041643683376688,6.191090057103201,5.568589932541822,5.41450344878316,2.1634494554136077,5.793480665073908,10.855366333220877,4.9368229818913765,9.329437650708055,8.049370963357212,7.009822501854876,6.169694461365721,5.5561091570901455,5.40914333787521,33.5644182165852,117.83897822842528,24.372221154530866,87.03840687844904,64.79237290573822,49.13761150751095,38.06512974660686,30.870348965500966,29.258831649679767,6.0,5
189212.0,64.35,30.0,65927.52613240418,1.613836543136799,57.0,230.0,9.0,34.0,0.003472222222222222,0.006944444444444444,0.010416666666666666,0.013888888888888888,0.017361111111111112,0.020833333333333332,0.024305555555555556,0.027777777777777776,0.03125,0.034722222222222224,0.6618881369465186,0.3472222222222222,25.65,0.034982702921887154,21.0,-0.8862321356795757,0.6108887442837423,0.9884952348489582,0.7127900243766311,0.9884952348489582,0.7127900243766312,0.8126590993104231,0.6130047343845999,0.7929149020806014,1.0337326291832174,0.7929149020806014,0.6130047343845999,0.8126590993104231,-45.744424186451475,-32.885061324475906,214.9494173036774,111.4510275948432,-21.365392230545297,-22.19133249154415,25.678975447426566,132.15344354126006,69.01850969035206,17.677416527302388,100.51022169851072,26.780138000268778,57.0,0.6361118053680219,45.138888888888886,22.375,10.604166666666666,5.7073170731707314,0.020905923344947737,23.0,10.5,5.0,0.0,3.4722222222222223,0.0,85.0,9.0,57.0,85.0,37.84722222222222,25.631740305939257,1697.2128400614013,0.13699240444593264,0.052265813068412485,12.931153389136497,-2.0450992614907433,-790878.2903839098,0.43362581781151666,2.4063703335560156,43.0,45.138888888888886,0.0,0.9219776696905753,-0.0003940475567987178,15.846597999559172,0.08940361159696009,0.22542093215455355,22.09890365130716,0.5112879795096847,0.4501989680340041,1.123006748799809,1.325197038255664,0.723862822801985,0.666815325915959,0.5385585846650262,0.3639729921733817,0.2850226558606134,0.6778458258063205,0.2910459714395413,0.4431720586948228,2.1300074831014646,0.593855432262778,0.5728709663416242,1.166081776492914,0.7085733328980239,0.6559741269812605,0.16221399416170504,1.2502554523986364,0.5310783505520073,0.4369831674688638,0.26626362704140594,1.0238914853246104,0.6952083187853789,0.1047265623662702,0.4063623574773384,0.7325623393956924,0.8686932740094621,1.4103223792494068,12.503818861096441,1638.0,156.34548611111111,0.10351272047169827,1.7158492882932397,0.03576862133476215,1.407422516176204,1.1212520744852985,0.8547442526465598,0.6108187562744425,0.39484958933026665,0.2207019293399243,6.046453992330561,13.969384873915951,4.9143819104436295,11.946854842039814,10.194076350660445,8.733529758389425,7.5380550373541375,6.648817555394999,6.23606301133955,2.14058431730657,6.04556788052791,13.863606131719672,4.914251740338848,11.86366311379965,10.132225146953505,8.691602516408658,7.513266546127817,6.637082844649029,6.232156331462083,36.54889099807073,192.1995749754553,24.149870167423394,140.7465024777304,102.66198642855699,75.5439543032413,56.44917419316342,44.05086868673445,38.839772539782935,4.0,5
205003.0,66.42000000000002,36.0,71429.61672473868,1.7922189919171916,57.0,230.0,7.0,35.0,0.003472222222222222,0.006944444444444444,0.010416666666666666,0.013888888888888888,0.017361111111111112,0.020833333333333332,0.024305555555555556,0.027777777777777776,0.03125,0.034722222222222224,0.6563515436415344,0.3472222222222222,24.5,0.04770895524038132,21.25,-0.624375898489653,0.4323787844364167,0.8416823643660227,0.8316994856936748,0.8416823643660227,0.8316994856936748,0.6630965981727965,0.682112280620181,0.6878180694128369,0.7045802336934162,0.6878180694128369,0.682112280620181,0.6630965981727965,-39.574751543844705,-26.283985773439372,63.878608870009636,90.66540501777688,-15.658250832943876,-33.150595602869494,52.648346419292395,35.59153811401092,52.26458616053561,119.17200192017731,39.11496185137753,161.27815841088383,70.0,0.5157576547828239,44.09722222222222,23.09375,11.069444444444445,5.923344947735192,0.03484320557491289,25.0,10.0,4.0,0.0,3.125,0.0,81.0,8.0,70.0,84.0,42.36111111111111,26.679879539125025,1756.996354073488,-0.05223543403401087,0.09561611588681385,12.737091932677885,-1.8153982441574428,-902254.6373117183,0.5183575747471085,2.504822159125725,54.0,44.09722222222222,0.0,0.9634173322593922,-0.0004003836587686845,15.599805004518823,0.14021642267733603,0.3140140328664585,18.07437284827173,1.5345934970961808,0.7081315097407277,0.7600782104175359,1.2113147589876805,0.6298829142088058,0.7746838628302599,1.0109068593232098,0.22672497135809086,0.8937905767508703,0.2217274255856642,0.9399585384413573,0.7132880676819964,5.723139649945084,0.2620916331909573,0.5741717393581912,0.3840311321853206,1.0064023131573774,0.5899696413867107,0.5350466579991493,0.925530746681491,1.2605551741100522,0.7214822588483412,0.4039157610458107,0.19297756036578767,0.6791031474648792,0.7653881786767883,0.2057170397533313,1.0096974802350425,1.086295041423615,2.396340472489432,13.360190236659141,1700.0,178.49468315972223,0.13823196660558074,2.7654880325458393,0.04474085522579621,2.1771325046734984,1.638842944602058,1.1688887722768107,0.7866794216399328,0.4943260815077064,0.281054653130045,7.391764101689456,21.53061603286173,5.431571518276321,19.17022132842645,16.51740976108535,13.671483678959955,10.943266431707237,8.877241131090688,7.981491713403811,2.1162718664283364,7.390471463880589,21.352271605062732,5.431387245817058,19.046193316197083,16.435906394796902,13.62142301751596,10.914953764579064,8.863467257494072,7.976541747717971,54.61906845843329,455.9195026963682,29.49996741402421,362.7574798379505,270.1390190185257,185.5431650221136,119.13621568289867,78.5610518246695,63.62521825308766,4.0,6
204681.0,66.505,37.0,71317.42160278745,1.6871617297159969,57.0,230.0,6.0,35.0,0.003472222222222222,0.006944444444444444,0.010416666666666666,0.013888888888888888,0.017361111111111112,0.020833333333333332,0.024305555555555556,0.027777777777777776,0.03125,0.034722222222222224,0.6513803279536896,0.3472222222222222,31.85,0.036774973601360186,23.0,-1.09652975083276,0.4299712317633715,0.7187912901783053,0.7187114086456454,0.7187912901783055,0.7187114086456454,0.6809265338718192,0.7043735676317545,0.7652508375870648,0.9234770170641143,0.7652508375870648,0.7043735676317545,0.6809265338718191,-49.49522341558845,-25.005060619357298,3.2512420254244647,21.875496341355905,22.056082405767032,20.41911384493866,42.888209434827004,144.23286377250122,131.79542028750518,80.19254607328018,-4.382913670667508,31.99596889730245,49.0,0.8014777240014109,45.138888888888886,23.114583333333332,11.307798032407408,5.850174216027875,0.024390243902439025,26.0,9.0,5.0,0.0,2.7777777777777777,0.0,86.0,7.0,49.0,78.0,40.625,26.658918145091082,1738.4595868134215,-0.25816785645175194,0.07836983430387937,12.775755564307651,-1.9724859824345669,-847411.4401285173,0.448512332633701,2.4018130148666668,47.0,45.138888888888886,0.0,0.9405370894061652,-0.000399121292109143,15.951007881534103,0.10677577333055288,0.2659655159272245,19.02637394519484,0.7570174548750455,0.40267433099579153,0.9763754869939276,0.8639925792884394,0.43443340098161876,0.3121996419410856,0.16838381155074456,0.7095752730733177,0.6059605216316655,0.3087464061382187,0.9977105685723856,1.021461344052379,4.419386821662544,0.3223244687599622,0.4170515607626627,0.35998553532735983,0.9910582572411073,0.5716110495342448,0.5143180259710707,1.33272087826449,0.6923787609968668,0.3609526658220498,0.28131565437274786,0.960090589152258,0.35574704983597105,0.9763197298612901,0.15496915002992834,0.9553201706421348,0.4524187619075688,0.41295203785298923,13.282091476610736,1679.0,176.41395399305554,0.1490088067652687,2.591632678596614,0.05376838000319139,2.0824084856783,1.596916323405197,1.1523624611933314,0.7735056545530029,0.4786316453590859,0.2760901412070001,5.443676379642941,20.798800719130828,4.813129740712784,18.50734937841141,15.998992941097832,13.386651785484242,10.836702951362085,8.403960143683072,6.2609552556038555,2.0832233576743286,5.441636601408519,20.63670398618314,4.812829402985913,18.389822073999525,15.919096500283562,13.336960177785675,10.809061932398865,8.390319293368666,6.254864902346159,29.611408901788863,425.87355141334706,23.16332686224574,338.1855559133602,253.41763338534034,177.8745067838409,116.83581985843428,70.39745784467446,39.12333494660183,4.0,6
187178.0,63.455,37.0,65218.81533101045,1.6617063436942376,57.0,230.0,7.0,34.0,0.003472222222222222,0.006944444444444444,0.010416666666666666,0.013888888888888888,0.017361111111111112,0.020833333333333332,0.024305555555555556,0.027777777777777776,0.03125,0.034722222222222224,0.6491650782274847,0.3472222222222222,32.5,0.031132147542265207,22.25,-1.0945546105776038,0.6106408973329861,0.8281891645282073,0.6635646500246795,0.8281891645282072,0.6635646500246795,0.8185959363820676,0.9356184889177672,0.8497890708024701,0.8974908564718893,0.8497890708024701,0.9356184889177672,0.8185959363820676,-57.99847866765424,-65.99078882303027,155.34917570730107,88.44120852671323,-3.2850292418724676,43.337283317231645,48.914479047587754,74.71158517057921,73.15090800972548,125.09041848112632,95.61199697294767,131.88414105675673,50.0,0.787538209816467,44.791666666666664,22.07638888888889,10.918306327160495,5.515679442508711,0.010452961672473868,24.0,10.0,4.0,0.0,2.083333333333333,0.0,82.0,8.0,50.0,83.0,36.80555555555556,25.493599414580732,1643.7669101321885,-0.2332710406475402,0.07081670544831994,13.307477610880511,-2.1495024190569194,-728667.2738467616,0.36791784862217924,2.223870091522829,44.0,44.791666666666664,0.0,0.826552868121911,-0.00038176057984692463,16.068346478387607,0.06066331412414172,0.2561285753218072,17.579343155530772,0.36194390731218784,0.4301968337276361,0.2592824830509989,0.7312539126949437,0.49767689329123443,0.3658207829617092,0.8776966580275836,0.4449189173505122,0.7468427055175559,0.5283316374649677,1.6598406639069723,0.44031784285300174,1.2973541356136464,0.3977297165545691,0.546499033299361,0.6231536542120343,0.5006996926275523,0.8386222398981275,0.29397356456222584,0.5188709231763355,0.38252101737813604,0.35686029008752085,0.4485540321846244,0.2515694773660909,0.47170005252471653,0.49154233244314227,0.3068521367330136,0.5480906317143084,0.2985985391911635,0.5470899959376073,12.74977116412896,1583.0,162.55666473765433,0.15853135917993738,1.6174154081469396,0.06513910338026571,1.3274041974620656,1.0632655050142101,0.8258842831017679,0.6174797799952363,0.43714615246921806,0.28310551462738837,4.510012461486145,12.183296385027939,5.008905274148349,10.130495387925501,8.214758966059444,6.585951003534325,5.47424912972385,4.868014853050836,4.490985477673421,2.131417421334678,4.507225333940703,12.075457680888277,5.008481700336137,10.043153633263804,8.14565720714424,6.533962486262089,5.43931266389232,4.848347331916816,4.482053304933033,20.31508021091688,145.8166782029237,25.08488894260196,100.86493490133994,66.3517313363009,42.692665771880264,29.58612225557936,23.50647185090491,20.088801828261126,8.0,6
255121.0,74.865,36.0,88892.33449477352,1.831501248427217,57.0,230.0,7.0,37.0,0.003472222222222222,0.006944444444444444,0.010416666666666666,0.013888888888888888,0.017361111111111112,0.020833333333333332,0.024305555555555556,0.027777777777777776,0.03125,0.034722222222222224,0.6543757333653812,0.3472222222222222,32.45,0.05515645091007342,24.0,-0.8293551849093066,0.42483124212195944,0.7978676057266566,0.8489656641046058,0.7978676057266565,0.8489656641046058,0.8140312012077395,0.6608325482864464,0.554316275195152,0.8459766298303216,0.554316275195152,0.6608325482864464,0.8140312012077395,-40.98779471828347,-15.15771392731713,29.317934694160023,106.03034884279661,-9.80116599185932,8.69436883925807,8.784005304436665,73.80345062672095,-27.87900384128063,71.42378132106293,137.3531300814792,112.20624345021892,59.0,0.3953999423212446,44.09722222222222,26.038194444444443,11.899088541666666,5.70383275261324,0.017421602787456445,29.0,8.0,4.0,1.0,2.083333333333333,0.0,86.0,9.0,59.0,86.0,42.36111111111111,29.763010693737883,1692.4491070504519,-0.31679641825107147,0.11927292437778558,11.318092318836873,-2.1268933986617684,-1014274.9560961786,0.4710649787088915,2.911276954910272,45.0,44.09722222222222,0.0,1.153827489790664,-0.00044671396264619545,15.22595786476184,0.1647214685785796,0.38201711214833384,22.604760822074613,1.1837405846556899,0.189772082366935,0.6164425261604751,1.0181841271442829,0.4658159634104096,0.5480161365478095,0.5013398340984194,0.5400625277496002,0.3897239824933079,0.08766827077665654,0.3703055332739108,0.7219252763159443,2.339676655928137,0.3155088486526198,0.4088800979956934,1.2421754325937875,0.5016148351459117,0.319531046281069,0.5417756390014465,0.6962797132306371,0.2940808590554573,0.40748920254362464,0.462990696743355,0.16841037263326458,0.7239482072342976,0.8214652017861631,0.23818931521112874,0.765042110009324,1.9959216754293139,0.7857974126443823,14.416977340235297,1637.0,207.84923562885803,0.25336805136852264,3.931055288831647,0.08045257381276762,3.315585259767435,2.7006195869003062,2.0942783911613345,1.518308564486566,0.997084002706912,0.5619375006071822,6.475478761121667,24.17269208260543,4.846609541375424,21.35745831703575,18.35442570391465,15.19493435007664,12.049438143519604,9.374798728396142,7.76300154275834,2.0985608998058454,6.470520057637061,23.850908721401034,4.845941748506497,21.098528862201093,18.15465771551128,15.049917870986993,11.953396951390507,9.321624037123783,7.742636450091126,41.86762981628351,568.865846836604,23.4831514299182,445.14792014913246,329.59159676737323,226.5000279234537,142.88369867751186,86.89267468948388,59.948419198279716,4.0,6
197214.0,65.31,35.0,68715.67944250871,1.7967307594795503,57.0,230.0,7.0,34.0,0.003472222222222222,0.006944444444444444,0.010416666666666666,0.013888888888888888,0.017361111111111112,0.020833333333333332,0.024305555555555556,0.027777777777777776,0.03125,0.034722222222222224,0.6572062352299282,0.3472222222222222,28.6,0.05043765982471249,20.0,-0.9572224553569488,0.40126409579903055,0.8694591313143321,0.6371255712434667,0.8694591313143321,0.6371255712434667,0.6840308039101088,0.5933339823031474,0.7994005391858852,0.8895164597726679,0.7994005391858849,0.5933339823031474,0.6840308039101088,-42.31034573088901,-17.56490978265232,103.01009774322063,13.644244971118148,2.964203438912001,-3.000980977384175,33.94335180938157,133.93770537865925,163.67340790084964,30.475470311344537,8.242306357009715,-38.563886317664405,52.0,0.6244890091186909,44.44444444444444,22.708333333333332,10.877893518518519,4.940766550522648,0.006968641114982578,25.0,9.0,4.0,0.0,2.083333333333333,0.0,79.0,9.0,52.0,80.0,39.93055555555556,26.16812628625392,1483.4340252979914,-0.20454874887993094,0.09691896844821146,11.663006074153799,-2.0495913577934552,-883312.2261775373,0.46372970215825093,2.7453239201061623,43.0,44.44444444444444,0.0,1.0985326499787886,-0.0004354525366813839,15.473328559543724,0.14736142197155544,0.3734656722329279,20.31829509151956,0.7634883636081463,0.6927942042959384,0.6332893170049715,1.0702569038258258,0.6220820626488787,0.42961514781343235,0.15718517616100494,0.220160958136797,0.3628644270598865,0.5213102687919616,0.44287601950655403,0.3653891858067423,3.4975903800418715,0.7797096536722826,0.27104678043665975,0.595900180559827,0.6519381194681473,0.1200833128590553,0.31826914917747307,1.8005374579234341,0.1667525942332681,0.48490812758158935,0.4488793684716267,0.7855762421352386,0.4554179693178141,0.2254568532806133,0.10518265227928898,0.5452286148948302,0.5564114887474542,0.4252588390360927,13.003939039981521,1418.0,169.10243055555554,0.18404367710893343,3.2741803683887616,0.06464858793065137,2.7068613518175564,2.149715120475932,1.61824967325076,1.1378355912507088,0.7271561976972509,0.40241495831055213,5.483678086972569,23.65889350303553,4.377471819477068,20.860208106037074,17.830718157325038,14.662302959738689,11.534469031576334,8.64909703331537,6.34233270687402,2.071951195799461,5.480588771880203,23.431239504201105,4.376994412881338,20.683838711641787,17.700656341129218,14.572727818709362,11.47821005242876,8.618475697932622,6.32955340968159,30.036853286459355,549.0229847032344,19.15808009039445,427.8211838492113,313.313234906758,212.36439607818573,131.74930600767667,74.2781233558552,40.06324636601184,14.0,6
232489.0,70.715,31.0,81006.62020905923,1.6747161371075618,57.0,230.0,8.0,39.0,0.003472222222222222,0.006944444444444444,0.010416666666666666,0.013888888888888888,0.017361111111111112,0.020833333333333332,0.024305555555555556,0.027777777777777776,0.03125,0.034722222222222224,0.6783183814518023,0.3472222222222222,29.700000000000003,0.04610040934871074,24.0,-1.12413617411659,0.4629787092671107,0.9849711914476995,0.8235974652698137,0.9849711914476995,0.8235974652698135,0.7105748390667941,0.6314327083695888,0.7267857206599914,0.8645390716422031,0.7267857206599914,0.6314327083695888,0.7105748390667941,-36.89393553401164,-14.618128307587472,123.13476556194298,112.58876607009617,-34.604545012214444,-23.624037514358825,67.16207171723536,72.98095095864889,-11.778863655075513,71.14998534213098,68.4227697239912,58.70001261646097,54.0,0.5423791739444049,44.09722222222222,24.57986111111111,12.134596836419753,5.160278745644599,0.003484320557491289,26.0,12.0,4.0,0.0,1.7361111111111112,0.0,74.0,11.0,54.0,81.0,35.06944444444444,28.41220639482654,1547.3610998517047,-0.08796660410545372,0.07793580129325767,11.205305827209617,-2.116300215903477,-963735.8850228268,0.4231147438561728,2.953268386651995,44.0,44.09722222222222,0.0,1.1678699831385444,-0.000450396438933997,15.137748945261112,0.09559720123246263,0.3985284918123036,31.559735305401432,0.7685284704996161,0.45475334834396175,0.7853802152421567,1.6034754979358048,0.7234278861354554,0.7379074314587204,0.43114103689860145,0.8619778359352557,0.16752265988661602,0.48289457104666084,0.2403139239264555,0.30617999864669104,4.882337767519312,0.2190407862025964,0.34259973468702354,0.8396663623409697,0.4375562926669744,0.659359475522878,0.37343375321043204,1.061118114823907,0.29367676362778405,0.34155145431806194,0.7702152459090356,0.4859992810045603,0.20257942762903497,0.6148553112117405,0.09600973980171974,0.9655206148665064,1.4193765086571868,1.207442805817849,14.250750856734177,1481.0,203.08389998070987,0.17938115259594575,2.2573287507053785,0.05340973878199113,1.8728024744882967,1.5056212900246877,1.1579315750750165,0.8406703420810652,0.5686283953525394,0.35116344120950443,6.604620136628299,21.352163962042546,4.809006189623381,18.835968098390104,16.276913300704596,13.6624694625245,11.076202470176025,8.848391782843516,7.507548469195812,2.079570333205209,6.602183695660804,21.232507453741476,4.808709591110616,18.74263335540447,16.207128404800113,13.61331209815814,11.04425346215301,8.830101861852528,7.499331187171445,43.588829551249354,450.81937277318735,23.12368793163923,351.28630509512027,262.6710111296786,185.3222662818588,121.97553453627876,77.97069889069147,56.23996825488227,2.0,6
173466.0,61.145,39.0,60441.114982578394,1.7120918220285242,57.0,230.0,6.0,32.0,0.003472222222222222,0.006944444444444444,0.010416666666666666,0.013888888888888888,0.017361111111111112,0.020833333333333332,0.024305555555555556,0.027777777777777776,0.03125,0.034722222222222224,0.6411597702367247,0.3472222222222222,31.85,0.027849015506619893,21.25,-1.0845467356241552,0.5568870534901916,0.7922313152806952,0.7360729543477695,0.7922313152806952,0.7360729543477695,0.8763582489448553,0.7647178954619746,0.8196940461853948,0.8022409722401471,0.8196940461853945,0.7647178954619746,0.8763582489448554,-52.79180266144748,-27.278667894051686,71.5639622300307,112.1107606443781,4.2786953182666,22.444636516970945,46.950754737280924,58.837179294030406,81.59184773429772,82.75026419628827,139.67054929964274,-5.353915971788502,49.0,0.7849970611475605,45.48611111111111,21.256944444444443,10.504195601851853,5.508710801393728,0.024390243902439025,24.0,9.0,4.0,0.0,3.819444444444444,0.0,87.0,9.0,49.0,94.0,40.97222222222222,24.542055741115085,1642.2495580259942,-0.26215312237278304,0.07767131242741002,13.517382600930063,-2.0877083152584417,-703847.2876048187,0.3792097325445305,2.2170672797666,48.0,45.48611111111111,0.0,0.8470369189170183,-0.0003749071868794117,16.366676884153186,0.06675768686072814,0.13248593558740127,14.225314677605738,0.2963391558625884,0.7247593353454971,0.9615334967683762,0.5304802517720144,0.2777896171934559,0.43370197806637406,0.6796302364570599,0.5051566787187941,0.6292307812551589,0.4369444646943256,0.32548341452753504,0.5433351772447986,1.639796220483434,0.3770113719147222,0.609255149648087,0.9551605972463688,0.6721004209899842,0.2781174588357055,0.4481016754204479,0.9352625651312341,0.7319050236689479,0.40566810387728863,0.5567986450117228,0.7533175927428417,0.707722001723968,0.28747009289940473,0.2800980653623035,0.6810692946561503,0.8412891269624655,0.36440029478319763,12.26600231884058,1581.0,150.45481288580245,0.13916268968541332,1.6118487217370918,0.04300113964330124,1.2977118843744078,1.014760020113617,0.7658685508661288,0.5566109938294734,0.38629675425054494,0.24992306055550215,5.114801575242309,10.872602842813137,4.542926918925025,9.427049112642862,8.337253282881921,7.635305115379283,7.1397434888107085,6.545317105878591,5.707763515040378,2.156069833062513,5.112908066834443,10.75246187046403,4.542723400415548,9.337301475122992,8.275267633406449,7.5967973230652435,7.118013858343004,6.53390777668023,5.702289260238266,26.14182889990072,115.61543627578284,20.636335892683,87.185198837334,68.48005440450437,57.711329567731255,50.666121287563065,42.691950834162384,32.51610280742867,6.0,6
200359.0,65.53,37.0,69811.49825783972,1.6667985965192478,57.0,230.0,6.0,35.0,0.003472222222222222,0.006944444444444444,0.010416666666666666,0.013888888888888888,0.017361111111111112,0.020833333333333332,0.024305555555555556,0.027777777777777776,0.03125,0.034722222222222224,0.6513456695682319,0.3472222222222222,27.5,0.028638283261427682,22.25,-1.121722145993083,0.5610057323919886,0.7051412272844018,0.967485077109397,0.7051412272844018,0.967485077109397,0.8537645120368241,0.7656375133221902,0.701182687390086,0.8165636768047133,0.7011826873900862,0.7656375133221902,0.8537645120368241,-54.52412418536901,-17.279117591434307,28.71891478832887,145.25310789614628,-18.08736456879888,45.37910979283678,61.386278945669076,91.31599224943753,-40.76380249959308,38.010763322284426,142.73430930075403,124.06579503215828,50.0,0.8398902878263284,46.18055555555556,22.788194444444443,11.402416087962965,6.118466898954704,0.013937282229965157,25.0,10.0,5.0,0.0,3.4722222222222223,0.0,91.0,10.0,50.0,90.0,43.75,26.375954432441343,1813.7567228390533,-0.2036584027146935,0.07415710186513631,13.671373608652255,-2.0380767721796422,-756661.5607334664,0.3897215134966482,2.2218693649264667,45.0,46.18055555555556,0.0,0.8580751470394296,-0.0003698793841142922,16.63937659983655,0.06849696049682974,0.1411491904789754,17.45645757784112,0.2760727111576135,0.4518137849369781,0.42640233940005673,0.4896501705167142,0.7311577846602482,0.385267535950217,1.0621431722761066,0.9200164399025617,0.6832315592271325,0.3295600781556638,0.12738670657833517,0.3603464874160756,2.7378349305836087,0.6247895687259846,0.7227147958626474,0.6333127317781387,0.5102675821147916,0.3242241032014296,1.2150721885371307,1.9082624794613867,0.6354701192047576,0.6370990415367175,0.4961204787334629,1.1326786540237095,0.869096668437004,0.8675913259116511,0.5196137397011571,0.3879491318528364,1.0484967707878723,0.6555919284978903,13.281158314861456,1756.0,176.3891661844136,0.15980689414997845,1.724284995464094,0.050471866293182926,1.4313822437826638,1.1606255608906202,0.9127595668815707,0.6909896447382269,0.4949630167006911,0.3191085420647657,5.2179527994006145,13.992511890510041,4.809079669998399,12.169413594822894,10.549676128231543,9.20634101372171,8.110979966967546,7.224541672690193,6.368404431410671,2.1376155487298987,5.215505073658241,13.8858644045116,4.808814808568198,12.084939888722822,10.485638498345525,9.160981652312195,8.08149301400511,7.207566440383034,6.36040444786276,27.201493173354848,192.81723026048232,23.124699863104794,146.04577211404396,109.9486147179858,83.92358483400066,65.31052933541339,51.94901399253576,40.454744740392385,4.0,6
214801.0,68.91,32.0,74843.55400696864,1.7224907239724212,6.0,6.0,6.0,6.0,0.003472222222222222,0.006944444444444444,0.010416666666666666,0.013888888888888888,0.017361111111111112,0.020833333333333332,0.024305555555555556,0.027777777777777776,0.03125,0.034722222222222224,0.6499069744503116,0.3472222222222222,29.700000000000003,0.04098379756100462,20.25,-0.9716833277305379,0.4923202638813045,0.79578751050925,0.6780712868326906,0.79578751050925,0.6780712868326906,0.7239653900269241,0.5162460313709707,0.9053589082535558,0.9356814760143615,0.9053589082535558,0.5162460313709707,0.723965390026924,-47.492467641374624,-37.170272355576536,50.43768254778982,71.70520971955288,7.0461739312422695,-25.095114947125353,84.09100485824243,131.03434488281258,151.5591565534483,14.785607666547842,43.87469318809466,55.117817452627925,54.0,0.5261529979998916,44.09722222222222,23.947916666666668,11.030454282407407,5.944250871080139,0.0,25.0,9.5,5.0,0.0,2.7777777777777777,0.0,83.0,7.0,54.0,87.0,39.58333333333333,27.31001291752817,1762.7978103571313,-0.23625106047753971,0.08520585422117198,12.616820635755603,-2.08105021444627,-859200.4979472712,0.4549235160192165,2.3780963091663088,47.0,44.09722222222222,0.0,0.9246381968472132,-0.0004043105137725902,15.645440586497807,0.12321644410773935,0.5277756758723946,17.503405106281978,0.2360354299892467,0.2954791086116871,1.08987703489817,1.0427903435892212,0.9144623321641484,0.4110000117809657,0.539610438723002,0.45465527491238455,0.3886492610716934,0.4428168271198129,0.776639826326025,0.3540226888615236,2.1759864339300603,0.6059527982388649,1.5593239564623296,0.38500864147216973,0.39979554462862515,0.677082976561918,0.5692478923530716,1.5593909446720988,0.7919688210603235,0.9101524175105723,0.4815352584820822,0.3884480697857815,0.3681154756652809,0.16466695408858303,0.2580815992593708,0.17077011944657647,0.27979016468612466,0.9024463957284465,13.127608041145365,1706.0,172.33409288194446,0.1774799434176294,2.8771197605865066,0.04874239537371175,2.450401895991011,2.022313477717183,1.5920287522903145,1.1691458291542112,0.7665707368930658,0.4183525313656918,5.824507712057272,17.52714968777285,5.154700318647471,15.490373254488237,13.75068739899858,12.219738829604095,10.543797922179499,8.458160100007753,6.404676740592902,2.114215605112764,5.82180306756413,17.289394380973516,5.15446986158204,15.295332428930342,13.60116363194053,12.115587543145196,10.47877724994324,8.423350971122026,6.390998772570031,33.89339095749912,298.9231580608386,26.568559553957577,233.94719411148813,184.99165214282172,146.78746151561504,109.80477265392803,70.95284158270238,40.844865310991636,2.0,6
200429.0,64.765,34.0,69835.88850174216,1.6150095046126058,57.0,230.0,5.0,35.0,0.003472222222222222,0.006944444444444444,0.010416666666666666,0.013888888888888888,0.017361111111111112,0.020833333333333332,0.024305555555555556,0.027777777777777776,0.03125,0.034722222222222224,0.6561468663100822,0.3472222222222222,2.75,0.03382454973478465,24.25,-1.1297775437411137,0.5212215868085248,0.9476263631136416,0.8781809801384474,0.9476263631136416,0.8781809801384474,0.6090726199365165,0.6281973312901951,0.8192551600544624,0.7178682805428325,0.8192551600544624,0.6281973312901951,0.6090726199365166,-34.97664371154863,-16.875754156024286,69.94295048569037,49.308495510313826,-39.72100768724332,-14.60788669400863,40.265595356836606,53.28849079899064,111.4449478507335,15.943099608161214,36.89195502061679,169.96796211118695,55.0,0.8086043795996034,44.44444444444444,22.51736111111111,11.807822145061728,5.160278745644599,0.0313588850174216,24.0,11.0,4.0,0.0,3.125,0.0,84.0,7.0,55.0,84.0,39.23611111111111,26.380561551600408,1546.1455178465844,-0.09994994574386097,0.0661028758705778,12.311145830880847,-1.8895311132674908,-879090.1308313385,0.4223926907637369,2.6739372641247336,43.0,44.44444444444444,0.0,1.0360046301959347,-0.00041429078893222315,15.469495541964733,0.07563210688654587,0.22277982777797273,20.393499957724497,0.9688504148498636,0.9055130834679146,1.6134119720630036,0.9326280668814698,0.6072076536570238,0.9684056180555045,1.0120868764455182,0.387183239031911,0.15524719399348502,0.5933647853055618,0.6052282010553041,0.7286858554440563,6.028106971558662,0.2164545556724279,0.47359914789439744,0.6416717692660676,0.28832155313274427,0.12740502117385197,0.9987730673594347,1.1631482491920695,0.48080182306914254,0.7270849030335919,0.6518484897626693,0.2748737936510577,0.2743887111440356,0.770984214316693,0.11661636469216577,1.4706741490116046,1.2676682447019798,1.5769306980825035,13.74417972705533,1481.0,188.90247636959876,0.1334180431855841,1.5406586303583851,0.04118760623914694,1.2457077451726708,0.9844036095059465,0.7558593884553708,0.5597059194727476,0.3912365725751729,0.24853348481687773,7.168233437903374,16.999834356609345,5.236616859315109,15.25127246377732,13.518905640140474,11.80223861557328,10.193377023834593,8.838125919988563,7.840076737808719,2.105177505403435,7.16699171521975,16.929877115232042,5.236454880198579,15.200313285521096,13.483017438267058,11.778009718276385,10.177999038796681,8.829462255531382,7.836136443532245,51.365770246028546,286.62073913685765,27.42045971235552,231.04952397798914,181.7917592406136,138.72151292381295,103.59166443374617,77.95940372185333,61.40503436165419,6.0,6
216656.0,66.87,28.0,75489.89547038327,1.8201063436969205,57.0,230.0,6.0,36.0,0.003472222222222222,0.006944444444444444,0.010416666666666666,0.013888888888888888,0.017361111111111112,0.020833333333333332,0.024305555555555556,0.027777777777777776,0.03125,0.034722222222222224,0.6709922683867912,0.3472222222222222,26.25,0.061431273287236694,23.0,-0.43865420773949326,0.4272535717188238,0.5528599074297655,0.7168790372497338,0.5528599074297655,0.7168790372497338,0.6777487525642201,0.5618545073920114,0.6074837157354016,1.0054171995334287,0.6074837157354016,0.5618545073920114,0.6777487525642202,-52.921792618834516,-24.738148027189357,-20.430693753595236,167.0949637258398,18.22261870544212,-4.830988996015942,74.0007226397559,164.64282586674844,13.897329600261482,27.83849580259377,70.56013470300523,62.85759379318672,75.0,0.32875923153220865,46.18055555555556,23.256944444444443,11.912905092592593,8.132404181184668,-0.006968641114982578,24.0,11.0,6.0,0.0,6.597222222222222,0.0,92.0,9.0,75.0,93.0,44.44444444444444,27.427682690628057,2383.6141612571832,0.16735108724570744,0.10320591651294665,14.87351038674501,-1.5248948001656693,-856773.405384206,0.5881401077658323,1.9929016928910972,44.0,46.18055555555556,0.0,0.6974458768468723,-0.00033062964670202427,16.434569658912366,0.1953666287745871,0.3226906716107502,22.3290953397146,0.1905340196287713,1.0516149719654977,1.3719595069554804,1.1398286486331104,1.567534377561784,1.318139600616544,0.806288037113647,1.5813872298644742,0.6290128065155598,0.5195229816379616,0.4280075746318312,1.5262291131498817,7.087624520206458,1.8394432921781576,1.825881251307995,2.2204696340640266,0.703957292930902,2.25991346019386,0.8542479801495098,1.548921325235169,1.33746833448244,1.3044349952648846,0.7019922868777909,0.7926205536496138,0.8727813453309612,1.8751165574724031,0.9502125789560688,1.4325719618665755,1.617358048651769,0.8239124365866184,14.539336741605597,2334.0,211.39231288580245,0.18527164859009024,3.012786044354536,0.06843405566771689,2.3817886077731996,1.805402700388179,1.3057054953782783,0.9036772142705617,0.5979602689483549,0.3649602086708234,7.069224326566619,24.21704761960859,6.703554431935877,21.811844088576358,19.151560619782906,16.2701658062576,13.367554571229608,10.69767744152069,8.371352479055913,2.1132793662610476,7.066796091267243,24.02890999736219,6.703205114119065,21.68141198290013,19.066273764494476,16.217688754025744,13.336974271071,10.680952493086929,8.363393233292486,49.93960699554998,577.3885156613327,44.93295880195199,470.0836255722453,363.52279526265033,263.0134285224531,177.87488270720982,114.08274615957988,69.94634637468255,4.0,6
187843.0,63.38499999999999,37.0,65450.52264808362,1.6781051729369736,57.0,230.0,6.0,33.0,0.003472222222222222,0.006944444444444444,0.010416666666666666,0.013888888888888888,0.017361111111111112,0.020833333333333332,0.024305555555555556,0.027777777777777776,0.03125,0.034722222222222224,0.6520482778183316,0.3472222222222222,2.35,0.03157288698357267,21.25,-1.0942388173371684,0.5075043414650795,0.7219811279675988,0.9629858866377037,0.7219811279675988,0.9629858866377037,0.7259100384066005,0.7532373512535369,0.848606714390203,0.6390467313512685,0.848606714390203,0.7532373512535369,0.7259100384066005,-49.03900725546429,-21.072249569752643,-11.653007105065084,94.88617365334633,-9.673206680723844,57.87305799777486,38.21319586061078,45.129598771846766,104.10125368318029,-4.781870181651367,116.02082170694904,116.0042361831615,47.0,0.838210116954595,45.48611111111111,22.038194444444443,10.936463155864198,5.2369337979094075,-0.010452961672473868,24.0,10.0,4.0,0.0,2.083333333333333,0.0,89.0,8.0,47.0,88.0,41.666666666666664,25.53884568434699,1564.0890551146595,-0.22910541465209036,0.07411540656434741,12.467010166840625,-2.137494491357765,-780618.0330831669,0.36945383655823105,2.5246440278292686,46.0,45.48611111111111,0.0,1.0014005123109964,-0.0004092018220443915,16.07453699098228,0.06950517085002406,0.25170428214445006,16.445409422691803,0.48771891123146427,0.5205138752532381,0.3619238014536319,0.3130083105317077,0.6469335565556136,0.4197486560984524,0.3285528454850138,0.5865291765613939,0.38167106106298665,0.6202422610611801,0.18668629890598798,0.6563938527294988,4.3108113703953155,0.5749376549227503,0.38921164300301075,0.1713913658326502,0.3110946190473238,0.05553371747665944,0.44014538911128975,0.9538341502702593,0.5289725263199796,1.193747176215321,0.3062614115649787,0.519963957812606,0.41082831209424553,0.5826011051488665,0.24287348886284352,0.5139285504449408,0.6398547667671691,0.8294218618896052,12.905449411692214,1503.0,166.5506245177469,0.17456386497711193,1.967063952295315,0.05897071743133184,1.6338845551507282,1.317806176924928,1.0237504318832815,0.7602556989703659,0.5304265422955214,0.33408391266355103,4.9474390529079395,15.732838184951097,4.245936989928675,14.035089195861124,12.27792652046434,10.46173588309109,8.6591519955358,7.0514182717260425,5.8047538260701295,2.0956057033311435,4.944358465896547,15.609383612476044,4.245527455679707,13.93966104308916,12.207000717702122,10.411524995925163,8.625712988152033,7.031439918399381,5.795132001997471,24.446680639282857,243.6528567614357,18.024503376930213,194.31414999621757,149.01086652198012,108.39985274077445,74.40292455397469,49.441147326060296,33.58355492057522,10.0,6
220634.0,69.18,38.0,76875.95818815331,1.6811868524343483,57.0,230.0,7.0,36.0,0.003472222222222222,0.006944444444444444,0.010416666666666666,0.013888888888888888,0.017361111111111112,0.020833333333333332,0.024305555555555556,0.027777777777777776,0.03125,0.034722222222222224,0.6619878344132274,0.3472222222222222,28.6,0.02925627962838425,23.25,-1.1050598420391307,0.5598432065956293,0.7325357038721784,0.8829230505561456,0.7325357038721785,0.8829230505561456,0.7028714870553472,0.674347277498242,0.9818694937136759,0.8957767091929136,0.9818694937136759,0.674347277498242,0.7028714870553473,-48.079688475595894,-22.437737374243877,-29.538878839336988,101.00432917970684,-19.651218821398274,-23.239651373841966,130.26999120887265,89.0160684759951,100.23886123605512,61.34813513071318,37.6375488410584,116.60210094170783,52.0,0.8021323063125037,43.75,24.041666666666668,11.765625,5.303135888501743,0.020905923344947737,27.0,10.0,4.0,0.0,1.7361111111111112,0.0,86.0,5.0,52.0,84.0,40.97222222222222,27.678335892495014,1588.7464994933061,-0.28518839383424716,0.07886440085359826,12.29809368644924,-2.242942135932548,-835826.8856663004,0.3505317303003271,2.5005454594461067,43.0,43.75,0.0,0.9906419407802027,-0.0004147169411396453,15.833225201465558,0.05157212006049117,0.26927746151344134,17.746674103007592,0.5317422088231436,0.49757110900796625,0.8654517929505541,0.6503932724165506,0.8467301007250816,0.601268705214185,0.4167624581543972,0.7807149739522606,0.2138096110143905,0.30886634145302916,0.4115825248474705,0.2254451486433529,1.509490559134099,0.3477273453611252,0.5601846809880323,0.27374322337675405,0.6655269309001342,0.31899693447205896,0.7446858970618108,1.1455279315849252,0.892212196391144,0.998111331179674,0.8224085060324123,0.08453848685715383,0.25268901095282825,0.853855229362172,0.15231421743434603,0.7239172002481393,0.3423305109574718,0.5101389915940068,13.714537603093538,1522.0,188.08854166666666,0.12014503203541264,1.9457562541852171,0.03387073753198421,1.585444431052328,1.2506860732892855,0.9438513908501789,0.6714442604588723,0.43894021010846646,0.25393333309227906,5.17571207190917,13.840815778540566,4.504310521880702,12.17799020016696,10.694093219955453,9.376395950560296,8.108724239579416,6.716136053496637,5.389262749018834,2.1162484265773753,5.17431740643957,13.70336506172103,4.504183172414754,12.074345169466032,10.620706857040046,9.328769778147262,8.08087689540186,6.70177700173822,5.38327696113684,26.773560622583524,187.7822140147966,20.28766605066424,145.7898112714077,112.79941414317744,87.0259455736737,65.3005713986396,44.91381498102732,28.979670840306685,8.0,6
149475.0,56.56000000000002,49.0,52081.88153310104,1.9316424820204048,57.0,230.0,7.0,29.0,0.003472222222222222,0.006944444444444444,0.010416666666666666,0.013888888888888888,0.017361111111111112,0.020833333333333332,0.024305555555555556,0.027777777777777776,0.03125,0.034722222222222224,0.6428304238972792,0.3472222222222222,24.75,0.030216088292229847,18.0,-0.5480290554138567,0.46745411173429485,0.7739315873772822,0.8002603794342251,0.7739315873772822,0.8002603794342251,0.7338670277693292,0.6533751458117713,0.5750902001924447,1.0159031305682789,0.5750902001924447,0.6533751458117713,0.7338670277693292,-46.12985753945481,-19.606747004213318,88.88902641863596,128.36919985291945,6.2770542664369025,-1.0249195463186265,15.51927746071629,132.25035023162326,-5.7066418252498465,56.103631884600176,61.59071460238541,62.86068198714741,55.0,0.7940561371093613,45.83333333333333,19.663194444444443,9.677300347222221,5.184668989547038,-0.027874564459930314,21.0,8.0,4.0,0.0,2.7777777777777777,0.0,89.0,10.0,55.0,89.0,43.75,22.781800119100918,1545.3221513520687,0.18086789548895416,0.09689359962062298,12.808265842807964,-1.917845232262162,-732554.4810109998,0.44711316836871784,2.4692464460814687,43.0,45.83333333333333,0.0,0.9651810064353671,-0.0003980598322839462,16.006687549319114,0.0845573591524389,0.15524550004737178,7.83497488762345,0.4090878040550828,0.6369400826211445,0.24730030371797582,0.6756397552779413,0.7090888597990199,0.2867420026866211,0.3229279889431209,0.34375226078208826,0.2268548199667005,0.34557345496226793,0.311584798817879,0.2831572320741518,5.82779570704649,0.4570003107381046,0.6998335422262182,0.49409076253992995,0.6807825375589931,0.47703000183926747,0.33424518363171923,1.106217071303664,0.356288170216453,0.1959759148695574,0.42886644160666876,0.2070842886000582,0.30542894306256213,0.9485310104766309,0.3107521413688744,0.8472028592432878,0.864882924430774,0.1494715526190532,11.505181480821404,1488.0,132.3692009066358,0.14745493961896838,2.5427877369186165,0.04212149253415196,1.9934214660226925,1.5168043204861372,1.1170793807896784,0.7942011673772599,0.5347816399111953,0.32054518693260897,5.1343865012134104,18.405722422925077,4.08494902715544,16.848924392074398,14.925095248475637,12.62661800537003,10.133453670001574,7.8813047302862635,6.264511352639315,2.1159184070984756,5.132268678140735,18.229230604574163,4.084731855865801,16.730586481909103,14.847820474043477,12.577106817966886,10.102283295760664,7.863140139234866,6.256305081314466,26.340181784624455,332.30484843474335,16.685034334324868,279.9125240286396,220.45777282942467,158.18361591054912,102.05612778780495,61.82897284924651,39.1413532704812,4.0,7
137210.0,55.144999999999996,53.0,47808.36236933798,1.8320811165366955,57.0,230.0,7.0,29.0,0.003472222222222222,0.006944444444444444,0.010416666666666666,0.013888888888888888,0.017361111111111112,0.020833333333333332,0.024305555555555556,0.027777777777777776,0.03125,0.034722222222222224,0.6336985709706451,0.3472222222222222,24.200000000000003,0.010719577607314464,17.0,-1.0446503030246388,0.5479469367301082,0.8971187700632678,0.8714324634729487,0.8971187700632678,0.8714324634729486,0.7449002512622608,0.7766442023362045,0.7019179616604344,0.6555310374254919,0.7019179616604344,0.7766442023362045,0.7449002512622608,-44.33626268244586,-34.55013864439121,74.20616237847975,237.6866608538308,-21.197878518060183,29.183816556630966,-8.277157920876418,31.050465087434223,66.40873585501552,43.37505169909806,105.016314241395,94.62864108093684,44.0,1.1472013751410233,45.83333333333333,19.180555555555557,8.953993055555555,5.083623693379791,0.003484320557491289,20.0,8.0,4.0,0.0,5.902777777777778,0.0,86.0,10.0,44.0,85.0,40.97222222222222,21.827130162050874,1523.1072340104472,-0.10094570945997118,0.08262149910179284,13.973760474598976,-2.089859347914925,-613850.930053419,0.3833132171872472,2.225528122833068,46.0,45.83333333333333,0.0,0.8089998334028725,-0.0003600064600830039,16.189207797223226,0.07266064400224004,0.04284195129500364,5.477095623830567,0.4246800305700374,0.20515497115633013,0.5807831609100271,0.3772307540023259,0.8320118034095293,0.21079331041755353,0.623622919857078,0.23727836379598632,0.32793223915130226,0.9140117041989881,0.40575827945523546,0.3801115020000806,1.9662367146205901,0.6322095194315018,0.31144319416007277,0.616343036926296,0.22791307325379537,0.35475924498599987,0.23719339129599798,0.5266480449065416,0.38177375808021796,0.6028301296358692,0.4985808708082134,0.09153767516784424,0.475069002952573,0.5875991515312518,0.2652636564819605,0.34425574010981447,0.8150993599305775,1.0879440307928676,10.417768460248961,1459.0,108.52989969135803,0.23106558267486144,2.258659711289419,0.06764353452825746,1.865187418417083,1.5114090224650314,1.1975935121914782,0.9223973155487363,0.6760275226163341,0.446875741520351,5.464492100187862,10.029605393477238,4.4557956478147815,9.138054606451957,8.373804458823997,7.716076564565982,7.108869361795391,6.643078832738412,6.293955654822372,2.1651135831555814,5.459604620255819,9.771972198971184,4.455282169214613,8.945675932241032,8.236276093079441,7.622572225292538,7.048773424883347,6.608591617481168,6.278071348472487,29.80728260951868,95.49144065746572,19.849539207321673,80.02511788467648,67.83624388143195,58.103607329801235,49.68520679534171,43.673483166642356,39.41417985651115,4.0,7
134438.0,53.510000000000005,50.0,46842.50871080139,1.7619412666061678,57.0,230.0,6.0,29.0,0.003472222222222222,0.006944444444444444,0.010416666666666666,0.013888888888888888,0.017361111111111112,0.020833333333333332,0.024305555555555556,0.027777777777777776,0.03125,0.034722222222222224,0.6369750904221008,0.3472222222222222,25.85,0.007606564209917765,18.0,-1.0427037353386317,0.5681971218514091,0.8172045936147716,0.9479791411110678,0.8172045936147716,0.9479791411110676,0.7137801395734737,0.6848135776797992,0.8189081349828431,0.8161308221274798,0.8189081349828429,0.6848135776797992,0.7137801395734737,-54.33704917668835,-13.437327926194854,161.29081365913524,147.5905272748265,-20.740277489932733,27.84360400196982,-9.790359818324339,87.20412714017083,121.69069005009601,-45.279061878620446,84.45257429568123,95.02186156819965,47.0,1.4135634037818945,46.52777777777778,18.631944444444443,9.431278935185183,5.658536585365853,-0.006968641114982578,19.0,9.0,5.0,0.0,6.597222222222222,0.0,87.0,8.0,47.0,87.0,43.75,21.605522699326464,1682.631241508526,0.08815713367264695,0.06914035341539772,14.939839798900643,-1.9836277299145553,-563494.9928947802,0.3485877876808162,1.9953249383730147,46.0,46.52777777777778,0.0,0.7164040948065835,-0.0003284639929617326,16.928094254652834,0.08775563183357837,0.03826469275271129,7.607242793109407,0.1994268406367131,0.45406879764286046,0.4513235820897988,0.707587005957857,0.39837338923750265,0.6491730783871928,0.22030143448651832,0.1799974331633402,0.46372945559942547,0.11880536551881751,0.5475724801121439,0.5188337968027739,1.1664859181463592,1.1422867549940103,0.427076868010875,0.42586033992938643,0.15438793246139978,0.46237150894515383,0.22835026673000236,0.5790485775422397,0.304875928532775,1.0365690556479066,0.5637011256796166,0.8892137407571195,0.7258659477620442,0.5682982189888255,0.25200949671180933,0.5410330536601298,0.7572873707164701,0.7031799617440491,10.938430295533584,1624.0,119.64925733024691,0.17861519752089314,1.9399930142981168,0.07533523712999915,1.6093952595580046,1.2938951762229889,0.9952498551703373,0.7248154197584706,0.4975862263813167,0.3196373422045996,4.984533058494922,10.098658165263826,4.276161268384925,9.114263890007763,8.172222314441056,7.262909089123253,6.426741417458198,5.85696737001807,5.523276533206868,2.1564202661627454,4.981331792045508,9.910566272586257,4.275497607914421,8.97104526547557,8.069142013225148,7.1943954688808,6.385737847277554,5.835792552924752,5.514019915791207,24.813666422443312,98.21932384332425,18.279879795281936,80.47965315521164,65.11105282959521,51.759326162652584,40.77764785415296,34.056474720771995,30.404415631742065,2.0,7
158647.0,57.555,48.0,55277.70034843205,1.8711305603005415,57.0,230.0,7.0,30.0,0.003472222222222222,0.006944444444444444,0.010416666666666666,0.013888888888888888,0.017361111111111112,0.020833333333333332,0.024305555555555556,0.027777777777777776,0.03125,0.034722222222222224,0.6545214174946836,0.3472222222222222,19.599999999999998,0.016731467404191083,19.0,-0.21754875480393343,0.46443349568848735,0.9084008224198679,0.7396294626639436,0.9084008224198679,0.7396294626639436,0.7750686143095662,0.8179910440379787,0.5880366436521414,0.6787022813827082,0.5880366436521414,0.8179910440379787,0.7750686143095662,-40.39587968952697,-10.981667364612127,29.257358948919,57.52260710307437,12.73425578403709,76.9844600824837,13.564285428821742,60.1244584871097,30.75796918131014,71.00169453981849,40.09210417994601,-30.718890808883085,56.0,1.0730453140021536,45.83333333333333,20.024305555555557,9.900149498456791,4.895470383275262,-0.024390243902439025,20.0,9.0,4.0,0.0,3.125,0.0,80.0,11.0,56.0,85.0,39.23611111111111,23.470356599099404,1474.2949570899325,0.46577575125913756,0.08964715728472163,12.351660375840737,-1.9930975144845366,-750590.7472253572,0.3586242656819982,2.6004038863474257,43.0,45.83333333333333,0.0,1.0233168832351838,-0.00041296798999616846,15.774008669052396,0.07355503681158038,0.24006159208264402,11.565314303711071,0.42707914398209806,0.6080378195740395,0.3672232556426323,0.4137618969912328,0.3556791205441351,0.10647680930446086,0.4325290213429661,0.5469121856198174,0.3903973544666704,0.6992601985557545,0.4916303215930718,0.4567703699346096,4.360284508941664,0.2584043535337563,0.2811526357047281,0.7614709365755201,0.2698653448903183,0.15018657976609426,0.1874171002714567,1.8127904827147419,0.3600259443072523,0.422335198753858,0.25588581839469626,0.3043532627677895,0.9123706548046673,0.4792333813632082,0.19084366939442848,1.0435605563849888,0.8650198304327065,0.1764410347154081,12.242745848323235,1405.0,149.8848259066358,0.23268231998614575,2.09127451520467,0.07447933515866885,1.7128485041487167,1.3676516842658473,1.0599539650926237,0.7980777585310422,0.5816082003792094,0.3985583507815236,5.263470941769878,15.731647764939117,4.12283131068338,14.56031959068505,13.345031553964382,12.078427961164136,10.756525413415538,9.23545961820386,7.263642269015632,2.136211782279777,5.258325331588162,15.592027203098684,4.122158517692588,14.459220469469383,13.27476538575465,12.031829437160257,10.726877964291026,9.217127874816853,7.252699514887741,27.649985292821757,243.1113123021694,16.992190844985558,209.0690565847224,176.2193960468298,144.7649196049161,115.06591086079237,84.95544626072585,52.60165025325287,4.0,7
113910.0,49.28,56.0,39689.89547038327,1.9173918883328942,57.0,230.0,6.0,25.0,0.003472222222222222,0.006944444444444444,0.010416666666666666,0.013888888888888888,0.017361111111111112,0.020833333333333332,0.024305555555555556,0.027777777777777776,0.03125,0.034722222222222224,0.6238184101733598,0.3472222222222222,19.599999999999998,0.01830760846533109,16.0,0.3558817098929681,0.4803960071452231,0.9754148302966779,0.6923903950273964,0.975414830296678,0.6923903950273964,0.6168866406092051,0.6190592338096259,0.6604582351886578,0.8769161984821061,0.6604582351886578,0.6190592338096259,0.6168866406092051,-36.672945790199826,-16.02612323059583,88.19026206580052,101.18485642152413,-17.586307303287875,2.442001740875193,76.33483294124406,115.62974848241758,-6.221394583745608,76.35178289839659,-6.980529444392185,-3.5361300981405623,56.0,0.9093301751691502,45.83333333333333,17.145833333333332,8.174479166666666,4.7386759581881535,0.03484320557491289,18.0,7.0,4.0,0.0,5.555555555555555,0.0,77.0,8.0,56.0,80.0,39.58333333333333,19.887705582427888,1430.58273304484,0.4194833500415407,0.0844354958626205,13.675825782864496,-1.8263615666934263,-617842.38196807,0.4409428896077035,2.318982132167282,44.0,45.83333333333333,0.0,0.8685655851343287,-0.00036973402073141537,15.965688754213641,0.09581002590997201,0.10459669941788015,4.431356402355978,0.5132442499112441,0.5056630231640006,0.9695303711308705,0.6642418199798665,0.8691445237608084,0.5675042266162472,0.6626785857816915,0.2025208052813629,0.28207047419090353,0.47299096586587713,0.3182886307409659,0.17809227850840118,1.1640959571973848,0.369143668594206,0.2934689588246503,0.2849674123087026,0.995754887207038,0.31468054074833685,0.32383988551767634,1.8027576971043142,0.29956670507387734,0.3862454573033623,0.05764571800941849,0.4778310114734544,0.24986605346638985,0.2957384775913866,0.1999244580141274,1.1251305078597595,1.04315184863539,0.335236169351021,10.076766973533172,1360.0,101.54123263888889,0.1911425154204854,2.1312324488730416,0.055685498601053415,1.739514005940737,1.3817410524175702,1.0620810142609445,0.7868896602352405,0.5546052011677101,0.35957925804158686,5.683716602035967,13.454802514916413,4.385604525630143,12.071955996985814,10.818075337194617,9.828588852696488,9.077671422659247,8.230984791745595,6.859292885390867,2.1483779357141994,5.680501646074757,13.284937296211513,4.385250982608993,11.945970559828856,10.72947089400416,9.771035909999313,9.043501706771512,8.212278837983096,6.8498614325225615,32.26809895105802,176.48955896427168,19.230426180473142,142.70621261629773,115.12154566528245,95.47314275449611,81.78492312037923,67.441523712785,46.92060164476004,2.0,7
103809.0,47.905,55.0,36170.38327526132,1.877967228275005,57.0,230.0,7.0,24.0,0.003472222222222222,0.006944444444444444,0.010416666666666666,0.013888888888888888,0.017361111111111112,0.020833333333333332,0.024305555555555556,0.027777777777777776,0.03125,0.034722222222222224,0.6117192715384109,0.3472222222222222,18.0,0.008572358814368098,15.0,-0.8372261545484454,0.5146766864403955,0.8266435158029353,0.7725148139725664,0.8266435158029353,0.7725148139725665,0.7756885834608873,0.8092747090127951,0.7955642513931522,0.4898631217517087,0.7955642513931522,0.8092747090127951,0.7756885834608873,-45.04131297847437,-48.3704540959089,50.97525950309694,25.580744740656783,14.710813638498331,64.36557584104351,47.75259876938021,-12.549151999935345,96.06261113057454,58.839892245546054,61.50514625227484,177.30527719741534,40.0,1.15483383382318,44.791666666666664,16.69097222222222,7.536675347222222,4.651567944250871,0.04529616724738676,17.0,7.0,4.0,0.0,6.597222222222222,0.0,77.0,8.0,40.0,79.0,40.625,18.98546593230376,1403.6366101337849,0.02965723609093932,0.07484432079862073,14.414222498462676,-2.0793022860635215,-515783.3382449703,0.3887589063469989,2.057562701061893,46.0,44.791666666666664,0.0,0.7094056934927395,-0.00034562538540683065,16.153883764710184,0.08905734999761128,0.021074645262860438,3.9946389859005906,0.3391499412189193,0.33285833332558284,0.31163406801330684,0.1504440064039189,0.4475287177720534,0.34248190884155844,0.6493434476355493,0.5218122887867768,0.38809817574693073,0.44637862470458545,0.8794880781529419,0.3832474089206349,1.25459116664667,0.6227889028821455,0.36047318184917554,0.19073454203800022,0.30038725842919345,0.22982923561699917,0.6252650646391344,0.7628878395035127,0.29348760788829625,0.6839260078976664,0.2471630539735532,0.12855083742552723,0.1619291457900684,0.3525759386076116,0.11894127391952578,0.5964635310976707,0.3392599949902233,0.25887968428143326,9.047616423327906,1335.0,81.85936294367283,0.21764251970819773,2.2066481488617264,0.06606851951122707,1.8330717106763577,1.4905435498815363,1.178650682166157,0.8977368045116114,0.6423939023595059,0.41232427440535413,4.2747792080567555,9.447225644759747,4.303246191580213,8.549227517464765,7.7889830058082685,7.1438184214230676,6.55251947756946,5.888621606603371,5.065350926072647,2.169242526677254,4.269235178723399,9.185900953642564,4.302738980705104,8.350397550350209,7.645033432933865,7.045915427231073,6.490730323603995,5.853477129020613,5.048541244458752,18.22636901124941,84.38077633013137,18.513562736079198,69.72913924889478,58.44653619067656,49.644924207692824,42.12958013375242,34.26319449996739,25.487768697001123,4.0,7
128768.0,52.709999999999994,51.0,44866.89895470383,1.8001985741799207,57.0,230.0,7.0,28.0,0.003472222222222222,0.006944444444444444,0.010416666666666666,0.013888888888888888,0.017361111111111112,0.020833333333333332,0.024305555555555556,0.027777777777777776,0.03125,0.034722222222222224,0.6396663617030703,0.3472222222222222,24.200000000000003,0.014438466351692473,18.0,-1.0413742928179128,0.5205794553555676,0.8450493997092418,0.7540764019053654,0.8450493997092418,0.7540764019053654,0.8234225828918321,0.7827856941207911,0.7079298805268062,0.6594558758466184,0.7079298805268062,0.7827856941207911,0.8234225828918321,-44.800345211843506,-21.089331761568207,61.90174844791332,139.37672344169724,0.7378313226055181,42.53585369703375,35.19018943900709,28.89372102069465,32.5290638113278,53.52507785223873,113.928974668862,8.43280241989543,44.0,1.3390213122044599,45.48611111111111,18.34722222222222,9.038966049382715,4.850174216027875,0.03484320557491289,19.0,9.0,4.0,0.0,4.166666666666666,0.0,81.0,9.0,44.0,78.0,38.888888888888886,21.14500203620494,1455.3897609211144,-0.00015911101017528626,0.07614014041771659,13.466011493956572,-2.0345829454568314,-622656.950166982,0.375919904774071,2.2949324629017505,47.0,45.48611111111111,0.0,0.8678278503394999,-0.00037658445230879644,16.1247809809686,0.07259085987083724,0.036624707029009086,6.745143602515668,0.30078958891795415,0.24417151497178793,0.5572807534962468,0.2620614079307514,0.3939097466024726,0.2809493080799376,0.43428473503457854,0.7668665548706802,0.4473969786629655,0.3791229356143977,0.2826325452074,0.18038082907818911,2.2856322376080382,0.8352805067811205,0.3244474970812828,0.39177549528854205,0.581301396486577,0.13211987102175007,0.37482329932523245,1.081251349732284,0.26885299285863484,0.24687090464276581,0.453195891643473,0.8246211614666885,0.2220933596967901,0.25907555470304544,0.38206678562765284,1.5282692835241665,0.13870304275726447,0.8590542110908606,10.511448417773174,1392.0,110.49054783950618,0.1614514205667103,2.14722565606184,0.06187853614432284,1.7388225269767585,1.3631653790674745,1.0259604792679524,0.7346118566202526,0.4917416893620592,0.30016106431118394,4.80364376908951,12.356810795836951,4.1334507955193445,11.18633592163431,9.913725591157942,8.658954173074784,7.592872396302006,6.711700729433341,5.824942632531703,2.1458368151014833,4.800929795269815,12.168820609494677,4.132987602902305,11.050366852341341,9.819558811173325,8.597958622044509,7.557251924253809,6.693662434902091,5.817203796306,23.048926899109468,148.0801950260624,17.08158652574414,122.11060757132428,96.42373524609168,73.9248924663895,57.1120566466379,44.80511679241939,33.83986000775693,6.0,7
195561.0,63.260000000000005,46.0,68139.7212543554,1.8374824223643775,57.0,230.0,7.0,33.0,0.003472222222222222,0.006944444444444444,0.010416666666666666,0.013888888888888888,0.017361111111111112,0.020833333333333332,0.024305555555555556,0.027777777777777776,0.03125,0.034722222222222224,0.6737074628074673,0.3472222222222222,3.1,0.013915503970082089,21.0,-0.25444571292520957,0.4638396295460768,0.8501506772888459,0.8434359342734524,0.8501506772888457,0.8434359342734524,0.7633483209958951,0.6147886551440978,0.7413959870508344,0.6035216601631392,0.7413959870508344,0.6147886551440978,0.7633483209958951,-40.16617673320318,-16.611489601080237,14.723420646503456,37.35775770382392,12.598258808741612,2.840805234259657,49.457791849929386,28.373021904453022,74.14712946422627,32.888817290316624,48.095858025417115,145.4610162523789,62.0,1.2905677640809277,43.40277777777778,22.05902777777778,11.215904706790123,5.442508710801394,-0.0975609756097561,22.0,10.0,4.0,0.0,3.125,0.0,87.0,12.0,62.0,84.0,37.5,26.058228067157597,1624.6662227196878,0.4761099215291841,0.09623601951541016,12.485681568077297,-2.0211651214803026,-810708.3739242108,0.3290122815220005,2.423789958422384,46.0,43.40277777777778,0.0,0.9524572674394648,-0.0004085922012350011,15.612367944913473,0.10974779440316218,0.32524523814857376,17.854588907351598,0.6550713535169395,0.17439202870435735,0.4248899447741315,0.328693078441958,0.28951390370897545,0.5620952687360774,0.39310753400760434,0.3447645596516428,0.6089955190526345,0.5099444597435635,0.4301731278885924,0.5162138016023673,6.157142410508525,0.6156166622338726,0.29696737630676334,0.14234006311856387,0.7938831144616169,0.6773989164025565,0.6127928252403754,1.0456848191708137,0.7224786499180988,0.8280763843873318,0.7451942468362442,0.1771289767239777,0.40645662070999977,0.5218712364631459,0.020563442172057352,0.9514270895261469,0.76152492369902,0.5976936753180424,13.871933661145745,1562.0,192.4305434992284,0.3742597014628886,2.4202269607486477,0.15124760675626694,2.0370868383919887,1.6916398764420444,1.3791553973741826,1.0940203749374189,0.8312515563368678,0.5916069785840272,6.089735412298593,19.15909767749324,4.693796109366973,17.555164391086464,15.6360538374276,13.52131280297747,11.395867759925478,9.39619905684114,7.630489734072561,2.109407042356869,6.078224006045222,19.005618255510456,4.691358660106796,17.436572886061075,15.544276571631292,13.450792924800236,11.343232406194042,9.359357753920397,7.607520934225381,36.94480706766442,361.21352527419225,22.008846077759035,304.0340740109202,241.62453413536545,180.9238303058561,128.6689214209307,87.59757756586987,57.87437476467741,6.0,7
150846.0,57.745000000000005,53.0,52559.5818815331,1.8491901011627752,57.0,230.0,7.0,30.0,0.003472222222222222,0.006944444444444444,0.010416666666666666,0.013888888888888888,0.017361111111111112,0.020833333333333332,0.024305555555555556,0.027777777777777776,0.03125,0.034722222222222224,0.6398538328239016,0.3472222222222222,27.949999999999996,0.014570171182998576,19.25,-1.0522851016052264,0.5927289270377047,0.8872874229982038,0.960277285723906,0.8872874229982037,0.960277285723906,0.8071151616237399,0.7810643127169516,0.7462860747835897,0.7117823126501648,0.7462860747835897,0.7810643127169516,0.8071151616237399,-52.94158497246816,-12.955371823974804,158.47880518341913,47.12775442475892,-6.658098391039833,21.44382676794905,18.601737309491337,24.64411809537256,54.685761728105426,55.186646319793375,71.01489103181324,174.69471304818475,43.0,1.100175589893997,45.83333333333333,20.083333333333332,9.347222222222223,5.104529616724738,-0.010452961672473868,22.0,8.0,4.0,0.0,3.819444444444444,0.0,86.0,9.0,43.0,89.0,43.75,22.886040140953465,1525.413698185932,-0.19476159054026387,0.09108514280891698,13.766860718779606,-2.2196472149790725,-626669.2996573036,0.3488664287778487,2.1693983537360473,50.0,45.83333333333333,0.0,0.8250930808501092,-0.00036676173222388,16.508353168431793,0.06263209257774638,0.044971552511578625,5.755611686665846,0.28461031527720354,0.4061101640184151,0.3430766560766025,0.26087378743397477,0.49578741928816594,0.3475526922255763,0.42607662081643716,0.2471780634607553,0.24787571183336282,0.2698190397975275,0.5589082386383984,0.5272351190354645,1.8837302785064896,0.5314083072188571,0.23617165635162585,0.2905704399660877,0.39733399025867266,0.8985401610477961,0.23565864264277261,0.351023027521863,0.5510360093194656,0.44332285590679527,0.7257364544127263,0.506195190877875,0.33435879030195986,0.8576199846501311,0.19864949146319347,0.8207954118244519,0.6881544027801987,0.5476208948068845,10.974085636423453,1465.0,120.43055555555556,0.21738456546275942,2.348784097929383,0.06812127504597629,1.930803245530994,1.552814940931774,1.2150291989327673,0.91757287287159,0.6543267555416836,0.42036372889120543,4.749683112557733,10.743355841141017,3.905724455702971,9.534146499975991,8.271212340458531,7.133488612757454,6.387880033504151,6.070317081999062,5.699966925425698,2.1520521697734103,4.744705851832617,10.483458779939609,3.9051303455534465,9.336591900155614,8.124144222019483,7.029250588368654,6.321635179715068,6.034948713368813,5.684445204800515,22.512233620414676,109.90290799069288,15.250043015762381,87.17194831005142,66.00171934017254,49.41036383408107,39.96307134541116,36.42060597299189,32.31291728637957,4.0,7
142524.0,54.43500000000001,39.0,49659.93031358885,1.981818220089248,57.0,230.0,7.0,27.0,0.003472222222222222,0.006944444444444444,0.010416666666666666,0.013888888888888888,0.017361111111111112,0.020833333333333332,0.024305555555555556,0.027777777777777776,0.03125,0.034722222222222224,0.6402045974196483,0.3472222222222222,25.65,0.057270093135702436,16.0,0.40678212566491956,0.379123550403468,0.8427277742941544,0.6770960770669247,0.8427277742941544,0.6770960770669247,0.6264360144076637,0.6132179403783511,0.7365254249201654,0.6123567768725132,0.7365254249201654,0.6132179403783511,0.6264360144076637,-39.40890881465041,-31.170242385691477,97.47269909202244,7.929791378423424,-11.26838094512021,-12.524841898381135,79.81814334652968,27.515514746871624,78.47764161273929,91.96123232247768,49.287645298186995,126.86474762341665,57.0,0.5088862697753957,43.40277777777778,18.958333333333332,9.341435185185183,5.174216027874564,-0.03832752613240418,20.0,8.0,4.0,0.0,3.125,0.0,78.0,6.0,57.0,75.0,40.27777777777778,22.24578611782465,1550.1750886717111,0.561081117706097,0.09793974978800705,12.549838577756775,-1.712426833825143,-781742.2250222623,0.5244422951133672,2.500211271343376,51.0,43.40277777777778,0.0,0.9632259059714211,-0.0004064974763842476,15.380587609338964,0.14016885571760362,0.12133261886226658,13.914087765654887,0.20111389912167446,1.3761187999758353,0.23339397120696698,0.7211843068818253,0.7708697664272421,0.7650422624386785,0.5407005040535331,0.7218730802301081,0.3598003997716781,0.20534735150190758,0.6305110643231868,0.7338846961370402,6.1310686707725175,0.17553743096126104,0.2442493047796826,0.5897419833889708,0.16056900565632584,1.0231626016280226,0.5739940509687393,1.1073379285914204,0.6748408754848253,0.22262517629449352,0.4244809956925735,0.3724049451680234,0.3183815162246665,0.2723115884876962,0.08575030609989473,0.4996517097925744,1.1678467027686037,0.45959268619534743,11.63858226856786,1485.0,135.45659722222223,0.23774718902332598,2.8909113647056395,0.08696257863114457,2.303114751560493,1.7950087852711185,1.364874169784356,1.0039568387972275,0.6963619168567633,0.43802531680097573,5.925182589311637,21.94082068190776,4.721535114401086,19.468109323520803,16.814117220777234,13.996467478742986,11.155564375043857,8.646598989720824,6.91025119402591,2.127140859552835,5.920410880234011,21.74953433241841,4.720734195698832,19.331397856174345,16.71802863303078,13.92976024144585,11.110296449311326,8.618512294462006,6.896354499761299,35.05126499079326,473.04224367704705,22.285331346440298,373.70294307370204,279.49248137483704,194.03822038416553,123.43868719157987,74.27875416979273,47.559705386377914,6.0,7
157426.0,58.27,53.0,54852.264808362364,1.946124083696467,57.0,230.0,7.0,31.0,0.003472222222222222,0.006944444444444444,0.010416666666666666,0.013888888888888888,0.017361111111111112,0.020833333333333332,0.024305555555555556,0.027777777777777776,0.03125,0.034722222222222224,0.6436375217479345,0.3472222222222222,3.55,0.030359530612765463,19.25,-0.716838864090696,0.5115121185703613,0.9145458318381411,0.761755338537667,0.9145458318381411,0.761755338537667,0.8519912516864734,0.6053636218800226,0.6566023009220883,0.6612188077064255,0.6566023009220883,0.6053636218800226,0.8519912516864735,-42.85145034456435,-21.07695129711212,153.2886558307081,151.4895600123918,-1.5072616547352131,-8.400388631936197,-33.514863280916174,62.563960367380034,92.1880932495091,8.997695799820331,113.58267727360867,40.74291868843889,52.0,0.6977118667189479,44.791666666666664,20.305555555555557,9.65451388888889,5.860627177700349,0.020905923344947737,21.5,8.5,5.0,0.0,5.555555555555555,1.0,88.0,10.0,51.0,89.0,44.09722222222222,23.379864318587384,1738.6413859612658,0.08700523158611834,0.10446782730308764,13.570421387158937,-1.868288287203129,-725929.4819690799,0.4711927257708044,2.2698992337774517,46.0,44.791666666666664,0.0,0.84624471364697,-0.0003731754717617263,15.932325449341073,0.1034751708102839,0.06695136717070772,8.245913909998752,1.0689616132127597,0.8579637925191979,0.6492750083689499,0.20000734905557277,0.8384145611609902,0.49484269209182274,0.363517942234349,0.2445040081433582,0.6661099436770203,0.49676315923532793,0.7915591146024005,0.2917962687934253,1.531108590294033,1.5955589261977905,0.22978665624008232,0.8507310016030996,0.5853019975019631,0.22988398902374488,0.4160452564444258,0.8867729384092714,0.18950494449041252,0.817710584697088,0.7533895203001844,0.6636585479350228,0.5894262489535204,0.31573379933143225,0.26646851862362664,0.8306616218967504,1.883846926836864,0.8851616157003208,11.588894215403057,1682.0,134.30246913580245,0.27807687547412674,3.0068214075489457,0.0910959856055007,2.437546732444262,1.919278526100924,1.4625753602166376,1.0782707298953924,0.7629523448377618,0.5034825398538652,6.678944156151419,14.87200883267134,4.951611980380243,12.77739862017228,10.788719548710011,9.120374671129488,8.087337562074087,7.857314198869843,7.718293278432174,2.162758644501214,6.673152800012581,14.564878020160682,4.950773952186841,12.542738194905082,10.616630324164321,9.002338999252776,8.015133253788441,7.820184789329994,7.701854092616503,44.53096829231574,212.13567174215973,24.510162725651714,157.3202814259308,112.71283943996542,81.04210745746747,64.24236107598529,61.1552901392682,59.31855646395358,0.0,7
