0_Absolute energy,0_Area under the curve,0_Autocorrelation,0_Average power,0_Centroid,0_ECDF Percentile Count_0,0_ECDF Percentile Count_1,0_ECDF Percentile_0,0_ECDF Percentile_1,0_ECDF_0,0_ECDF_1,0_ECDF_2,0_ECDF_3,0_ECDF_4,0_ECDF_5,0_ECDF_6,0_ECDF_7,0_ECDF_8,0_ECDF_9,0_Entropy,0_Fundamental frequency,0_Histogram mode,0_Human range energy,0_Interquartile range,0_Kurtosis,0_LPCC_0,0_LPCC_1,0_LPCC_10,0_LPCC_11,0_LPCC_2,0_LPCC_3,0_LPCC_4,0_LPCC_5,0_LPCC_6,0_LPCC_7,0_LPCC_8,0_LPCC_9,0_MFCC_0,0_MFCC_1,0_MFCC_10,0_MFCC_11,0_MFCC_2,0_MFCC_3,0_MFCC_4,0_MFCC_5,0_MFCC_6,0_MFCC_7,0_MFCC_8,0_MFCC_9,0_Max,0_Max power spectrum,0_Maximum frequency,0_Mean,0_Mean absolute deviation,0_Mean absolute diff,0_Mean diff,0_Median,0_Median absolute deviation,0_Median absolute diff,0_Median diff,0_Median frequency,0_Min,0_Negative turning points,0_Neighbourhood peaks,0_Peak to peak distance,0_Positive turning points,0_Power bandwidth,0_Root mean square,0_Signal distance,0_Skewness,0_Slope,0_Spectral centroid,0_Spectral decrease,0_Spectral distance,0_Spectral entropy,0_Spectral kurtosis,0_Spectral positive turning points,0_Spectral roll-off,0_Spectral roll-on,0_Spectral skewness,0_Spectral slope,0_Spectral spread,0_Spectral variation,0_Spectrogram mean coefficient_0.0Hz,0_Spectrogram mean coefficient_1.61Hz,0_Spectrogram mean coefficient_11.29Hz,0_Spectrogram mean coefficient_12.9Hz,0_Spectrogram mean coefficient_14.52Hz,0_Spectrogram mean coefficient_16.13Hz,0_Spectrogram mean coefficient_17.74Hz,0_Spectrogram mean coefficient_19.35Hz,0_Spectrogram mean coefficient_20.97Hz,0_Spectrogram mean coefficient_22.58Hz,0_Spectrogram mean coefficient_24.19Hz,0_Spectrogram mean coefficient_25.81Hz,0_Spectrogram mean coefficient_27.42Hz,0_Spectrogram mean coefficient_29.03Hz,0_Spectrogram mean coefficient_3.23Hz,0_Spectrogram mean coefficient_30.65Hz,0_Spectrogram mean coefficient_32.26Hz,0_Spectrogram mean coefficient_33.87Hz,0_Spectrogram mean coefficient_35.48Hz,0_Spectrogram mean coefficient_37.1Hz,0_Spectrogram mean coefficient_38.71Hz,0_Spectrogram mean coefficient_4.84Hz,0_Spectrogram mean coefficient_40.32Hz,0_Spectrogram mean coefficient_41.94Hz,0_Spectrogram mean coefficient_43.55Hz,0_Spectrogram mean coefficient_45.16Hz,0_Spectrogram mean coefficient_46.77Hz,0_Spectrogram mean coefficient_48.39Hz,0_Spectrogram mean coefficient_50.0Hz,0_Spectrogram mean coefficient_6.45Hz,0_Spectrogram mean coefficient_8.06Hz,0_Spectrogram mean coefficient_9.68Hz,0_Standard deviation,0_Sum absolute diff,0_Variance,0_Wavelet absolute mean_12.5Hz,0_Wavelet absolute mean_2.78Hz,0_Wavelet absolute mean_25.0Hz,0_Wavelet absolute mean_3.12Hz,0_Wavelet absolute mean_3.57Hz,0_Wavelet absolute mean_4.17Hz,0_Wavelet absolute mean_5.0Hz,0_Wavelet absolute mean_6.25Hz,0_Wavelet absolute mean_8.33Hz,0_Wavelet energy_12.5Hz,0_Wavelet energy_2.78Hz,0_Wavelet energy_25.0Hz,0_Wavelet energy_3.12Hz,0_Wavelet energy_3.57Hz,0_Wavelet energy_4.17Hz,0_Wavelet energy_5.0Hz,0_Wavelet energy_6.25Hz,0_Wavelet energy_8.33Hz,0_Wavelet entropy,0_Wavelet standard deviation_12.5Hz,0_Wavelet standard deviation_2.78Hz,0_Wavelet standard deviation_25.0Hz,0_Wavelet standard deviation_3.12Hz,0_Wavelet standard deviation_3.57Hz,0_Wavelet standard deviation_4.17Hz,0_Wavelet standard deviation_5.0Hz,0_Wavelet standard deviation_6.25Hz,0_Wavelet standard deviation_8.33Hz,0_Wavelet variance_12.5Hz,0_Wavelet variance_2.78Hz,0_Wavelet variance_25.0Hz,0_Wavelet variance_3.12Hz,0_Wavelet variance_3.57Hz,0_Wavelet variance_4.17Hz,0_Wavelet variance_5.0Hz,0_Wavelet variance_6.25Hz,0_Wavelet variance_8.33Hz,0_Zero crossing rate,label
10718.344000971005,11.70192049506878,62.0,2360.868722680838,0.8134852842707939,91.0,364.0,-8.29,0.00070224117,0.002197802197802198,0.004395604395604396,0.006593406593406593,0.008791208791208791,0.01098901098901099,0.013186813186813187,0.015384615384615385,0.017582417582417582,0.01978021978021978,0.02197802197802198,0.9923448151914411,0.21978021978021978,-0.7824999999999989,0.08184753597358661,5.83563663832,0.508598186347061,0.38579601905939526,1.6565727450926926,0.8688189280378051,1.6565727450926926,0.8688189280378051,0.5851457732892947,0.24454488601576485,0.4766189595636601,0.5386808293088345,0.47661895956366007,0.24454488601576485,0.5851457732892946,24.448335513734193,13.868889280828018,19.929395732300954,15.073548159752537,-18.757926082279557,-138.7220009501997,-24.31850981772541,6.5132839214514195,8.37903342136701,-4.294320721737022,-21.287826208602645,9.894376817577784,14.81,1.271171746186857,36.48351648351648,-2.363904923606048,3.5501127259797602,0.16503197158578325,-0.021716104275286346,0.00027347762,0.00042766369,0.00046248632100000004,-2.50372535e-05,3.956043956043956,-13.54,124.0,21.0,28.35,124.0,4.615384615384615,4.85353479457334,495.3237250589549,-0.6593064143346417,0.01958861603975244,8.434236491575058,-0.610946186423424,-673266.8039046337,0.3704362238276644,5.5411177702851715,68.0,36.48351648351648,0.0,1.7771953701580314,-0.0003460799624099454,11.346479139274425,0.062193167310613306,0.07070087041238328,2.4352070850643766,0.020810976885437597,0.03609986321268483,0.017783741856666757,0.013338320782471796,0.014759571019445878,0.009713405861852441,0.0072114709125781435,0.00497901295096922,0.003583450810546576,0.0038060998622248318,0.003769205152277476,0.0026863197406663407,0.054290696169769684,0.0025918555789699125,0.0024685982684011236,0.0019890603445416512,0.0025537405010980113,0.002125583579765589,0.001790586946400256,0.17148314899089728,0.0016256003671807294,0.0018422902162643347,0.0016093530424919102,0.0013482395348088521,0.0013788051397960984,0.0017328715385438625,0.0007189801618285743,0.10846623470047323,0.03957465840826893,0.033583447251155606,4.238956653975735,74.9245150999456,17.968753514285158,0.06092809051942244,0.10243448508639773,0.019871036253060595,0.06651727288287144,0.03222187319753481,0.0012706738917199613,0.03335080444140153,0.060877907467986596,0.07518726544930046,2.202110768045238,4.718637939593323,0.906405341491935,4.3177075893258134,4.001972201463325,3.7748715051225474,3.597722899921894,3.3606908646905223,2.9395157380312797,2.064163621846973,2.2012677262265132,4.717525959783858,0.9061874999156305,4.317195186614795,4.001842482179035,3.774871291259349,3.5975683160247995,3.360139426928092,2.9385540065222275,4.845579602526444,22.255051181234613,0.8211757850033409,18.638174279329952,16.01474325217286,14.249653265574027,12.942497788465513,11.290536968396648,8.635099649247836,2.0,1
15915.134008957208,12.712522751350065,19.0,3505.5361253209708,0.5405999040653415,91.0,364.0,-8.14,0.0007581112,0.002197802197802198,0.004395604395604396,0.006593406593406593,0.008791208791208791,0.01098901098901099,0.013186813186813187,0.015384615384615385,0.017582417582417582,0.01978021978021978,0.02197802197802198,0.9914711987201505,0.21978021978021978,-0.21750000000000025,0.19749763649668792,6.135693043224999,13.693540058778343,0.1495851402655562,1.3463634831205875,0.34292297115283765,1.3463634831205875,0.34292297115283765,0.0855851057585096,0.38041371790321815,0.5567761999461487,0.630319039970695,0.5567761999461487,0.38041371790321815,0.08558510575850964,16.398133521439977,-70.08528757906362,195.9418680342453,-104.99071928612668,-193.75283508677273,-1.665906100619682,64.75418376643955,134.5814078959661,81.56381834805073,189.2025632359928,122.18593060914594,-153.48658530532262,36.51,0.6128208410914352,41.53846153846154,-1.946564421055381,3.7517187331390454,0.3869265273104948,-0.07418360892363436,0.00035273905,0.00037658575999999997,0.00044392554500000006,-3.121863999999999e-05,11.648351648351648,-12.46,125.0,17.0,48.97,124.0,3.7362637362637363,5.914246909218676,590.0941211801111,2.095395435691085,0.014474576923268648,12.783882920255577,-0.2153460739031031,-924764.8735073726,0.6166042507698791,3.676789578200015,65.0,41.53846153846154,0.0,1.0723646049033841,-0.00025490789381894,12.240680234141493,0.05278256733676312,0.12045991217046874,5.381824858160405,0.3782499491804948,0.3083291043530077,0.20886926856007487,0.16296169657845697,0.11040464795015972,0.07551427959665404,0.03697477855625638,0.01911125935474046,0.00886734862591321,0.008803927527242704,0.015652587100698966,0.019431756929594795,0.7782679906549962,0.01801416016071525,0.016331413234925707,0.012965637752168621,0.010493746457291106,0.008063665979700728,0.00901732648574832,0.5919846533519862,0.009847060333435837,0.008790634783290742,0.008108763266694588,0.007251199325703618,0.004487166072539309,0.0036468431764142915,0.0015965873911794198,0.34295927639363777,0.27867464510595125,0.41985323907465477,5.58472948833549,175.66464339896464,31.189203457883984,0.11519504861987469,0.416438194540237,0.05900371738957315,0.4105534336962938,0.3859189927787655,0.34004048103567713,0.27340844160831534,0.19528376537935355,0.13386468262648274,4.844681355470508,8.93875066320153,3.2290439415874257,7.972253146422986,6.966899395140646,5.9113792562293925,4.787908074788225,3.6842762133480607,3.50199931000819,2.0513072725728625,4.843311629124953,8.929044890077206,3.2285048146218815,7.961674830632773,6.956202535365379,5.901591072095405,4.780095350166103,3.679097099455461,3.4994398714713117,23.45766753681701,79.72784264901385,10.42324333803667,63.388266108731386,48.388753713023725,34.82877718223619,22.849311556679606,13.535755467221584,12.24607941404315,4.0,1
12466.282104246511,12.466350814658808,54.0,2745.8771154727997,0.7276313487649366,91.0,364.0,-7.82,0.00073199889,0.002197802197802198,0.004395604395604396,0.006593406593406593,0.008791208791208791,0.01098901098901099,0.013186813186813187,0.015384615384615385,0.017582417582417582,0.01978021978021978,0.02197802197802198,0.9935283520380775,0.21978021978021978,-0.3169999999999975,0.10173650689335467,6.900667443550001,4.037571654045524,0.3194304490861826,1.1620464530459125,0.3947186823510439,1.1620464530459127,0.3947186823510439,0.17494571364056588,0.6332140627798616,0.7164922227533733,0.43475108018441555,0.7164922227533734,0.6332140627798616,0.17494571364056594,-3.416861314133394,-80.04044122053428,58.084030490329695,53.12600070013191,-112.25486879525097,62.13720650353765,99.15543655339857,12.127534216445499,87.27362160051669,47.915605818858374,17.55862274320729,117.17714567921865,24.37,1.1125749351408964,42.417582417582416,-2.4273058382129986,3.765291041060418,0.35895365349824365,-0.05264221227464762,0.00030391935,0.0004322339,0.00046882966,-2.998466850000005e-05,11.428571428571429,-13.61,119.0,16.0,37.980000000000004,118.0,3.956043956043956,5.234350218234847,574.0816958282484,0.16296360412392538,0.01984572809520026,13.777756518792991,-0.4076512822052416,-670083.8970506627,0.488117310255348,2.820532389435247,70.0,42.417582417582416,0.0,0.8484883367921673,-0.00023407550815670336,13.542657662850889,0.06533220093933811,0.037922516528046,3.1408428931386183,0.07860279175637727,0.048188228713783525,0.052228219319259056,0.05903925505779515,0.05916637872875191,0.057517405238454396,0.039544437607251647,0.0209087448368793,0.01418328283261222,0.011537587601454572,0.008807019424732885,0.0082700907958347,0.27401495345906296,0.007099776625663758,0.0035912758771353406,0.004286521696169829,0.004909146220739751,0.002846679417379257,0.002972866603293874,0.25817888082159396,0.0033035265737766844,0.002028320868813416,0.0017255245631663237,0.0023078056021242125,0.001272121184729293,0.0016398809130436565,0.0009262803597625638,0.15808792286964377,0.17413773781578462,0.17262371849398792,4.637521813955411,162.96495868820261,21.506608574912285,0.011625766842514255,0.03497435936802319,0.0276300303756893,0.0699814002213685,0.09383587194341325,0.10394610353288104,0.09639152002049567,0.06886286470118971,0.02850060800892568,2.657715934163096,5.998873935722292,2.3291656230166904,5.298892370544995,4.627417967005788,4.01084785945563,3.452822883623316,2.9527057682188222,2.5842243833570024,2.040545684753888,2.6576905064829766,5.998771981903884,2.329001734834941,5.298430235290733,4.62646645621738,4.009500687025772,3.4514771534143134,2.9519026507555854,2.584067216401307,7.06331882824974,35.985265290875056,5.424249080864166,28.073362958243013,21.4041918705046,16.07609575926014,11.91269454054097,8.713729259537851,6.677403378880001,4.0,1
13155.791891641009,13.631974612059613,46.0,2897.751517982601,0.8704785163220808,91.0,364.0,-8.67,0.00064663745,0.002197802197802198,0.004395604395604396,0.006593406593406593,0.008791208791208791,0.01098901098901099,0.013186813186813187,0.015384615384615385,0.017582417582417582,0.01978021978021978,0.02197802197802198,0.9935283520380775,0.21978021978021978,-0.355999999999999,0.09408552436143128,7.820575867935,1.75886716154025,0.14882184805020976,1.8300939974805877,0.16888809680515848,1.8300939974805877,0.16888809680515848,0.43267660955483694,0.5483576321652517,0.5625330664182822,0.6581013705702073,0.5625330664182822,0.5483576321652517,0.432676609554837,40.87381804731926,-120.62760194709831,80.9494814910087,-134.9569721310698,-23.17794141348291,-116.5765334043583,14.689208512010763,31.068741349616143,124.64219494099864,244.54236369355985,-100.7665860739734,36.86041524897824,21.25,1.331409673546611,34.72527472527472,-2.498497441447921,3.908474158198029,0.3555496697651454,0.01266724138495595,0.00027997166,0.00042140802,0.00046436595,-1.6077424999999984e-05,6.373626373626373,-11.99,116.0,18.0,33.24,117.0,3.2967032967032965,5.377158016394621,569.5239340232208,0.038306070905860606,0.01796318277493502,10.241955959577108,-0.48478076105538886,-769434.1413215687,0.4285652976182761,3.6768168932857663,74.0,34.72527472527472,0.0,1.146888087524862,-0.0003081887162977929,11.146424984666377,0.06698310091661586,0.023725601741433084,2.1005490527695665,0.14987097928949458,0.23708167905723607,0.27000147645300315,0.19039383738219268,0.12086265630565175,0.0754921807642285,0.06119268209046987,0.04076855572784156,0.02289975971226591,0.019655538982769408,0.021966731200898242,0.01901243126169772,0.6964054635108516,0.012427264671145329,0.009572915555761115,0.00697488770159482,0.005771133775865588,0.00585974969044497,0.00512429415432796,0.2289197761970879,0.0033662252464744286,0.0013543418259161692,0.0008281822852326809,0.0003495580041631161,0.0007438253423403489,0.0006312764155374993,0.0004873737233400632,0.12599195323120432,0.08056759029786176,0.06589718664598984,4.761442939735301,161.419550073376,22.671338868355143,0.02243625679053063,0.24891699722356428,0.005587999915657748,0.24464618247527017,0.22950524209540585,0.20373487835053608,0.16969155350255635,0.12960480827663545,0.08018465891287312,3.170702239912827,5.793981092833483,1.8256796541293694,5.227490649856209,4.657529520154104,4.055355364293724,3.399648693455404,2.759741076170716,2.672511233991626,2.0773583727619407,3.170622858141512,5.78863172369819,1.8256711022960506,5.221762800025904,4.6518715131608745,4.0502344660586465,3.3954110230696553,2.756696102434122,2.671308053423729,10.05284930856945,33.50825723260508,3.333074973758876,27.266806739734367,21.639908574957648,16.40439923004937,11.528816015582924,7.599373401175479,7.13588671628647,5.0,1
13264.509910800543,13.48101907049676,48.0,2921.698218238005,0.8479333651143952,91.0,364.0,-8.64,0.00075212903,0.002197802197802198,0.004395604395604396,0.006593406593406593,0.008791208791208791,0.01098901098901099,0.013186813186813187,0.015384615384615385,0.017582417582417582,0.01978021978021978,0.02197802197802198,0.9933404533394292,0.21978021978021978,0.33250000000000135,0.09107227853589796,7.58071062956,2.183386510323607,0.3608665528026531,1.4594645626399498,0.5733320867476748,1.4594645626399498,0.5733320867476748,0.4007479425187386,0.5178580827386174,0.3139674519627801,0.3198270249158536,0.3139674519627801,0.5178580827386174,0.4007479425187386,13.076272291083773,-26.880419562658506,40.41865012613144,89.16087733311235,-61.47379161467162,20.518507440183512,-93.74245010926339,-15.260922948649753,38.39522029572931,12.702225153363136,60.367935881366755,27.640754522523107,23.57,1.1512844031829363,41.31868131868132,-2.484742157334228,3.9165103207613536,0.38197709030083654,-0.019425500602422895,0.00031823852,0.00045794493,0.00047099780499999994,-5.998095500000001e-05,7.032967032967033,-12.18,126.0,16.0,35.75,125.0,11.20879120879121,5.3993304246662355,577.3297153713413,0.08418859787993192,0.019832131508470026,11.502769087443404,-0.4359644427847555,-770695.0816716356,0.47102476268501076,3.670188949640812,74.0,41.31868131868132,0.0,1.244140573171496,-0.00028176106456584817,12.894749530071612,0.08786845067700177,0.021303629122699286,3.044916831744008,0.172454294353507,0.12565468658286771,0.12495743643852007,0.049889935284212074,0.03984656571021226,0.01983237360095071,0.015058065908349438,0.009138560352087235,0.0072651444248048105,0.00786453559987,0.005595410689443149,0.0030187324998970024,0.5888888544541404,0.0024536566330819578,0.0033110014173759676,0.0039302324214495485,0.004470097015696871,0.004917538533211849,0.003626710531087863,0.35206267732161245,0.004940455209319736,0.004100654811955751,0.005130503234812784,0.006364993487482112,0.005954493369847166,0.006392439101265929,0.0025026852623344855,0.301102110757506,0.3527745767331913,0.3353903801427963,4.793623415151894,173.41759899657978,22.978825446292515,0.006135602814949896,0.05856547330077226,0.005095082651858329,0.09045612265770413,0.11589697782699167,0.1324975807504696,0.1338595399997709,0.11077004702340516,0.05902227782580896,3.4384537113866815,5.939197737200153,1.7303525792233194,5.49068372421558,5.1264981924158555,4.8499248919560065,4.64988546188167,4.491706406799087,4.236952472095441,2.100783077356854,3.438448237174284,5.93890897782585,1.7303450778840515,5.48993856516078,5.125187958248323,4.848114669509144,4.647958307920754,4.490340348076346,4.236541351328453,11.822926279726941,35.27063984690049,2.994094088557564,30.1394254492396,26.26755160737361,23.504215848709755,21.603516432169556,20.163156441562403,17.94828262151592,4.0,1
19824.209005995926,13.476890408651379,11.0,4366.565860351526,0.741522832967348,91.0,364.0,-1.02,0.00089221183,0.002197802197802198,0.004395604395604396,0.006593406593406593,0.008791208791208791,0.01098901098901099,0.013186813186813187,0.015384615384615385,0.017582417582417582,0.01978021978021978,0.02197802197802198,0.9995021809260058,0.21978021978021978,2.7224999999999984,0.49137770796568353,0.000790184712,8.264039172421311,0.012413471650861744,1.3221350280373563,0.4053081366164073,1.3221350280373563,0.4053081366164073,0.12239240362146023,0.3346094442530757,0.14944551840710757,0.5377179504828375,0.14944551840710757,0.3346094442530757,0.12239240362146023,28.534636552357608,-27.079411843380203,-33.7055825787898,-47.225129200894514,-60.0393220202259,-82.60635316358949,16.637294881893766,90.1915913624147,-34.99671733466229,205.24560686745824,-85.51274822880433,-41.68933901406339,38.06,0.2933089166432478,37.582417582417584,-0.9354607776158839,3.543769707513577,0.6384900349217718,-0.02878635918381061,0.00045384561,0.00039367463,0.0005560500350000001,-2.8576180000000005e-05,6.153846153846153,-26.19,111.0,16.0,64.25,110.0,9.230769230769232,6.600734059410966,666.2852483206502,0.55943813631236,0.0034524357286848007,10.855362869698814,-0.048644823866649894,-1090454.2954429118,0.5851785269571518,4.428705945717002,70.0,37.582417582417584,0.21978021978021978,1.4296031860985259,-0.00029533121677437115,11.764615376468962,0.15712437326309858,0.2843275700382285,7.5357183244716825,0.15609612332873027,0.44726586946017294,0.3080237343732326,0.2632638728674061,0.1625065683719255,0.12302771352668475,0.06184580538245046,0.04816119006700261,0.04294389746694295,0.03897425910598968,0.03918355172236887,0.029805565417644772,4.378385752254922,0.025503030038054618,0.020940334229467082,0.020930674846719295,0.01777694488208051,0.012855733292033626,0.012652428742469744,1.6401490388979607,0.010939784940535966,0.009700243190019886,0.010085022553228516,0.009799981082183698,0.009889899918750987,0.008771551086740777,0.004186753263710777,0.6969136498002083,0.25658383296411386,0.42300567701047653,6.534110747195081,289.8744758544844,42.694603256610264,0.11002963329987887,0.6474969135783932,0.023397303574234602,0.6203352204717679,0.576561413023456,0.5124610772875208,0.4285158169823089,0.33202644276179155,0.2291220465385163,4.841475116526265,15.665218996047956,2.4983476594498493,14.388358789040064,13.005220293227355,11.4198729388922,9.54815503743498,7.41605374918117,5.623359585810919,2.0303695672883846,4.840224662527444,15.651831648118637,2.498238097872978,14.374980099338876,12.992433637020627,11.408368927445661,9.538534416433741,7.4086173913930145,5.618689893482426,23.427774783738904,244.97983394104818,6.241193593663994,206.6400528563887,168.803331812385,130.15088158470766,90.98363881349097,54.887611652051035,31.569676119121553,10.0,2
23366.994901562255,15.140157477457434,9.0,5146.9151765555625,0.8261566987882968,91.0,364.0,-3.21,0.0009153578,0.002197802197802198,0.004395604395604396,0.006593406593406593,0.008791208791208791,0.01098901098901099,0.013186813186813187,0.015384615384615385,0.017582417582417582,0.01978021978021978,0.02197802197802198,0.9958295487093992,0.21978021978021978,0.7690000000000019,0.46817015076056373,0.0007430735339999999,9.370924557602294,0.0629233175206655,1.212923477801958,0.2738177696122801,1.212923477801958,0.2738177696122801,0.03691731327707526,0.29504860977194747,0.3445536611530003,0.12011685352273274,0.34455366115300035,0.29504860977194747,0.03691731327707518,20.111699709873843,-38.448853997631296,-5.486472434618528,24.594415396381827,-94.00127218922641,24.671689958148086,-21.766893738166292,-6.899247165943028,144.544162327974,11.374273344157269,-25.602350278014352,16.88100211034004,39.99,0.26738634684492935,41.31868131868132,-0.7845911131613994,3.8583026120864488,0.8808108727734395,0.018173109100528564,0.00045813661,0.000369492698,0.00052165577,-2.6591279999999982e-05,10.10989010989011,-20.35,114.0,17.0,60.34,115.0,20.219780219780223,7.166312353692537,771.4962720078443,1.5709622556560705,0.004160827259601439,13.243192182450485,-0.022004222550178094,-1170775.2945659508,0.6649785101844551,3.567263636090423,75.0,41.31868131868132,0.43956043956043955,1.1258366100677453,-0.0002452804042645713,12.375009590999852,0.14130351214471104,0.13515100185150833,13.264102330390237,0.6920184766861772,0.7424831756096808,0.994834372320223,0.6928349054368479,0.5004792951116086,0.40254140274807554,0.2776204045417387,0.23569706408453936,0.2159477933085179,0.18332380551790806,0.14693364299899134,0.10146862935597065,2.567482276712744,0.07592138674104455,0.05384157168977203,0.03520026039203769,0.027641289039129237,0.02543776083966777,0.029144342121876315,2.846342491368075,0.027582685870200862,0.029847479998411336,0.033892612425320545,0.033253249179738535,0.03639765442579563,0.03525891169247704,0.021497161895929442,0.9768478453080323,0.9461877733890898,0.6602772684655922,7.1232330816725655,399.88813623914155,50.74044953583443,0.02585213421769803,0.6072667081074905,0.00924261723364079,0.5619998489240355,0.5024198523208878,0.42679578092813847,0.33753166455138944,0.2383928059224012,0.12984801737203552,6.7614128011240995,15.503090802893555,3.8894835630389477,13.71872748123367,12.26343330621689,11.132570312818546,10.136601925269956,8.972095080741092,7.666303773884732,2.0708872776678,6.761363378369871,15.491192710310818,3.889472581363291,13.707211236213048,12.253137179841882,11.124386146265813,10.130980750490632,8.968927416806478,7.665204044633374,45.71603473436124,239.977051587987,15.127996961176821,187.88763987416525,150.13937074802348,123.75196713123076,102.63677096681175,80.44165900794293,58.755353045863835,12.0,2
13838.55300353515,10.043617954924574,13.0,3048.1394280914424,0.6737849074202711,91.0,364.0,2.7267582e-05,0.00087954445,0.002197802197802198,0.004395604395604396,0.006593406593406593,0.008791208791208791,0.01098901098901099,0.013186813186813187,0.015384615384615385,0.017582417582417582,0.01978021978021978,0.02197802197802198,0.9965152664820416,0.21978021978021978,2.083500000000001,0.49174409629518984,0.00067947946,10.185502874311352,0.12493596445507849,0.4892127548047175,0.14624018376199274,0.4892127548047175,0.14624018376199274,0.40448410266781265,0.434098575732764,0.3548919274144049,0.3966326637072258,0.3548919274144049,0.434098575732764,0.4044841026678126,-41.252075096749905,-71.09720978733722,103.43080482600692,98.16366560505324,12.828358922862826,28.38539135680738,1.1884694349661866,74.10595036553211,107.49935804704351,96.67422719571556,75.63090827369558,78.70058338982457,33.93,0.22662530625392188,45.714285714285715,-1.1417421478856875,3.0976444503952365,0.59491850977977,-0.07473424471407497,0.00040172654,0.00035430791,0.00044354546350000004,1.758143600000002e-05,17.802197802197803,-36.84,123.0,18.0,70.77000000000001,123.0,7.9120879120879115,5.514925403445794,666.6258560659326,-1.0879207219673406,0.00910011658058746,19.046271577752854,-0.09427026589098536,-527240.7103195179,0.7003760864863461,1.8385321117782127,63.0,45.714285714285715,0.43956043956043955,0.3150622415793763,-0.00012364321803744714,15.185607871075353,0.06704438182097527,0.20733935211285162,6.1614781197144675,0.1412146237063702,0.12653079366674433,0.06943037644303447,0.06076699639142286,0.026531563618858237,0.02479960924530529,0.011580827683112565,0.01649670162168886,0.017145056491386104,0.019879484737420468,0.019913255076419917,0.01736473796999318,0.906134022225828,0.013688795225160366,0.01006888716097887,0.011088912409698162,0.005991457225857549,0.006973301482405987,0.00429597950768632,0.2470394930533688,0.005995665402974356,0.0033869796558129907,0.004192809107685719,0.0023566626249493287,0.0052005159179844595,0.001976684004575413,0.002018199340575455,0.4125119979282476,0.3473256057387151,0.2402317199966885,5.395445030144699,270.0930034400156,29.110827073313132,0.024350463242995554,0.028882192600800088,0.019092441180188147,0.005991022026174887,0.014193781880098054,0.03111661405823074,0.04013312299837701,0.0334431009584725,0.003666959709452971,3.3467281856523847,11.536599700234746,3.2353631576427846,9.776065172900514,8.084054225345511,6.530654567713766,5.217930645064901,4.2235404005838735,3.6167538964695995,2.0137134150624925,3.346639598698962,11.536563546498888,3.2353068232429005,9.776063337174808,8.084041764790838,6.5305804366174245,5.217776303095583,4.223407992884712,3.6167520375378963,11.199996603579951,133.092298462407,10.46721024052207,95.57141437245343,65.35173125488255,42.64848083913023,27.22518954914581,17.83717507436247,13.080895301034523,6.0,2
15983.512702698152,11.363548787968275,10.0,3520.5975116075224,0.5919061494565258,91.0,364.0,6.755197e-06,0.00088607745,0.002197802197802198,0.004395604395604396,0.006593406593406593,0.008791208791208791,0.01098901098901099,0.013186813186813187,0.015384615384615385,0.017582417582417582,0.01978021978021978,0.02197802197802198,0.9990043618520118,0.21978021978021978,-2.491499999999993,0.47181596019055433,0.000707189406,12.269519463614285,0.07507317058318724,1.3318075573841874,0.044087511029289206,1.3318075573841877,0.04408751102928924,0.13040737472762048,0.14548913626039842,0.4567662261123506,0.46760050980615775,0.4567662261123506,0.14548913626039842,0.13040737472762054,24.186154360779827,-102.13329564649426,68.30253696615573,19.15262233116204,-92.97185931740358,-57.161805635564356,85.95253937871453,75.59554860446681,56.384709501692384,45.59847055895754,85.97576441026692,15.333868051700199,39.27,0.18353559260276356,37.582417582417584,-0.8659007291955002,3.0981447985246593,0.7315102230288,-0.03101194088449339,0.00043968165,0.000352148256,0.00049111317285,-2.4085995000000033e-05,12.747252747252746,-36.66,116.0,16.0,75.93,115.0,14.065934065934066,5.926938446330394,718.6048350041261,0.39516249539244974,0.0057038484612274044,13.811624117083916,-0.05391474139752141,-952877.265689142,0.686702254103871,3.2365900546222726,65.0,37.582417582417584,0.43956043956043955,0.8633576080014481,-0.0002333656162045592,11.596253120558018,0.09159582453945181,0.4284978680852033,6.754613363835138,0.332446397723304,0.2240174992973751,0.356007685993877,0.406615695141409,0.38608920660076274,0.3634408121909771,0.3047027937928444,0.23446998063824334,0.17375603821141822,0.12317355821112545,0.07500151074651681,0.04691482703037173,0.6137082882558248,0.0339296866657871,0.031548509574373745,0.026445541994266613,0.023966875093635247,0.024465288075796492,0.024001845125478545,0.30561770414912953,0.019668261331120634,0.01693858309345585,0.015969564564729893,0.010483061317973132,0.007572470663983318,0.005791259043200323,0.0016371217504104307,0.4468395478179261,0.2947836364832642,0.2879887431497559,5.863345058391842,332.10564125507517,34.37881527376804,0.13573716403067854,0.19892742915653108,0.033715236921734275,0.20955035989661955,0.21297076453404584,0.20916485826080392,0.19875683834899632,0.18601180301200987,0.17568552810764854,5.585666304808168,11.945970115913399,4.037448848635777,10.197388453693671,8.593610881071312,7.183430350563284,6.018335629942874,5.130637033004795,4.835051069370953,2.0415194856697814,5.5840167882063385,11.944313705199857,4.0373080744661625,10.195235157768174,8.590971506687763,7.180384506658574,6.015052740737143,5.127263985166013,4.831858176585768,31.181243490970235,142.66662988822515,16.299856488149675,103.94281992219223,73.80479142872103,51.55792166346249,36.18085947384941,26.288835973580465,23.34685343863874,6.0,2
11190.836316244478,8.878324689281348,11.0,2464.9419198776386,0.6249659288891802,91.0,364.0,5.5639819e-05,0.00086394808,0.002197802197802198,0.004395604395604396,0.006593406593406593,0.008791208791208791,0.01098901098901099,0.013186813186813187,0.015384615384615385,0.017582417582417582,0.01978021978021978,0.02197802197802198,0.9995021809260058,0.43956043956043955,-1.7129999999999983,0.533514904962982,0.0006740024649999999,9.636452469236422,0.11077191179053249,1.2038075993500326,0.45021734722958995,1.2038075993500326,0.45021734722958995,0.646485997245301,0.15582348562730292,0.10214364323381009,0.11483947855670884,0.10214364323381009,0.15582348562730292,0.646485997245301,15.070570877990917,-6.069591373483604,26.781679389297025,3.671328122608931,57.676606685755715,-68.88989342627661,-98.8927445121728,-38.871734330360056,6.5603741544299305,-1.6910577276245655,70.2559859220045,-56.78355443192019,31.84,0.17461476260588443,38.46153846153846,-0.7837084551814839,2.510325056761334,0.4553568491838159,-0.0010564583070925087,0.00048259717,0.00032993112,0.00042488344500000004,-2.8723295000000017e-05,5.934065934065934,-19.78,113.0,17.0,51.620000000000005,113.0,11.64835164835165,4.9593592984464,605.6718315324272,-0.1875995968782379,0.005409577912380116,10.81973447164707,-0.06010038853324043,-837735.1365487671,0.613596913468437,3.947484987201188,53.0,38.46153846153846,0.21978021978021978,1.4000420735456973,-0.0002960780164980321,12.335268225392639,0.05607298898576707,0.24124686563194736,6.47673148479285,0.21701150020301826,0.09521634698865503,0.058255425313694875,0.04641010028635335,0.020184169305620933,0.00862282834288032,0.00877450701268942,0.007990359893748375,0.03000644873985923,0.01642822823751913,0.024387392609937504,0.014485906332463081,0.7198067531274935,0.018791960355415905,0.020910894542048687,0.012828140508359018,0.010785405190710853,0.005463387736310544,0.0035043001241995453,0.5126589588193671,0.0021805597882121617,0.0028615318272160587,0.007628597404134907,0.001780584107293815,0.003716634028380741,0.003906131612071615,0.0038628577955457303,0.2019440941293109,0.38022990516839417,0.08488572739925226,4.897044589174558,206.73200952945243,23.98104570836382,0.07261457680493395,0.24947313966672643,0.00817223813183522,0.26908523101578985,0.28016808444774327,0.28223267195960705,0.271004360140672,0.23673794350001937,0.16767166672171985,3.6831728496312532,12.684489224417662,1.5389805528715157,10.96378394044836,9.4100044469557,8.116675510823464,7.083199372828297,6.183751091637963,5.190486841682772,2.018609693306721,3.682456973746774,12.68203572132458,1.5389588547588375,10.960481350346003,9.40583274017686,8.11176713588845,7.07801313872897,6.179217807250452,5.18777793143276,13.560489363496249,160.83403003695264,2.3683943566406325,120.13215143128255,88.46968953618294,65.8007660668799,50.09826999201993,38.18273270944108,26.913039865860767,6.0,2
23065.075510036364,13.198203586015692,21.0,5080.413107937525,1.0360503242499208,91.0,364.0,-0.85,0.00087839923,0.002197802197802198,0.004395604395604396,0.006593406593406593,0.008791208791208791,0.01098901098901099,0.013186813186813187,0.015384615384615385,0.017582417582417582,0.01978021978021978,0.02197802197802198,0.9970130855560357,0.6593406593406593,1.2109999999999985,0.4696825769532194,0.0007302411100000001,9.6766327960917,0.1668083845352233,1.2536457731845934,0.4220878492492389,1.2536457731845934,0.4220878492492389,0.36010980706838436,0.2903724240897461,0.26503345918717636,0.10344232062407935,0.2650334591871764,0.2903724240897461,0.36010980706838436,13.517672467663136,-24.14590079073572,29.127928783067436,15.747452167738789,-21.36942183433851,-45.22559850634077,-42.42432383300475,-47.59995338096991,56.878302304857556,67.25645511503366,38.526065986222385,13.951579052330118,39.99,0.32166771781061454,40.65934065934066,0.43015669241899923,3.3301647418192886,0.6997009948102574,0.02546284926310575,0.00043975343,0.00036527531000000004,0.00045265829,-1.2626799999999145e-06,8.131868131868131,-19.67,125.0,19.0,59.660000000000004,126.0,15.164835164835166,7.11986472121708,701.5225385609106,2.302431880342189,0.0015711091492532853,12.39506914916123,0.050998312054390635,-1143415.4319896672,0.6141613538548457,3.481272214732263,62.0,40.65934065934066,0.43956043956043955,1.1865344453821687,-0.0002630577414878446,12.695177644605272,0.0729049867692626,0.02575903676182672,10.51267390561879,1.239621136836037,0.694129776003702,0.512973119846469,0.2596313996551911,0.07013091766803037,0.046158819973745574,0.09353293938616326,0.13792371114430585,0.11010014772399676,0.08056865665631473,0.0870185635630224,0.08286167250534207,2.1900056647808204,0.054730716287695075,0.042964001100411854,0.03654223151567177,0.02827130310646802,0.020301549465373523,0.015210999030122572,2.5803826971353607,0.014033615033560824,0.012700643617187325,0.015433312471070548,0.023044078811057665,0.022272704029114625,0.020273007126528048,0.011283384838909338,1.4464977589064987,1.0072745923341195,0.8436830511909492,7.106858579456799,317.66425164385686,50.507438868398715,0.027021225440211034,0.030851919362677248,0.018737249085334962,0.05385233698080672,0.06901617905498646,0.0733509176313863,0.06200574458703531,0.03374589764017725,0.0017786401890308356,5.999955346231185,11.899442795508039,2.8910534123734934,10.746111784816156,9.976824738722634,9.501399526347251,9.044142118030658,8.383039826827883,7.488326388206531,2.0869591027838967,5.999894499917803,11.899402800251776,2.8909926926045895,10.745976847991361,9.976586020990176,9.501116387149166,9.043929562904296,8.38297190455598,7.488326176973686,35.998734010143906,141.5957870026398,8.357838748693135,115.47601841756635,99.5322686342166,90.27121260215442,81.79266193877429,70.2742179525749,56.07502893274935,9.0,3
15844.704709087428,11.23425836920526,23.0,3490.0230636756446,0.9520733073654049,91.0,364.0,2.1411002e-05,0.00090696418,0.002197802197802198,0.004395604395604396,0.006593406593406593,0.008791208791208791,0.01098901098901099,0.013186813186813187,0.015384615384615385,0.017582417582417582,0.01978021978021978,0.02197802197802198,0.9985065427780175,0.6593406593406593,-2.4149999999999983,0.5356235653556004,0.000747418819,8.709356398130662,0.15613110935127542,0.9917318856405093,0.49165727768676926,0.9917318856405093,0.49165727768676926,0.31834422295798415,0.42054079723243004,0.4250512511566791,0.38273604980575576,0.42505125115667897,0.42054079723243004,0.31834422295798415,-8.70813862805413,-29.168786564806837,39.68938640163278,49.76192905700593,-51.61718295463292,2.9611010425026287,10.495697495087096,22.64680368438849,51.37461202329861,54.86196385225283,56.88626028529157,50.2208359364062,39.99,0.3517486973201471,43.73626373626374,0.22914477725002877,2.675551175709883,0.5314773532978524,-0.020506446131116733,0.00050732936,0.00037125487,0.00045380336949999995,2.373870999999999e-05,8.791208791208792,-16.55,116.0,18.0,56.540000000000006,117.0,24.175824175824175,5.901146230450418,625.8951320489973,1.5419252186373078,0.002912435699206554,13.578774440882746,0.08361702135344534,-788312.3332019041,0.5317959582996318,2.8194663562784146,65.0,43.73626373626374,0.43956043956043955,0.976064237743758,-0.00023824633168295417,14.042151693407305,0.09290996974522336,0.05918846449071687,7.220710820597787,0.1900687969479829,0.21135244357344737,0.2989579812134768,0.1769332835507697,0.13267720702116134,0.160690593928076,0.10681435771928173,0.10118099699574545,0.09303345770845556,0.06472249859172342,0.06356228027142113,0.04899053752878156,1.4059298383599386,0.04574718147634335,0.040980677976595936,0.030693736791089988,0.03313157801641693,0.031657334597391645,0.02685788994357983,1.0990698148026508,0.030261918791770266,0.023815901446231212,0.02163691321925024,0.020183045909438188,0.015124327598576974,0.014672374262255783,0.0065549471079692015,0.3117343858083182,0.21654133260220104,0.4382975998885392,5.896695642834063,241.29071839722496,34.771019504218216,0.027033072280322083,0.014769406680023153,0.01171439691034403,0.002417307076566705,0.013835220203312307,0.020993504121731316,0.026021632366313576,0.030547497089874327,0.03353721220052994,3.4238700775493385,10.461365128002594,2.125726278202016,9.21036326658415,7.986811368329376,6.790208933877607,5.65312037254344,4.684373203554588,4.000961545736977,2.0425827688255116,3.4237633564457695,10.461354702236948,2.125694000260532,9.210362949366823,7.98679938523294,6.790176480659096,5.6530604827044515,4.6842736001008545,4.000820983981142,11.7221555209408,109.43994220601509,4.518574982743623,84.83078565906912,63.788964419957274,46.106496638495955,31.95709282111468,21.942419160601823,16.006568545863836,12.0,3
14004.843103491145,10.708032935256567,19.0,3084.7672034121465,0.7996578110105449,91.0,364.0,-0.25,0.00082906845,0.002197802197802198,0.004395604395604396,0.006593406593406593,0.008791208791208791,0.01098901098901099,0.013186813186813187,0.015384615384615385,0.017582417582417582,0.01978021978021978,0.02197802197802198,0.9973230059313812,0.6593406593406593,-1.8055000000000003,0.5405765825160519,0.000685355714,6.707000595488617,0.12416143703562574,0.7760896993545707,0.4020634582148491,0.7760896993545707,0.4020634582148491,0.5129018368035666,0.2395801534738654,0.5555566332353694,0.4063075854886758,0.5555566332353694,0.2395801534738654,0.5129018368035666,-21.67190706264636,-32.99765025034778,27.203238593061496,19.97972296321434,8.865316273670466,-46.88942254213797,100.14642778043194,32.01700129577555,61.993261696466064,33.109571952877594,69.33315997587583,26.96087183023999,24.16,0.2615947745545748,42.857142857142854,-0.32549810777351296,2.615758990331358,0.3888747466265524,0.050771222191167385,0.00038661925,0.000349769472,0.00042809585499999997,-2.749749999999998e-05,7.912087912087912,-23.05,129.0,17.0,47.21,130.0,3.0769230769230766,5.547961333023851,570.7960055542425,0.9267728866946592,0.0070439845340059485,14.054440822790156,0.06323802764627232,-696107.9575919581,0.5285274013962928,2.3537852398662884,60.0,42.857142857142854,0.43956043956043955,0.836320911214496,-0.00022827598381473593,14.70111083219406,0.06329687195813016,0.019932222231844654,5.825200672553543,0.09331710985850535,0.044722074110128886,0.011562459351944122,0.02284767777184748,0.009444039173720477,0.008011066673507275,0.004811070287009155,0.005359937690077377,0.0056113194776528106,0.003169269733258854,0.0025278270651845564,0.001966560769729818,2.5065575780100273,0.0016206081792174204,0.0021592739241116862,0.001957031754447472,0.0012258030361055744,0.0018496792785074028,0.0024298237870717253,0.5976200747674456,0.0022444853123312065,0.0017952811241930054,0.0031619017186195766,0.002954600506547159,0.001890988831439455,0.0026669831972226444,0.0017557232556423994,0.24661508991231884,0.12828559152214764,0.0519609312801156,5.538404638031033,176.5491349684548,30.673925934563655,0.026772613023537013,0.07173370037053754,0.018795235284460757,0.03363059211753616,0.0014442218935264042,0.025312538704913644,0.04644358773808123,0.05914130078413307,0.05698863691510358,2.414849765111197,11.710604644623869,1.719831817074721,10.386770160375246,8.907466691942421,7.325767771235934,5.741035860305799,4.283476148855034,3.11325110526845,1.9901837005061846,2.414701351150799,11.710384938972643,1.7197291118525437,10.386715715168844,8.90746657486217,7.325724040220421,5.7408479985517085,4.283067851943455,3.112729467801175,5.830782615249494,137.1331154189173,2.9574682181531387,107.88386334773543,79.3429607822868,53.66623271346341,32.95733574247515,18.34467022435152,9.689084739717785,7.0,3
12475.446697137797,10.366617229169,19.0,2747.895748268237,0.7411572018673425,91.0,364.0,3.751225e-05,0.00090245441,0.002197802197802198,0.004395604395604396,0.006593406593406593,0.008791208791208791,0.01098901098901099,0.013186813186813187,0.015384615384615385,0.017582417582417582,0.01978021978021978,0.02197802197802198,0.9980087237040236,0.6593406593406593,1.976499999999998,0.5713865864808072,0.000736206716,4.9231474562511055,0.2169442919841175,0.8291815811829732,0.4648477727723549,0.8291815811829732,0.4648477727723549,0.38137420823039014,0.3965948260145049,0.26166923052768,0.49658747099296285,0.26166923052768,0.3965948260145049,0.38137420823039014,-25.974052811781466,-23.41675693434815,119.11909813771562,107.38276710612752,-2.8724364791013826,40.22153756441839,-36.3608439884274,76.89589094201162,17.800297457487993,-9.921856133705054,12.164245156774465,39.55887976081684,24.4,0.2835741395503081,46.15384615384615,-0.038312503906747314,2.3975821415348593,0.7020099173011194,0.02478163501594711,0.00045596998,0.00036860543500000004,0.00045893332000000004,1.95418835e-05,10.769230769230768,-16.37,131.0,14.0,40.769999999999996,131.0,18.021978021978022,5.236273882211818,700.0078507241175,0.6413736845172316,0.003765974432151429,16.225897623382036,0.0961853135878252,-603500.6452200096,0.5926898378060659,2.159499506051109,63.0,46.15384615384615,0.43956043956043955,0.683797879177375,-0.0001827605122443204,15.277686092484924,0.10098952190554944,0.051312455806482464,8.055071405172562,0.1887737193213446,0.16796937405123752,0.11469732041593278,0.09225130113939996,0.11050532683888306,0.057210504551074425,0.06341401304344915,0.09859905095759554,0.08060732230595165,0.09527991593711446,0.10439200732830381,0.06817894136304486,1.201840183039726,0.06283851252118296,0.051133401905155376,0.041956093177552216,0.04159849930136578,0.028469039556931253,0.040929522619873926,0.2740012384827067,0.036274961846796044,0.0316057672683773,0.06220692525328906,0.06561860084420461,0.04838685951626484,0.05359478203443434,0.03169717574041752,0.3538936489376395,0.3281953640218518,0.2672729792461617,5.23613371884046,318.7125024547082,27.41709632157802,0.05706787517460675,0.14808835216736177,0.01983028469730483,0.11541314629485279,0.0747647941404568,0.02709170678736543,0.022778973194785498,0.06206643619558472,0.07427469498906898,3.103777897399259,9.404721622268012,2.1111008694826956,8.062368216437193,6.824654771162698,5.827147987482319,5.206431989525063,4.821174304606794,4.176398669466754,2.053362470303247,3.1032532113907845,9.403555637752552,2.1110077311415556,8.061542102047161,6.824245230874321,5.827085009457351,5.2063821584599514,4.82077477516828,4.175738152232244,9.630180494007217,88.42685863230781,4.456353640939419,64.98846106307897,46.57032297111091,33.95491970744258,27.1064151799301,23.23986943289878,17.43678911600795,18.0,3
11987.73890381255,10.031074120990464,18.0,2640.4711241877862,0.6221180547770596,91.0,364.0,1.9623261e-06,0.00083209868,0.002197802197802198,0.004395604395604396,0.006593406593406593,0.008791208791208791,0.01098901098901099,0.013186813186813187,0.015384615384615385,0.017582417582417582,0.01978021978021978,0.02197802197802198,0.9985065427780178,0.6593406593406593,-1.6629999999999985,0.4630756031258691,0.000692581497,6.87900752534688,0.31337613468025893,1.2337472824218945,0.23875973702122205,1.2337472824218945,0.23875973702122205,0.43027438609785007,0.5293244621060219,0.09439316665556755,0.5175582339660713,0.09439316665556766,0.5293244621060219,0.43027438609785007,14.221071636395065,-85.5468806336914,58.29039172214155,76.66207894592864,23.08528831629932,32.16894334152883,-103.93983030188186,83.40277252725268,-136.35899191297383,115.75078694680359,-8.700376590397642,61.97005284398549,21.8,0.18675265914610037,38.68131868131868,-0.408223526987426,2.487508158673051,0.5426081314632447,0.031674010019580354,0.00043706555,0.00034841778,0.00043045533499999996,-2.1382505000000008e-05,9.23076923076923,-30.34,123.0,19.0,52.14,123.0,3.5164835164835164,5.132901607227449,634.7303172622812,-0.012243489242015043,0.0074075545399245515,13.5739401548061,0.0314902972402771,-785412.0067711611,0.6254864711428122,2.8831232999150394,54.0,38.68131868131868,0.43956043956043955,0.9146800112833462,-0.00023834766218624808,13.002256888111162,0.05725048613722905,0.046584126460783346,5.446361888571872,0.37191400072715614,0.23545794489597294,0.19872218042219097,0.1213871785835352,0.03184899895557989,0.04949405916886347,0.07736569955642264,0.10081705113422958,0.12244303065217062,0.11144714934851734,0.10710394106107181,0.11205684425385597,1.5200419303432713,0.07489189221750855,0.05137649231338545,0.0330045972010479,0.02336478005273298,0.01832948510712789,0.010840860323094404,0.2973280923424649,0.006870495359141999,0.005787900977518584,0.00903072792492471,0.015558368116319993,0.012462794645716188,0.01682094912063013,0.010580194854587057,0.5265708639171269,0.4685920692492059,0.5210576138416441,5.1166426943350345,246.3440916843131,26.18003246149208,0.07207438238447039,0.08706632278712012,0.025451622875991797,0.0834157129126938,0.088969602518512,0.10409267909714513,0.1252267933265868,0.1367298243394333,0.11649220590089313,3.774345111697526,9.371565859002345,2.280624996630534,8.241015395099346,7.1491552199876285,6.267869094118711,5.775561404230998,5.538662645051978,5.023840478748433,2.0682660551610077,3.773656887635508,9.371161406413545,2.2804829730013334,8.240593216577537,7.14860159536843,6.2670046828741794,5.77420364935944,5.536974702021879,5.022489693555938,14.240486305598909,87.8186661050547,5.200602590149,67.9073765611037,51.10250476930407,39.27534769516689,33.34142778427587,30.65808885083027,25.225402721875625,7.0,3
7869.855009444184,7.150123868103137,11.0,1733.4482399656792,0.33538684015952863,91.0,364.0,5.0640614e-05,0.00091322903,0.002197802197802198,0.004395604395604396,0.006593406593406593,0.008791208791208791,0.01098901098901099,0.013186813186813187,0.015384615384615385,0.017582417582417582,0.01978021978021978,0.02197802197802198,0.9975109046300296,0.6593406593406593,2.1304999999999996,0.3620663562398747,0.00068428724,13.798954975751531,0.13198755627636963,0.8026749652431233,0.1744287566727908,0.8026749652431233,0.1744287566727908,0.22507716940848693,0.35690403866272674,0.5269174239049539,0.10985195180062438,0.5269174239049539,0.35690403866272674,0.22507716940848693,-21.052424831995538,-94.10194908292743,122.8953857339827,97.68044166263448,-90.96171124913494,-11.861507244280192,48.63134870764468,-16.584254363490608,164.41263861148514,134.02063102138223,181.69636293769005,131.30386652686056,19.34,0.08893548875615662,43.73626373626374,-0.5946972423439588,2.0557881254999337,0.5297933098559352,-0.04259749813574887,0.00047914183,0.00034394826,0.00045518675000000004,-5.666504999999998e-06,15.164835164835164,-29.83,129.0,15.0,49.17,129.0,16.703296703296704,4.1588922366588275,633.1103665309251,-1.8256509174162707,0.007707042916388585,17.20126263125595,-0.031879965893712406,-534359.872874686,0.7640710038344563,2.295172564633076,53.0,43.73626373626374,0.43956043956043955,0.549977923744003,-0.0001623160814481089,13.85995530235043,0.020971150866400667,0.03319870328543286,1.2299735549439368,0.17042598047593438,0.09984547537001441,0.07112023776071436,0.024101107979639134,0.026537397282490785,0.011390466494862198,0.00945508566253249,0.018951058313686563,0.025600760352788285,0.019144285316598723,0.01272388015575546,0.011941894484587375,0.5425010247950043,0.0038864508497780965,0.006783690066617089,0.0038802922196865676,0.004400383470510937,0.00263092233853825,0.0031105650814262746,0.23678953486209578,0.0040880701644200835,0.0019405995044556813,0.0027893311696355312,0.0032740232863915737,0.00428748244180885,0.0026131412332128894,0.001963550119123135,0.10068040246140668,0.20028303136923933,0.26459917748597805,4.116153523143853,240.5261626745946,16.942719826089554,0.059834910141475475,0.2227252393373645,0.005516040723845464,0.1813164915676143,0.1407705784622546,0.10199849035965453,0.0704611445472612,0.055299033968423415,0.06267235936686764,3.6974978662003126,8.632723245575436,2.9291114695609615,7.477717414316069,6.203132231400837,4.903144232128106,3.7315187708287554,3.0066822036789813,3.2188534764510637,2.0720523735799756,3.6970136940623077,8.629849599063741,2.9291062757107857,7.47551884876571,6.201534739440175,4.902083196867988,3.730853463238195,3.006173629510121,3.2182432907150584,13.66791025408423,74.47430410246061,8.57966357440831,55.88338205825141,38.45903312448333,24.030419669015473,13.919267564156435,9.037079890762053,10.357089878232488,12.0,4
8170.257695820765,7.868708548714346,3.0,1799.6162325596397,0.36262533416033105,91.0,364.0,1.8458099e-05,0.00087454053,0.002197802197802198,0.004395604395604396,0.006593406593406593,0.008791208791208791,0.01098901098901099,0.013186813186813187,0.015384615384615385,0.017582417582417582,0.01978021978021978,0.02197802197802198,0.9973230059313812,0.6593406593406593,2.345999999999993,0.3252143397314914,0.0007202085675,12.14512887765589,0.04055548681228001,1.7413254848650253,0.04732828184936884,1.7413254848650253,0.04732828184936884,0.0005737801169468277,0.5608706013746096,0.15422295485887683,0.4427826608885231,0.15422295485887685,0.5608706013746096,0.000573780116946874,55.985902891782764,-149.70725234056695,55.75684856393459,-25.10178996148989,-128.91963073565515,26.229885027950804,-144.818867191191,96.2124174412388,93.28834391448889,141.61745625510184,88.88595318115999,43.04992426792671,21.05,0.06418441899927312,30.76923076923077,-0.6148872324450669,2.184698995184152,0.5538711282178169,0.008041649189691595,0.0003942476,0.00035446332999999994,0.0005073578400000001,-2.8048999999998416e-07,11.428571428571429,-32.39,119.0,19.0,53.44,119.0,9.67032967032967,4.237524079044885,639.3042536061091,-0.9254785622244761,0.007016261239694096,12.388873607416297,-0.04014863419772702,-774976.5354679604,0.7427197549127688,3.7523585789549294,45.0,30.76923076923077,0.43956043956043955,0.9201229786804936,-0.00026318760499886536,10.358523745937989,0.016591718622887996,0.09000420160306569,1.6331912312744767,0.4645511330866234,0.542066359848025,0.4966968278114746,0.31908416452850635,0.26008822206080284,0.21162349819510426,0.1814045756149745,0.173885196306592,0.1320291611319674,0.09012216433201019,0.055313857323472,0.0327137379831523,1.3692068851947432,0.01788614615159888,0.007235839258915691,0.0036321164368236934,0.002861711784856843,0.0018679594629321533,0.0017112712316204317,0.1503632196173111,0.0015232614477582794,0.0017150670309090288,0.0008562488153156985,0.0005147622194347319,0.0007499646695089529,0.00045166692887350826,0.00029044919778356293,0.024509864979282273,0.15390829694467834,0.34666759581605644,4.1926750424831685,251.45749221088886,17.57852401186124,0.041328375706499124,0.01899313643910901,0.000693848417999691,0.016022398263383333,0.04575548764281992,0.06985484008884574,0.08908048296016087,0.10226626405787927,0.09418463767999873,4.884125942196438,8.755109072800987,2.8914442619539664,7.838963981996238,6.772477722986564,5.606675453254723,4.454480517130311,3.6507932128465193,4.027039457665372,2.0861640166525177,4.883951083354306,8.755088471135535,2.8914441787039378,7.838947607541984,6.772323157063598,5.6062402677235665,4.453589714494265,3.649360587034646,4.025937909061552,23.852978184597706,76.65157413741036,8.36044943856089,61.4490995937882,45.86436094369985,31.42992993944521,19.834461345049107,13.317832694201854,16.2081760476189,13.0,4
8145.029911386896,7.140540646087383,6.0,1794.059451847334,0.32529304024748695,91.0,364.0,5.8704772e-05,0.00087341668,0.002197802197802198,0.004395604395604396,0.006593406593406593,0.008791208791208791,0.01098901098901099,0.013186813186813187,0.015384615384615385,0.017582417582417582,0.01978021978021978,0.02197802197802198,0.9985065427780178,0.8791208791208791,-2.3249999999999993,0.3922610164555547,0.000715512205,25.306708627554798,0.18102621054845627,1.178753117846179,0.399194396783249,1.1787531178461788,0.39919439678324903,0.789931387952243,0.06051418999366793,0.11098212644080921,0.20328566476753507,0.11098212644080921,0.06051418999366793,0.7899313879522429,17.307004378391053,-11.821918716616166,23.097777354584196,-35.957321586365964,118.05000651071667,-146.75402031727535,-55.6593635217775,-157.6865960914048,11.896035696560848,-1.752800568366526,138.06339847348056,-5.919911149060836,37.05,0.032477328756805965,38.68131868131868,-0.42302357145437186,1.8696763673391135,0.39773798566306034,-0.006960158385275355,0.00049009932,0.00035560341000000006,0.00048298436,-6.840918999999969e-06,7.472527472527473,-15.45,128.0,15.0,52.5,129.0,9.89010989010989,4.230976795068813,576.6939240277859,1.9096947488081613,0.004627448047838491,11.779708621612185,-0.0036261358795864605,-759128.0155309795,0.693444527039156,3.411701301810908,48.0,38.68131868131868,0.43956043956043955,1.246561968694165,-0.0002759561903953154,12.325347152511764,0.02735348342280597,0.18206118170507507,1.41767593307214,0.2293975169231421,0.13450953763700177,0.07277481543030759,0.017951036859866265,0.004340846663143442,0.0021526717040900797,0.006714336286634939,0.016869674253320206,0.01741020436398384,0.010546056388406543,0.009610889863233642,0.012026107205530412,1.1809624941062302,0.009432445222548363,0.01140428800991324,0.010187653517593423,0.006284850256592858,0.00585015436584136,0.004621030492241317,0.5322226367902084,0.004683388283653188,0.0034610735282968818,0.0025789621385579253,0.0024382402966880655,0.0023663768315441746,0.0027273706873039163,0.001354530417035424,0.298771981721752,0.24786549697240046,0.18129395272470056,4.209776205263736,180.5730454910294,17.722215698404746,0.09151703350400343,0.10712224924056321,0.013965797003296919,0.1474371076105852,0.18522431601414002,0.21882175833296605,0.24203560921459136,0.24006084995177834,0.190184575129684,4.029525727303371,9.508525844675026,1.5653132283599802,8.796136920074062,8.039904871588828,7.313707946351458,6.692050777966299,6.170336249458613,5.520764800425703,2.0517437813507247,4.028486343476714,9.507922410420194,1.5652509253767608,8.794901194214146,8.037770978135345,7.3104337055064335,6.687672418618565,6.165664621085338,5.517487998084109,16.228702219578384,90.40058856257055,2.4500104593928063,77.35028701598942,64.60576229695484,53.44244096260453,44.724962378751485,38.01542021970341,30.442673809002187,12.0,4
8150.871213475004,6.479182121449381,2.0,1795.3460822632167,0.29496253833688013,91.0,364.0,4.9367418e-05,0.00086231723,0.002197802197802198,0.004395604395604396,0.006593406593406593,0.008791208791208791,0.01098901098901099,0.013186813186813187,0.015384615384615385,0.017582417582417582,0.01978021978021978,0.02197802197802198,0.9960174474080475,0.6593406593406593,-2.049500000000002,0.286198441085634,0.000669831965,21.493695827948574,0.011312354789785317,1.2107350392318774,0.2152230105911611,1.2107350392318776,0.21522301059116114,0.09966726204627877,0.6673122005674466,0.22806148319978697,0.48799950591655766,0.22806148319978697,0.6673122005674466,0.09966726204627864,24.724972136031507,-158.7603099782012,-79.22007141581784,-39.448961619799846,-97.24183736890542,120.93596260530661,-0.393678968596878,146.62105331952563,117.2697446500354,185.43357657356827,-45.03856696772913,54.5244617649743,32.76,0.06436854171416856,36.26373626373626,-0.6734098586927406,1.9612225477314007,0.5140708543063611,-0.07215725925169603,0.0004715915,0.00033528259000000003,0.00042531421,-2.864895499999998e-05,14.285714285714285,-30.53,133.0,15.0,63.29,133.0,9.89010989010989,4.232493670045831,629.1895855727305,-0.0009568569906653118,0.007466393813695519,14.700092880134667,-0.04928081701150511,-693363.0068740539,0.787222412096114,2.988190834208071,47.0,36.26373626373626,0.43956043956043955,0.6601634595947571,-0.00021474260021141754,11.740431723526807,0.009757448108322131,0.11663637633042276,1.315149714982471,0.22653171593934696,0.14953172280238464,0.0908409160950676,0.05316081889957454,0.027547724667833545,0.012909594910768204,0.006166164963492181,0.01911445549715625,0.02786385800969736,0.029033989627541234,0.025834195166365908,0.017723203938315273,0.6112473689638102,0.016300244128059048,0.009321146677941082,0.007001933603218666,0.0024438808594176306,0.001838500893993303,0.0006871877782208534,0.24004413654080176,0.0006322697701731386,0.0008373841735139967,0.001591594102410354,0.0013348726096642748,0.0023050710502071836,0.0021100365087017114,0.0012079254399329712,0.11911642932122454,0.16914684490612056,0.15320247874924584,4.178578924609831,233.38816785508797,17.460521829193453,0.05041101096087034,0.1544048403660169,0.05210188568862956,0.122011595844401,0.08854214390344507,0.05470112216629278,0.023684968044495443,0.0006902523078378299,0.016144514708401652,3.768050999969631,8.680545087833014,3.301674291976488,7.959466614854539,7.095926215922663,6.098332815451419,4.9829247673271775,3.7750409252348267,2.9625249151279287,2.082461064581903,3.767713772083283,8.679171744306794,3.3012631709401985,7.95853139489086,7.0953737851202385,6.098087480124027,4.9828684770051215,3.775040862129782,2.962480924394041,14.195667068346042,75.32802216717344,10.898338523806135,63.33822196346346,50.344329150571504,37.18667091524541,24.828978259131336,14.250933510749567,8.776293227398572,14.0,4
8320.293121906623,7.423629941856495,6.0,1832.6636832393442,0.37648056298542476,91.0,364.0,4.7238904e-05,0.000893926,0.002197802197802198,0.004395604395604396,0.006593406593406593,0.008791208791208791,0.01098901098901099,0.013186813186813187,0.015384615384615385,0.017582417582417582,0.01978021978021978,0.02197802197802198,0.9980087237040237,1.098901098901099,1.963000000000001,0.4054835225425867,0.0007511674435,15.759460015739016,0.05414258657705227,0.9913543191530021,0.698325374399059,0.9913543191530021,0.698325374399059,0.37491258587412324,0.020349816765088225,0.061552128183881505,0.07578584107701643,0.061552128183881484,0.020349816765088225,0.37491258587412324,3.350095304756344,45.838532630451915,26.41835939875247,-44.73553885007265,14.884621820776308,-99.15237154185715,-77.24971873684666,-18.69796208776392,8.675743989110101,-37.23715514308762,43.75219622156936,76.0639689647455,34.45,0.025572486026053363,43.07692307692307,-0.36836523462518783,1.9014396118647705,0.5381516550209978,0.010088527753127755,0.00045624323,0.000372940637,0.00049169288,-1.8748229999999952e-05,7.252747252747253,-15.53,122.0,19.0,49.980000000000004,123.0,15.824175824175825,4.276255196978413,631.5693300299642,1.2476603383703289,0.004259154559477429,12.556335784977511,0.004544212792957021,-734731.2147409107,0.7064541538489942,3.43689832926142,48.0,43.07692307692307,0.6593406593406593,1.2822657030692877,-0.0002596774637978847,13.52153327587519,0.034678341811458235,0.2289423389064677,1.690781262904186,0.2153222940663073,0.19121899988972996,0.10828338025086715,0.021824631341190146,0.02075630412093264,0.005597716944301927,0.017642050224462344,0.02935578183658741,0.019769467045508228,0.015202319586542093,0.01527331587761306,0.006458693081022098,1.122469113061502,0.014531222117448665,0.00711710442923084,0.006801990141898508,0.005062826015131448,0.004979738901219236,0.004314769969966348,0.44575318304326145,0.0028714353171089904,0.00563914204155941,0.00557087877645044,0.005123522817398548,0.0060881415078478125,0.006214200971060148,0.004242191881730702,0.28261006326404137,0.25725970162145234,0.3590482677852233,4.260359792741033,244.320851379533,18.150665563604417,0.06937442128379405,0.062317109095838555,0.0016697887240031118,0.1093962792344299,0.15446891523510145,0.1939973640275111,0.21923996046506447,0.21391583566366526,0.16108620908997678,4.054260367167784,10.718319946454594,1.6139316033315607,9.871390418141496,8.92926378831627,7.994531448886235,7.183668647067158,6.467012226684285,5.5897582395341985,2.06676477441317,4.053666773978715,10.718138786770785,1.6139307395418179,9.870784226264163,8.927927595784046,7.992177307216189,7.1803223514401475,6.463473304295173,5.5874366582254416,16.432214314459,114.87849905248034,2.6047724320379992,97.43238124146542,79.70789115556231,63.87489810998142,51.557029070590964,41.77648715533636,31.21944840968149,13.0,4
25745.185544699656,26.094367586153723,30.0,5670.745714691554,1.6392012432711804,91.0,364.0,-9.51,0.0004917527,0.002197802197802198,0.004395604395604396,0.006593406593406593,0.008791208791208791,0.01098901098901099,0.013186813186813187,0.015384615384615385,0.017582417582417582,0.01978021978021978,0.02197802197802198,0.9748552705797,0.21978021978021978,-9.6365,0.09344280627020604,9.085354909285002,6.670353032549395,0.34630993080047695,1.3937117116403759,0.3788459620571305,1.3937117116403759,0.3788459620571305,0.8087114502427079,0.2553212084049709,0.659393570256047,0.46448502449624396,0.6593935702560471,0.2553212084049709,0.8087114502427077,9.886370651831864,-71.16696094287207,32.511888981786505,-2.9202849582766053,68.76586703338455,-158.88321880481573,57.82065248548382,-1.8045258557053405,142.12008662343558,35.642062513140054,-5.1622999780097425,8.591224068161441,28.86,1.0544297704274732,38.46153846153846,-4.883610858838859,4.617724350906312,0.48045520692364513,-0.06356703569671801,-6.8,3.5699999999999994,0.16000000000000014,-0.00010057098500000004,5.4945054945054945,-16.43,88.0,15.0,45.29,88.0,6.373626373626373,7.522155633391686,580.7543244264671,1.7080186525023546,0.0077000684432625924,11.280477571639793,-0.8413528263174601,-972461.475648779,0.43640608361868344,2.9821123622530017,69.0,38.46153846153846,0.0,1.0760559294488106,-0.0002864204725564405,12.951923738115763,0.13123541008934192,0.04602331750979337,3.1208896756001003,0.22023231205697544,0.12456332412425328,0.055639817383714235,0.04375741231383519,0.021758922401485605,0.019163298556422514,0.018470749342801237,0.013722775664938836,0.0104761570976878,0.005801559715586173,0.0044900402183849514,0.00364636307027467,1.1544628231607121,0.0022870345439089715,0.003045496035712514,0.003692945329612232,0.004833044363589051,0.0038193034278001183,0.0033094363655091284,0.8303938116556432,0.004869771497560136,0.0038984112416588566,0.0032382544818187952,0.0023770959796694828,0.002404596536027354,0.0021230558036130004,0.0007579992659646862,0.4374976034507863,0.295395383381847,0.3258340814299293,5.721290969038147,218.12666394333488,32.733170352397465,0.07962910270479158,0.47061708577650874,0.04504424552884491,0.44351690185151066,0.40565223108627857,0.352320969326823,0.2801418035046834,0.1951997744311909,0.11980455403287969,3.299690225555991,8.118887722015405,1.8093990839997527,7.424265945778064,6.772524635666662,6.141573009613674,5.461922344074658,4.64895864441591,3.8537918872512464,2.0476934747592384,3.2987292690719823,8.105236418591856,1.808838318126825,7.411006516756809,6.760365094292362,6.131458959088592,5.454733381443235,4.644858827300506,3.851929228201955,10.881614790632176,65.69485740126773,3.271896061123881,54.92301759141189,45.702536208126574,37.59478896698776,29.754116262631154,21.57471352555143,14.837358779076506,6.0,5
27758.828440567708,27.822406464806885,31.0,6114.27939219553,1.6543963421825854,91.0,364.0,-9.97,0.00033637323,0.002197802197802198,0.004395604395604396,0.006593406593406593,0.008791208791208791,0.01098901098901099,0.013186813186813187,0.015384615384615385,0.017582417582417582,0.01978021978021978,0.02197802197802198,0.9602867633899719,0.21978021978021978,-6.379,0.0368105721924771,9.44513282706,7.57337591055596,0.46183245207264717,1.2671055467398538,0.25609143304367527,1.267105546739854,0.25609143304367527,0.39077149612060325,0.5856829486981053,0.6392472357911572,0.44266679633286743,0.6392472357911572,0.5856829486981053,0.3907714961206033,-5.063256465381643,-84.48610782001714,80.98135174658394,99.23512767688581,-37.55991708372649,50.90594118798111,136.76043428096335,22.803369482153773,2.8904027999327373,17.0068677106528,-34.04140983982911,18.429470151842192,30.19,0.8558781654863005,41.53846153846154,-5.7345462407535415,4.276930104746206,0.7185504266885969,0.03383479406788544,-7.56,2.750000000000001,0.14000000000000057,0.0,11.868131868131869,-26.07,81.0,13.0,56.260000000000005,77.0,8.351648351648352,7.81078831841536,688.1457640055644,1.5737634065450288,0.013978870298235337,14.319519513523817,-0.8491390134482094,-921561.2720994587,0.592278306964982,2.5198752530438058,69.0,41.53846153846154,0.0,0.7301036116367801,-0.0002227197224105384,13.685025543052545,0.12105401689194117,0.03590079233330772,0.7193445761250171,0.2130624585522314,0.28559421804188556,0.33362674970319367,0.329329009467007,0.2510231064277259,0.19296100940747,0.17192443401526306,0.17226538816823403,0.16514913663578162,0.14540986411067705,0.11743491143526955,0.0961162972626756,0.9364081038574136,0.06265303978860408,0.037787840682214455,0.03268405251931697,0.024598961472938594,0.019717261964807407,0.015637048789882466,0.7343851771751145,0.012159663116323436,0.007949586612573126,0.005697710268712296,0.007775137582073728,0.014530427771771716,0.01827930895575437,0.009717318333895612,0.4962183582711027,0.4206767197555114,0.31991993801039176,5.303149400851656,326.221893716623,28.123393567753283,0.017998555600665534,0.015746155417191345,0.022737593717277037,0.054491025526635366,0.08285749515256019,0.09325537898542348,0.07861461736079958,0.043494806851262516,0.00867236835260675,3.773730257996498,6.449150955606603,3.3418189150262654,6.279631170052232,6.155778516222284,6.020637914635886,5.802581878237274,5.354961453396454,4.458006972477189,2.0885452745261337,3.7736873362951786,6.449131732783192,3.341741561320874,6.279394744720912,6.155220855199338,6.019915641721354,5.802049309992532,5.35478481072198,4.457998537088408,14.240716112114601,41.59130010679113,11.167236662659272,39.43079836002862,37.88674377628087,36.23938433344143,33.66377619558482,28.67372036913883,19.87375095668239,5.0,5
27388.011258075927,24.76507292405673,19.0,6032.601598695138,1.3094791978867542,91.0,364.0,-9.92,0.00058285165,0.002197802197802198,0.004395604395604396,0.006593406593406593,0.008791208791208791,0.01098901098901099,0.013186813186813187,0.015384615384615385,0.017582417582417582,0.01978021978021978,0.02197802197802198,0.9840039126102404,0.21978021978021978,0.1894999999999989,0.08494499593929077,9.325378746555,10.783272039221648,0.36480822055328055,1.5613663530714146,0.3247036289017242,1.5613663530714146,0.3247036289017242,0.14996146018547477,0.5638275183293429,0.6713966971589113,0.3230581913438004,0.6713966971589113,0.5638275183293429,0.1499614601854748,24.06717071944811,-81.65568987257204,177.08293053039574,-20.56328881437636,-169.0189689416683,-19.91597219575521,19.093069917522925,-8.335906163703141,152.0934927862975,174.76047443735013,93.79769373053145,-48.993313715766355,35.34,0.9979158867599028,38.02197802197802,-4.594191286298641,4.7336401532168475,0.7687493505151229,0.02112548537394279,-5.64,5.070000000000001,0.1349999999999998,-2.519334999999997e-06,11.208791208791208,-28.57,87.0,13.0,63.910000000000004,87.0,5.714285714285714,7.758442584464398,707.9522638212538,2.007407229260103,0.013057347122128955,12.430075798319987,-0.5800570690666389,-1155076.7431487348,0.5992478713131255,3.710960975401262,82.0,38.02197802197802,0.0,1.0430809062156714,-0.0002623239741183411,11.730106434664748,0.1260343702015303,0.04020969220946299,4.021075125306521,0.7438897555711342,0.9650804773276822,1.0146313825166877,0.8416546944412684,0.6845688654302803,0.5426109267919117,0.41460905253462027,0.28190375935818474,0.20447735079572463,0.14180385037637264,0.08848923579029308,0.04563387392734096,1.1647627621993135,0.02402008684567923,0.012519348070907295,0.008300777996651961,0.010250431391883696,0.013469608841052765,0.015591896693489737,0.32138323610183905,0.018942676133090215,0.022031109699849165,0.023901182394826463,0.02023993358020607,0.01838213489237881,0.014455931703352796,0.006233958024519132,0.11594335694450707,0.3092292853735045,0.4975962360216192,6.251946717729465,349.0122051338658,39.08683776132823,0.03145195671512921,0.3539810683098901,0.011179023063804864,0.34308828583156037,0.32155072514123684,0.2891561832711054,0.2492878673413167,0.201799960813464,0.13023748835855778,6.545131281133665,8.811374532025148,3.9978439786668183,7.984408279323356,7.097263315566378,6.141113581472675,5.138111746141398,4.420376127907785,5.11890530170073,2.074659634519475,6.545055711122189,8.80426138565295,3.9978283488921678,7.977033659140001,7.0899754373090325,6.134302301176903,5.132060782476435,4.415767417787389,5.117248253153826,42.837754261693185,77.5150185468996,15.982631507205875,63.633065999052505,50.26775170164541,37.62966472222424,26.338047875032633,19.499001887992712,26.18622968440588,9.0,5
24764.300054575357,24.964292182853363,24.0,5454.69164197695,1.6505115966160728,91.0,364.0,-9.33,0.00050030798,0.002197802197802198,0.004395604395604396,0.006593406593406593,0.008791208791208791,0.01098901098901099,0.013186813186813187,0.015384615384615385,0.017582417582417582,0.01978021978021978,0.02197802197802198,0.975850908727688,0.21978021978021978,-1.8714999999999975,0.07093977752068081,8.860332694735,5.87602075793823,0.392349117054026,1.266287565670311,0.38665255853853636,1.266287565670311,0.38665255853853636,0.536425752453799,0.46169257420650756,0.4775898425609454,0.1422021513067844,0.4775898425609455,0.46169257420650756,0.536425752453799,-0.26850088914707015,-61.877121594372866,103.58815647315343,80.35978334255458,-1.1122561987531079,52.14621081030908,67.38148306018833,-70.9420364393532,-31.657329142799032,-56.08051484798247,43.16046886597504,43.69302237455359,24.6,1.361446379891087,41.53846153846154,-4.715825316190763,4.484943475064027,0.686244383370941,0.026696061770378837,-6.36,4.22,0.10999999999999988,0.0,8.351648351648352,-23.53,79.0,12.0,48.13,80.0,9.010989010989011,7.3774679319519105,677.2097340855971,1.5583709707517157,0.0191865537167815,13.460742054424031,-0.6553937042407396,-991518.0586089502,0.5664725140382919,2.684607451675201,80.0,41.53846153846154,0.0,0.8743288691665656,-0.00024072038492167669,13.541972044716967,0.14120796522584023,0.04342553182604794,2.3266774709285127,0.32466840539481445,0.17907022082716775,0.16858872208376371,0.1682416640834046,0.16520180395903317,0.16027223456523979,0.15016351530557304,0.14384291731534854,0.1386288563100516,0.12835861775677432,0.10088341426274663,0.08308773730655564,1.8410472305025092,0.06509913212360616,0.04681811695372713,0.031285857522163694,0.022075483228366048,0.013261193501689328,0.011108682129333618,1.5155199912474766,0.01361371448371635,0.014242344718078906,0.016187304635477014,0.015925457498292446,0.012821765664193768,0.01056335829397916,0.005636174678341409,0.9241557531015561,0.612461847636469,0.5155903795440774,5.673449098577786,311.5549500504072,32.18802467415309,0.025047026650038707,0.03912110851859651,0.019260869048335943,0.05750747006247904,0.06747488447285757,0.0652808301294866,0.04700088874728876,0.016505315688152476,0.010300204663018706,4.170259199909381,8.982753135541067,2.8813584487579083,8.352085748031296,7.8274771875918665,7.47915363946496,7.265399084179691,6.903077584370509,5.9062958458588515,2.0849089393098237,4.170183981658942,8.982667946269704,2.8812940719669835,8.351887764652641,7.827186356682486,7.478868736375813,7.26524705490846,6.903057852169038,5.906286864400799,17.390434440884828,80.68832343294116,8.301855529152082,69.7540292333545,61.26484626223645,55.933477575939555,52.78381476885605,47.65220771039261,34.884224524593414,7.0,5
23797.985249803154,24.336356667455878,29.0,5241.84697132228,1.5691189196737982,91.0,364.0,-9.48,0.00049309127,0.002197802197802198,0.004395604395604396,0.006593406593406593,0.008791208791208791,0.01098901098901099,0.013186813186813187,0.015384615384615385,0.017582417582417582,0.01978021978021978,0.02197802197802198,0.9805191790922824,0.21978021978021978,-0.14200000000000035,0.092227028276656,8.925378850000001,5.664011653264543,0.3588864092684659,1.354782776948916,0.611886397735,1.354782776948916,0.6118863977350001,0.396272990434291,0.5722297083704233,0.4677035143653941,0.15462681668091832,0.46770351436539415,0.5722297083704233,0.396272990434291,7.700008751877676,-22.759795853020506,15.326990223706359,32.49032112824126,-36.92668742723118,61.3516915508157,-2.6324791658546305,-73.11436176471364,34.72568221918333,-15.487708679775347,-5.395183396265459,31.5598815944615,27.34,1.2718056426247801,41.53846153846154,-4.6263824487443905,4.5376737154402065,0.6000703570465836,0.020177617073634385,-6.08,4.59,0.13000000000000078,-4.367061500000004e-05,5.714285714285714,-14.94,78.0,14.0,42.28,79.0,21.318681318681318,7.23209957656016,633.6542684761739,1.45941814600972,0.01472378234941023,11.203825081116827,-0.7757657817017304,-992837.4656198414,0.4824128260348343,3.6314403585948853,79.0,41.53846153846154,0.0,1.2675947026388608,-0.00028802717007501353,13.130376493418643,0.14136952123755064,0.02583587230855883,3.382651267397659,0.12223735334179388,0.09421950986032171,0.08819331872926998,0.09379991578441468,0.10580706902702139,0.10382712341785828,0.10468832778656677,0.09699551745759633,0.08159960651279115,0.07180056176125806,0.05427734768879396,0.041858163169807616,1.5186985811832445,0.03005090182697083,0.023250548293742526,0.017634107604841763,0.013008932064632406,0.011421990208194744,0.011580673838435652,0.9250627066347421,0.013969889666949913,0.015794625621188538,0.01805487498889192,0.018281997929389494,0.020551732471715982,0.020075106633505056,0.010789749146761275,0.3828536159375467,0.21620241884135977,0.13577184762473818,5.55876332678695,272.43194209914896,30.89984972323152,0.024354505732816556,0.3055286614273064,0.011245399012805319,0.31686476703126076,0.32019354433174824,0.30967674528664874,0.2762647578797653,0.2113908229346257,0.11750359759335212,3.5545306455419907,8.213608389339818,1.9622578221803921,7.710731699555542,7.336020812254081,7.032412018966224,6.6652993240683625,6.048766992572811,5.014133158501059,2.0571741470999396,3.55444720992557,8.207923915977771,1.9622255990861956,7.704218329067843,7.329029775624691,7.025590303876911,6.6595715224764875,6.045072046751581,5.012756151632795,12.63409496814767,67.37001501047988,3.8503293017091793,59.354980061944914,53.7146774519933,49.35891911792927,44.3498928629798,36.54289605041734,25.12772423573243,7.0,5
31142.30505818191,24.74694262985155,19.0,6859.538559070906,1.3770774336211442,91.0,364.0,-10.15,0.00098824056,0.002197802197802198,0.004395604395604396,0.006593406593406593,0.008791208791208791,0.01098901098901099,0.013186813186813187,0.015384615384615385,0.017582417582417582,0.01978021978021978,0.02197802197802198,0.9930305329640835,0.21978021978021978,-1.193999999999999,0.4542467847578877,8.830875761625,3.255311041298735,0.28419390840151804,1.579360219476579,0.9486916257239146,1.579360219476579,0.9486916257239146,0.07438185848402212,0.19089826910331503,0.2789430809086871,0.3207264005593466,0.2789430809086869,0.19089826910331503,0.07438185848402207,27.314228751961103,52.13844402025322,27.843542754360552,55.33988876240328,-95.36076818084953,-7.3395977312705405,-105.64581286369597,3.2183811499089967,40.19474809313723,-169.32841256928847,-49.98573801416608,17.853615309471383,39.99,2.1151291462572464,41.97802197802198,-3.17862545748833,6.029534814932002,0.8162463241378213,0.006433167659977945,0.00018685914,3.25981314086,0.2599999999999998,1.4980074999999967e-05,5.934065934065934,-23.37,86.0,13.0,63.36,86.0,3.7362637362637368,8.27312676691822,697.1555303394808,0.4897975908673558,0.00988745196354123,9.977213880898379,-0.3892109273965842,-1284197.9399735997,0.4909633282400272,5.372879704950001,82.0,41.97802197802198,0.0,1.7461341068754288,-0.0003137379220440504,12.070586673081316,0.24252556590530938,0.36773985911555546,12.411783544979148,0.3002858112066951,0.10782688809812882,0.10910150986596329,0.13496951161824278,0.12725680518771093,0.08909191442110134,0.06990995649971338,0.05479640258270617,0.027560227172961797,0.027469574434873568,0.019650803851048577,0.015411093318143061,1.7894018650650059,0.015136421954621431,0.015557686114587573,0.01062245355180393,0.007930609309122753,0.010596543805218406,0.010837860838707518,2.2823894396938114,0.013972365960827567,0.01870869300999856,0.02264220816661555,0.024341491329964073,0.03107949003515024,0.03339705109857239,0.016465753423346455,1.351507486694247,0.792151606114623,0.4900848147283471,7.638125863227564,370.57583115857085,58.34096670250582,0.08718966332075388,0.038947666521244546,0.003549065769933341,0.02933725223123778,0.10480501786728154,0.18230975589096476,0.24519231989899332,0.26344086923347354,0.20720287736224163,5.792360081554727,12.083228147586034,2.2581440682426632,11.02589190004119,10.50858186808076,10.393378734959926,10.377016730619443,9.971131100872048,8.535268924558023,2.0628900688036222,5.791703831947789,12.083165377743033,2.258141279254176,11.025852870278355,10.508059230247303,10.391779668623856,10.374119574875664,9.967650392103213,8.5327535170154,33.5438332769987,146.00288554588792,5.099202037071686,121.56943151702544,110.41930878638554,107.98908468122414,107.62235695381841,99.35405433919533,72.8078825821387,9.0,6
38355.20975539314,25.74394268575244,11.0,8448.284087091,1.328758430431265,91.0,364.0,-10.58,1.03,0.002197802197802198,0.004395604395604396,0.006593406593406593,0.008791208791208791,0.01098901098901099,0.013186813186813187,0.015384615384615385,0.017582417582417582,0.01978021978021978,0.02197802197802198,0.9965152664820416,0.21978021978021978,3.9989999999999988,0.47607914139346985,8.345896017595,5.100463492326325,0.05179823853746111,1.1449278944451242,0.4311484161602311,1.1449278944451242,0.4311484161602311,0.09867037538394774,0.11215859467410941,0.3896125568115929,0.3792561611037295,0.3896125568115929,0.11215859467410941,0.09867037538394775,8.489027464925552,-11.10586071446975,33.00081195766132,14.842784369980741,-116.96731907654087,-12.692244916670468,28.82881272434923,68.60072242628351,62.928255562190635,-70.31249373179816,130.95179920512422,-19.284132974402898,39.99,1.4717590516668895,43.956043956043956,-2.368451467536935,6.328176498697999,1.152851732795878,-0.08669465332400884,0.00024919724,3.62975080276,0.23500000000000032,-3.482710499999997e-05,10.989010989010989,-39.99,76.0,13.0,79.98,76.0,7.472527472527472,9.181348718873895,848.4366863432458,0.875970199442629,0.011650507350232812,14.13377604523529,-0.1691915544470021,-1355350.744754803,0.6099059678968851,3.1513042395908095,89.0,43.956043956043956,0.21978021978021978,1.0387609711498824,-0.00022661305408905606,13.385340610705777,0.250563778659623,0.6628629783755826,13.096034483127367,0.7364441475814328,0.373766661550358,0.2918103057903546,0.28644907343532966,0.2407925740118197,0.235377829172843,0.20864952556991484,0.17246144120802548,0.11251488662278215,0.09447917242252407,0.10591140196333429,0.0884487264621414,1.5161088516518706,0.0544415020441454,0.030343201022049012,0.021600815494802417,0.01728772664266956,0.015654407891807286,0.01854247316395285,3.748793309331717,0.031060631618043493,0.04226958608110524,0.05833179214083435,0.07546875134043136,0.09365989426026267,0.10010791650576285,0.04875273884952404,2.0310089971176044,2.0464842953688533,1.1761709089282868,8.87060324574882,523.3946866893286,78.68760194348948,0.1612447326145223,0.04510297206203941,0.06869071184838384,0.09590311193916762,0.14189550476315368,0.17688059998035463,0.190837287453615,0.18196053738098106,0.16981144860388286,7.802327644628055,15.881987511644331,4.595327578798824,14.297612506843361,13.266758229013089,12.57573763806299,11.777233919574133,10.475512029810723,8.88962945393973,2.0597927891509538,7.8006613059619,15.881923467953676,4.594814157566639,14.297290861871842,13.26599938085384,12.574493643671886,11.77568766255648,10.473931575561547,8.88800742012943,60.85031681033122,252.2354930419377,21.112317142574824,204.41252598896406,175.98673957281446,158.11789039474468,138.66681992608488,109.70324264954519,78.9966759002758,12.0,6
28840.06046455236,23.00554798656388,17.0,6352.436225672326,1.3261310030937568,91.0,364.0,-10.76,0.00098918373,0.002197802197802198,0.004395604395604396,0.006593406593406593,0.008791208791208791,0.01098901098901099,0.013186813186813187,0.015384615384615385,0.017582417582417582,0.01978021978021978,0.02197802197802198,0.9940261711120715,0.21978021978021978,1.8445000000000018,0.5495952448485055,7.505893783045,1.0197246068931944,0.2572856717738454,1.2520747918048951,0.9339255890826232,1.2520747918048951,0.9339255890826232,0.6170429247379099,0.09940153237514382,0.1827650044737067,0.16018932103228162,0.18276500447370658,0.09940153237514382,0.6170429247379099,5.4348575474234355,53.52578162742732,16.118986849081654,38.970374287752065,18.058788588985227,-48.740935849633054,-60.13249631718878,-42.4389175319921,-62.08864588875617,-139.40816787782373,79.35735792495738,3.7508806024593677,28.03,1.7578095505816067,41.97802197802198,-2.666164234487938,5.809382609469757,0.7504126931451705,0.021279624015859037,0.00026023647,2.20026023647,0.20500000000000052,5.843626050000001e-05,5.274725274725275,-19.58,88.0,12.0,47.61,89.0,3.956043956043956,7.961453904516527,674.374305325684,0.017024810068490298,0.010527627995467881,10.263611738706055,-0.3402514328366938,-1150665.3176302207,0.45578027952342554,4.361338974417567,92.0,41.97802197802198,0.0,1.5727593546567038,-0.0003077347938439775,12.91020028992682,0.25328931743546146,0.3816389631028983,10.045045883996645,0.2752446370438495,0.09041239458062224,0.05046751734534337,0.05538382877821597,0.012984826143499911,0.02328200237994921,0.015488886354450445,0.01147009494663803,0.022734605077219756,0.022203980393231088,0.023456119983584343,0.020334452697275504,2.366703003969798,0.018787653032206347,0.019931044477957637,0.019092827369148375,0.02730030920372504,0.023906709865973704,0.032206998084419826,1.6909697225601956,0.030482260255311453,0.03002933073178944,0.02818995194469478,0.02461804166485979,0.02333730246992653,0.02276480212979271,0.010899323020759896,1.2279216763374787,0.9426777480904798,0.6262149247183034,7.501754231410064,340.6873626879074,56.276316548478796,0.032571030325287305,0.10371131477052156,0.010645307059307753,0.1540466750341603,0.20352778203450955,0.243818758682839,0.25702913174301756,0.2216187925436325,0.13338741864865475,4.860194936089812,14.472990556194086,1.7170021796574009,12.554807678728746,11.073185135082952,10.036665091231102,9.346449311410076,8.700716424505664,7.447448937238293,2.021662280385446,4.860085796030416,14.47261896143444,1.7169691792183919,12.553862571805428,11.071314532509776,10.033703133262982,9.34291446799088,8.697893504202849,7.446254324780884,23.620433944776597,209.4566996028717,2.9479831623858783,157.5994654717772,122.57400547776214,100.67519856645139,87.29005075619332,75.65335141045412,55.44670346931802,10.0,6
33401.02996112229,23.381374963260882,13.0,7357.055057515922,1.2653180861714177,91.0,364.0,-8.22,1.6,0.002197802197802198,0.004395604395604396,0.006593406593406593,0.008791208791208791,0.01098901098901099,0.013186813186813187,0.015384615384615385,0.017582417582417582,0.01978021978021978,0.02197802197802198,0.9930305329640835,0.21978021978021978,1.7260000000000009,0.5503434338222616,5.705925007295,4.174297444962336,0.1094734481549256,1.4264098297910794,0.5542976198787715,1.4264098297910794,0.5542976198787715,0.21751904962068172,0.1633657183533164,0.45698745351222736,0.02767228560163822,0.45698745351222736,0.1633657183533164,0.21751904962068164,30.34172110739594,-9.046741721322773,17.397414667686313,49.42051268002305,-107.52434603359693,-79.16958962344938,-7.791461791387755,-83.30425611058955,88.2172709478307,11.505426140946957,121.12708013112956,-26.28182516457184,39.92,1.3108971178732804,40.0,-1.6493561967932997,5.706454953365386,1.0241641128868388,-0.0320905985332159,0.00030967332,2.53969032668,0.17999999999999972,1.6002519999999996e-05,8.131868131868131,-18.84,87.0,13.0,58.760000000000005,87.0,12.307692307692308,8.567896886483382,798.929333058722,0.9040286235445616,0.004324482430569674,11.220305448879781,-0.11767724556982727,-1373876.2372306152,0.5501660466011102,4.506725974767345,95.0,40.0,0.21978021978021978,1.4341848366654149,-0.0002876817283834356,11.644233225455642,0.25383906260843137,0.5225036177948016,13.081319985784434,0.9555920743434638,1.1606121549303585,0.8565230295868254,0.5466815447575744,0.39649425081354867,0.2975802006287284,0.16694839392172764,0.11380124269473578,0.06364113329779725,0.05895054948131549,0.04122384967044602,0.019875039100761594,2.6194398022248326,0.014476519994035797,0.013213893990449999,0.016203402156065874,0.025502469589858315,0.025338096376970397,0.029857941231600345,0.8020442018069821,0.032884057219702216,0.033542027078794216,0.03411177122435428,0.02589288048520692,0.024407827246122497,0.015319721238620108,0.0077602902757100915,1.7823670651076533,0.9031466656895104,0.9503725214485513,8.407644211877141,464.9705072506248,70.68848119351118,0.1454310314083239,0.52922291547389,0.033420231915448254,0.5092825507495281,0.47742624549334617,0.43510007637104603,0.38728008853496265,0.3369256810415407,0.2673227314142994,7.644293987249459,17.058338622044154,3.5611766124668063,14.813021639129891,12.726473685430458,10.878699795893835,9.461448709722594,8.63152693430702,8.38408571260529,2.0362864820152997,7.642910465169781,17.050127261990177,3.56101979119455,14.804264296642117,12.71751534876479,10.8699952701334,9.453519229352406,8.624948597129276,8.379822897506925,58.41408037860175,290.7068396500606,12.680861953279274,219.1662413648325,161.735196646068,118.15679717272249,89.36902581973568,74.38973830312226,70.22143179358135,12.0,6
30532.743059482156,22.21805451539955,16.0,6725.273801648052,1.1374365767867094,91.0,364.0,-9.79,0.00099630493,0.002197802197802198,0.004395604395604396,0.006593406593406593,0.008791208791208791,0.01098901098901099,0.013186813186813187,0.015384615384615385,0.017582417582417582,0.01978021978021978,0.02197802197802198,0.9948339105614112,0.21978021978021978,0.24249999999999972,0.5851040317352917,6.805820156445,4.0974568908412,0.01127680889163211,1.5818432658563357,0.5139579159034191,1.5818432658563357,0.5139579159034191,0.0348164674580594,0.1537602946126666,0.4311349890259697,0.8281195651461062,0.4311349890259696,0.1537602946126666,0.03481646745805944,36.36453617073217,-34.46542697221694,55.97472043122175,-106.88581591539783,-146.60887182626436,-197.291147798468,119.24018071440567,122.11874464584822,-26.32730558385944,173.2771918683587,-33.08029945120187,107.93426093905939,39.99,1.5825071491324638,36.7032967032967,-2.0890202671089333,5.682932582878018,0.8220836534318897,-0.06797326380348016,0.00029854035,1.06970145965,0.13000000000000045,-4.109335000000014e-06,9.67032967032967,-21.16,90.0,12.0,61.150000000000006,91.0,2.8571428571428568,8.191759872033584,715.9460466869183,0.6363761138561841,0.006821546009861916,11.128053280498406,-0.20396997535961625,-1252051.902901079,0.5032681590527064,4.5670922717110285,92.0,36.7032967032967,0.21978021978021978,1.3272235060545003,-0.0002896154076286903,11.029587625702511,0.18589553591665364,0.5684569992652432,13.051682670819428,0.6816526069440773,0.41748100541985694,0.36623218733432145,0.2750999144434154,0.2163993027979103,0.2471589976370353,0.13415243010018318,0.11919594121479299,0.09096828493503761,0.026922431852131022,0.01473792253565686,0.008248346027431394,1.1702506159424508,0.006901878471619652,0.007426804521098816,0.01732683128726246,0.015265205030083207,0.010309688240204628,0.012103856875893576,0.9563902328169771,0.006370538904338141,0.003231086164699043,0.00467108856478029,0.0022785480989434225,0.0030189141124683056,0.004020741618405074,0.0014640265206722065,0.7485172549949441,0.6685887364157698,1.0386666376760638,7.920916873990524,373.2259786580779,62.740924124667806,0.1416597766629046,0.28066333928426074,0.05758233021710093,0.2914576261695559,0.29133811386245606,0.27417524693290274,0.23565388389909278,0.1856445118986767,0.15479977882977408,6.668477027131178,14.657128010947776,3.724383183101725,12.249414857100243,10.21962207287486,8.520831635755362,7.01306732057229,5.732621157076081,5.699070049667682,2.011180334289419,6.666972204010761,14.65444061093059,3.7239380190623077,12.24594695372701,10.215468536283694,8.516419417739987,7.009106968072486,5.7296144238297755,5.696967303705846,44.448518369052096,214.75262961929172,13.867714369817703,149.96321679349583,104.35579741580212,72.5293996988587,49.127580489882284,32.82848144575821,32.455436459493455,12.0,6
15459.436675271425,16.72275496158316,21.0,3405.1622632756444,1.0886645308567295,91.0,364.0,-8.2,0.00073751296,0.002197802197802198,0.004395604395604396,0.006593406593406593,0.008791208791208791,0.01098901098901099,0.013186813186813187,0.015384615384615385,0.017582417582417582,0.01978021978021978,0.02197802197802198,0.9871787257528528,0.21978021978021978,1.0214999999999996,0.28032613087570074,6.660662346075,4.611988307121288,0.2337812336687121,1.0627325656302347,0.6864865424108277,1.0627325656302342,0.6864865424108275,0.43780128446114014,0.31558398708573876,0.27283544781094504,0.32492507069553134,0.272835447810945,0.31558398708573876,0.4378012844611401,-7.1740866430288985,8.769707926480535,48.89417509415887,42.71213269322794,-5.950074620669742,-26.522312504161878,-49.907865800841094,8.0311053550414,24.416840488418934,4.655747053801027,21.654880587353503,39.96401989554485,26.95,0.8745889414232132,43.73626373626374,-2.789559168024558,4.0796092882790385,0.4856696450088238,-0.015616377134317167,7.516398e-05,1.09992483602,0.049999999999998934,0.00010793747499999998,6.593406593406593,-12.94,105.0,13.0,39.89,105.0,16.923076923076923,5.82896079088678,594.142994938074,0.883278267776487,0.017986514900246796,12.48821411257509,-0.42611817834402643,-863545.6467392608,0.5775409010539541,3.1240075866582244,102.0,43.73626373626374,0.0,1.1508177264858142,-0.0002611053485445287,14.112455336857286,0.1747035288323323,0.2554801790547586,1.4507053386580788,0.09078870351376335,0.04605122542080318,0.047510584098658236,0.054435803129914376,0.05322568294409389,0.04289713320399333,0.04144909541091724,0.036590625189665986,0.03748272744735208,0.036813593603369034,0.036870776394089456,0.03744441503923854,0.7392117190768369,0.0344019350943973,0.02726932094032877,0.02487796349625985,0.024123620887766782,0.022558673454885672,0.02193881040739596,0.5348240555558779,0.02329516360583467,0.02400589941040167,0.024058668994239942,0.023142227607163997,0.019679710544023687,0.019509253402800457,0.01048579924887985,0.36628381556553286,0.17999773871998978,0.154613262729784,5.11811914181231,220.494018834006,26.195143549785577,0.08077660833462895,0.23213010543546175,0.016735800038487663,0.14054547892335476,0.05572682692199902,0.020672790778112425,0.08458282072308482,0.12732814004508158,0.13185728256765938,3.607222517942065,8.85823927041657,1.7867756728984345,8.222029716675749,7.592513011297536,6.9756875456808265,6.383407620236822,5.7584575552029245,4.917865125613153,2.0639199652340734,3.6063179884051055,8.855197264098683,1.7866972934044325,8.220828402919823,7.592308499230229,6.975656913200938,6.382847216762755,5.757049674948646,4.916097136017142,13.005529433494246,78.41451858610081,3.1922872182587247,67.58201963025328,57.643148347483574,48.65978937068803,40.740738592536054,33.14362095982631,24.168011050755947,5.0,2
25055.262155230903,20.6237772971789,14.0,5518.780210403283,0.9454441678236558,91.0,364.0,-9.14,0.0007630385,0.002197802197802198,0.004395604395604396,0.006593406593406593,0.008791208791208791,0.01098901098901099,0.013186813186813187,0.015384615384615385,0.017582417582417582,0.01978021978021978,0.02197802197802198,0.9784620257743554,0.21978021978021978,-2.469999999999999,0.2931568842341324,8.840602488015,13.864673639673324,0.18428126626274324,0.7753335397962919,0.02324812863822656,0.775333539796292,0.023248128638226596,0.45538407964024463,0.3321266830273164,0.5102653938199792,0.5685792093597399,0.510265393819979,0.3321266830273164,0.4553840796402447,-23.993951668277646,-99.71023999216378,65.50240688211397,61.17452888318871,17.661385289880144,-11.649542647075227,102.87767035184363,99.55880852368242,71.43168310225299,74.728739293888,58.53613836522485,32.51501931631865,39.99,0.9353533076435858,42.1978021978022,-3.0082356768803638,4.821054630432403,0.7901456915645372,-0.06874432906808585,-1.05,2.38,0.129999999999999,4.830184500000002e-05,14.945054945054945,-37.21,94.0,13.0,77.2,94.0,3.0769230769230766,7.420681251157249,721.1994750824109,2.036261134787107,0.011882275919655988,16.525292365775115,-0.2715699865325661,-928868.664338637,0.6673746246301705,2.035178393321901,84.0,42.1978021978022,0.0,0.4762957058487354,-0.00017648495894664033,14.231223833416383,0.1559540159723296,0.1483035711292108,5.374326732930019,0.35392113626576654,0.3198359234126082,0.28102087835019,0.20954305978524945,0.10718412979034501,0.044864213075271726,0.03843707718225164,0.036453406847644226,0.01671231626166252,0.004484608933725648,0.002252407452126003,0.001740855188279211,2.347114001527325,0.0038406639098048944,0.014831657585302551,0.022241709281695294,0.018570930613682354,0.018115433205581233,0.02183640858945253,0.5279260254703402,0.01621280014442519,0.007623258607056065,0.0061521553978456335,0.009804402824048335,0.010665349767506637,0.011465592826721008,0.0059796549872712275,0.24266057773849278,0.34959407118477315,0.4116561531713727,6.7835852131170915,358.72614397029986,46.01702834362085,0.06922323239387033,0.4946614971878464,0.05239432469982374,0.5044680554055664,0.48930269759017914,0.4474087529663488,0.3765484711979962,0.275262444278287,0.15227023685361074,4.292856748821377,12.27607743009563,4.039445537111825,11.274659634293172,10.044416455415607,8.573415361877387,6.948153003746813,5.399579996311436,4.322732021731113,2.0260159831246924,4.292298592828577,12.266107250179381,4.039105728008601,11.263368139692284,10.032491455264482,8.56173325764382,6.937942159770023,5.392559199798974,4.320049294472009,18.423827209998183,150.45738707290317,16.31437508203189,126.86346185023523,100.65088479995485,73.30327637504426,48.13504141231432,29.079694723336548,18.6628259066681,10.0,2
14341.834388243022,14.629902307086002,23.0,3158.9943586438376,0.9538385742659375,91.0,364.0,-8.98,0.00084724058,0.002197802197802198,0.004395604395604396,0.006593406593406593,0.008791208791208791,0.01098901098901099,0.013186813186813187,0.015384615384615385,0.017582417582417582,0.01978021978021978,0.02197802197802198,0.9965152664820416,0.21978021978021978,1.5119999999999996,0.4341578542809052,6.25074630284,1.0392890662426666,0.2222705601080482,1.3993395752807685,0.5121005871757441,1.3993395752807685,0.5121005871757442,0.46495206019243795,0.6565060498468773,0.3583207055572203,0.23087513125313391,0.35832070555722023,0.6565060498468773,0.46495206019243795,11.572275809821974,-68.74765363093208,58.50360657088305,74.52515220181849,-27.71965614481539,79.87354472776698,-17.462031734663896,-64.35641314738285,-40.54342141671239,-9.372025272019007,39.36150538380474,98.95622147226419,20.96,0.7586342612358978,38.02197802197802,-2.355778763403857,4.1068057556644915,0.382518311966153,-0.02352232624385463,0.00033440046,0.0005802833699999999,0.0007016406775,4.9300387000000004e-05,5.054945054945055,-14.4,115.0,12.0,35.36,115.0,6.153846153846153,5.614313416527051,563.4891422250404,-0.3967307831366948,0.017161346744934983,10.696965856091532,-0.4278398910366377,-793865.070262004,0.4613885983890817,3.6367328018135794,94.0,38.02197802197802,0.0,1.231138749257286,-0.0002986513448873118,12.513513903248516,0.16600281590931276,0.08307871617139155,7.433757005776798,0.092654008778691,0.05804980840140637,0.08763862849967856,0.06130309508249731,0.05272480635614344,0.05150597061962848,0.045705253533275335,0.03433521101141593,0.02347785043395823,0.0191082253136137,0.013539333843641192,0.011033696633601849,1.0656428485710814,0.009376923559371895,0.009328119706456398,0.007191315527347205,0.006156396268675369,0.006499548110052874,0.005052214262017015,0.28792962954344586,0.0030743983350299603,0.003812954357736389,0.002951927454980503,0.002159062788962895,0.002999917530665659,0.0028478842971763605,0.0014539723791998937,0.22900021002424262,0.1326380931677041,0.1757995811320555,5.096157528657356,173.66331363263345,25.970821556891053,0.04895901848955829,0.048509824985943056,0.01834883465771536,0.08516941525392992,0.10838661492362955,0.11988580606959243,0.12264375443779132,0.11581360545574075,0.09080429401175938,2.4677266362826162,8.244790378797244,1.5796600514556045,7.0527090693049805,5.952755819567145,4.982621483890883,4.221846361955949,3.727527538074272,3.3006976284604965,2.004903884180228,2.467240921743812,8.244647669075219,1.5795534807126432,7.052194792187892,5.951768996617384,4.981179001525043,4.220064598256535,3.725727949796306,3.299448350060018,6.087277765927254,67.97421518718743,2.4949891984314267,49.73345138696203,35.4235541890959,24.812144245234027,17.808945213458088,13.881048755893385,10.886359414713773,6.0,2
22287.00407446093,18.543748812606424,18.0,4909.031734462759,0.8848514124978211,91.0,364.0,-9.26,0.00083886117,0.002197802197802198,0.004395604395604396,0.006593406593406593,0.008791208791208791,0.01098901098901099,0.013186813186813187,0.015384615384615385,0.017582417582417582,0.01978021978021978,0.02197802197802198,0.9897898427995202,0.21978021978021978,-0.5925000000000011,0.44741603580415373,8.70573379125,10.488025893294507,0.18145098154500988,1.056796054068155,0.30029366527462314,1.0567960540681551,0.30029366527462314,0.49072148461029086,0.6618680691260659,0.5800336252968274,0.1022837158875535,0.5800336252968274,0.6618680691260659,0.49072148461029086,-6.395403649390216,-62.17035542770353,99.67433333398934,4.140412739363969,15.946319965830401,184.22303660850616,105.22038372812847,-168.35410580708435,-57.85022609546483,-115.65058488119864,43.18426417864468,44.7792276789435,39.99,0.7523123114988819,41.75824175824176,-2.45254884542549,4.840966291288782,0.6862399336066868,-0.03394099528299562,0.00019240308,0.0007905439300000001,0.0009225907235,1.1055694e-05,6.593406593406593,-14.12,108.0,13.0,54.11,107.0,7.6923076923076925,6.998744640096305,683.7354071687713,1.6672315713864654,0.012886320023840948,12.924239850403465,-0.2784942109078685,-997527.2767823094,0.5475753845949762,2.749187485931903,95.0,41.75824175824176,0.0,0.922860002964757,-0.00025196590028624995,13.47716110791484,0.21982616227718166,0.2469963488122543,8.3124148886963,0.17339059951861613,0.09376413450097015,0.0961219460394595,0.1351929839556517,0.16271885807088393,0.16719657515318592,0.17229314125074613,0.19387859989002396,0.18847780569998035,0.15498112753831003,0.10484519643627885,0.05781261061457666,1.5288190198913199,0.03041935390487257,0.016732424140360143,0.006611721429854329,0.003850999261371903,0.0023495211892076437,0.002885083960135084,0.6240449893720893,0.004946035390954844,0.008676138669993875,0.010107055665179245,0.011279189967764456,0.01140083386646019,0.013998639867550611,0.007143342958803454,0.5008234548827348,0.48670876064777857,0.21171010801063805,6.554954667888929,311.5529298574358,42.967430698078864,0.12266322970278302,0.45000306641192533,0.03155904757656898,0.47605541714042154,0.4827554440080592,0.4658224974831804,0.4195302416217906,0.33864724832220877,0.22967313737603914,3.0811361504847614,11.954128546222897,2.827842930190813,10.986402133520068,10.00910675276807,8.995257624547294,7.916042908612148,6.661587346806299,5.017667633367928,2.0356487333990367,3.078693506977097,11.945655550862037,2.827666823433451,10.97608323033429,9.99745793537477,8.983188138562765,7.904918070881788,6.652974073324921,5.012408475864267,9.478353709902937,142.69868653984102,7.995699664346224,120.4744030792256,99.94916516958796,80.69766913281475,62.48772970735345,44.26206402033359,25.124238728915945,11.0,2
19780.880279995108,16.112354571401593,16.0,4357.022088104649,0.828627058975227,91.0,364.0,-9.07,0.00075702176,0.002197802197802198,0.004395604395604396,0.006593406593406593,0.008791208791208791,0.01098901098901099,0.013186813186813187,0.015384615384615385,0.017582417582417582,0.01978021978021978,0.02197802197802198,0.9950218092600596,0.21978021978021978,-2.045,0.43958603138748725,5.860707103415,10.18898401623748,0.10579138859263078,1.5528153116412438,0.32402724192004495,1.5528153116412438,0.32402724192004495,0.4671440835261321,0.2443748054219898,0.3296454415417874,0.3077977856901397,0.32964544154178715,0.2443748054219898,0.46714408352613224,29.84355463395008,-79.05386740903634,-6.93835958184203,57.17431744906645,4.638992273529984,-53.892088135736984,73.23437159586031,-24.887636734822355,-93.87125576563263,-22.252430558795126,-1.168999051278397,117.65151993282913,39.64,0.6730936661185132,36.043956043956044,-2.310196243152991,4.351088026191565,0.622308238835533,-0.038523117950528624,0.00024452215,0.00069992356,0.000737034168,-2.544332499999997e-05,6.373626373626373,-15.94,103.0,17.0,55.58,103.0,5.934065934065933,6.5935166757835235,646.4271292508876,1.313078667879439,0.013496699780030822,10.79101540219704,-0.2830728466010059,-1079669.4471363293,0.5490676414443711,3.6563642871314226,85.0,36.043956043956044,0.0,1.2080308142055298,-0.00029667999116716906,11.660746566775234,0.20112893536741883,0.21956160080936085,8.163591670822235,0.37092643410990306,0.1700035884695988,0.18714566006730415,0.20209584970143915,0.18372939636280228,0.14145715901459263,0.07827965980305325,0.03684211998852515,0.02570317609025522,0.013324534068503152,0.006145978977389434,0.003303674106557839,1.2831745307296285,0.00282128985415518,0.003028666256625577,0.0015826073422790302,0.002231092901088207,0.0018204949932748024,0.0032921802346175533,0.32548545555465935,0.003741525645544106,0.0036643726519698236,0.0036761794777172554,0.0032912921826780636,0.00261727658569075,0.002375247407531433,0.0011460238944826328,0.18745007413066625,0.3380721679454491,0.37443451721036597,6.1755530498860765,282.52794043133196,38.13745547195722,0.10018464072844624,0.39147798765010394,0.03331706776842537,0.4175177976813926,0.42588287957232734,0.41549218931871607,0.3829714426070292,0.31949777085813186,0.215675354119149,3.9868897014361506,12.028442317804126,2.307205573504199,10.894270609743296,9.66997838026256,8.385112758643137,7.155979906756641,6.122484589517104,5.218197200004616,2.032016484771118,3.985630756753534,12.02207010368541,2.3069650043735286,10.886267083207901,9.660595512059933,8.374812368989234,7.1457246868356386,6.114142517417394,5.213738213581652,15.88525252917975,144.5301695779265,5.322087531404154,118.51081100693585,93.32710564763251,70.13748221577507,51.06138130005229,37.382738723291105,27.183066159761598,16.0,2
29766.855706205286,32.682295699610606,26.0,6556.576146741252,2.110041856771561,91.0,364.0,-10.22,-2.41,0.002197802197802198,0.004395604395604396,0.006593406593406593,0.008791208791208791,0.01098901098901099,0.013186813186813187,0.015384615384615385,0.017582417582417582,0.01978021978021978,0.02197802197802198,0.9554305943267292,0.6593406593406593,-10.690000000000001,0.12352342262245952,6.074999999999999,-0.2926209440079348,0.3156763685421119,1.4206768599226536,0.9356052079010794,1.4206768599226536,0.9356052079010794,0.7449886256625247,0.45512228765820445,0.8628756606090328,0.5528844358082219,0.8628756606090328,0.45512228765820445,0.7449886256625247,3.4433452520913685,-5.508728444451321,43.56941358794163,8.742268940491636,-55.40478683197666,-110.24628969511873,108.16068353577204,-50.57056324089732,15.266544725622623,62.81260108699609,105.97593205123643,9.504056605660981,5.63,1.8465553191571085,37.582417582417584,-6.677889765433099,3.8356336053169167,0.43591525287629956,0.01969243476462555,-8.76,2.01,0.2599999999999998,0.010000000000000675,1.098901098901099,-13.57,62.0,6.0,19.2,66.0,1.5384615384615385,8.088365773922373,530.2635716006068,0.8791278909063787,0.005193140705673501,7.028611453029534,-2.1888073203299263,-887558.9427151058,0.3769434914170328,5.928884026243212,78.0,37.582417582417584,0.0,1.9591655427343344,-0.00037554298763022373,11.610026829146536,0.5828089462611055,0.059007920217030135,3.8905649032464593,0.05741586741534051,0.04108829997847998,0.020083892627432313,0.015503561943329585,0.0059106982405711835,0.005964728505201171,0.005004379100502018,0.003929676800871536,0.004639981593348124,0.004070483550601052,0.0036394317306683026,0.002964951171653811,0.45606700648019594,0.002420221459898692,0.003208941725755693,0.0020308778354908973,0.0017935912304593623,0.0018292924238793975,0.0023234968689826345,0.28456428479011364,0.0018677142142943422,0.001529019296421195,0.0015470100201827829,0.001764504169870916,0.0019641755223888456,0.0014358692586927415,0.0006839123758516348,0.09973472015361343,0.10606196859002189,0.09578791087657984,4.56371002293997,197.90552480584,20.827449173482744,0.03180686435197635,0.4830899932793028,0.014330610893581829,0.37640655730076555,0.2861963609083103,0.20972283713495865,0.1448334901250841,0.09131010604502612,0.05270477978740577,1.62004597851588,6.712113914669681,0.8212438051941393,5.72683694117997,4.793858936746694,3.9000862939489456,3.060010476145355,2.357933434786172,1.9498028985414724,2.028072207381268,1.6197337114123327,6.694706659884043,0.821118761910338,5.714453556945278,4.785308260543826,3.8944434046256835,3.056580994225003,2.3561647963197654,1.9490904415517225,2.62353729588557,44.819097261895756,0.6742360211611662,32.65497945448454,22.899175148428977,15.166689431832484,9.342687374257508,5.551512547416561,3.7989535493482887,7.0,6
24077.23601823032,27.137256289501128,21.0,5303.3559511520525,1.8103023615864173,91.0,364.0,-9.49,0.00024667695,0.002197802197802198,0.004395604395604396,0.006593406593406593,0.008791208791208791,0.01098901098901099,0.013186813186813187,0.015384615384615385,0.017582417582417582,0.01978021978021978,0.02197802197802198,0.9726760955850756,0.21978021978021978,-6.8015,0.23193237624400173,8.18,4.124759328650855,0.226763315275137,1.4521438553072201,0.9141433091112857,1.4521438553072201,0.9141433091112856,0.007301693902312796,0.4921695278052312,0.7166897735042596,0.725608344249719,0.7166897735042597,0.4921695278052312,0.007301693902312648,16.255695352141842,18.98413577790214,20.88925389200399,26.094057165178825,-217.89706356279507,0.08854858397807269,157.09691489266396,42.29611607594345,-63.052037499183264,64.99941156790396,35.765529893565216,-58.15618834061413,29.23,1.3603051352453024,42.637362637362635,-5.107020406726269,4.217897646847897,0.636031536658622,0.006696414050374432,-6.06,3.7700000000000005,0.33000000000000007,0.0002219164566,4.175824175824176,-13.16,68.0,6.0,42.39,68.0,1.5384615384615383,7.274407346160156,608.9458828327987,1.1975603484294188,0.005192994385187067,10.22722868665251,-1.0720401637842847,-943604.2336924326,0.44909748749360956,4.528573411748697,77.0,42.637362637362635,0.0,1.5026591236220515,-0.0003084974117191923,12.834008347711952,0.37989290567395473,0.04576502410497626,4.873549435333487,0.09459190246086305,0.07420961803969316,0.12913859638433312,0.12117799361160286,0.12375219517261062,0.09549311887147031,0.08044715685915374,0.05076770477975856,0.029814300943897254,0.017251357833671876,0.010955677802672753,0.007769213038692457,1.974984425874253,0.0043886479697272775,0.004118567981816681,0.002463395428641029,0.002387543484925218,0.0008545048694221831,0.0013784288127641944,0.5175432478952514,0.0014693080094492217,0.002043920581964881,0.00225131051420362,0.002962029958992314,0.0027534680525980273,0.003898158143678104,0.001787983988216472,0.09959785266231382,0.06387653551459921,0.08002433468279796,5.180284239609859,288.7583176430144,26.835344803150296,0.007436500769214104,0.1136960750709494,0.005766525848618569,0.1570342780849727,0.17944610939614944,0.17880192753112842,0.15420158035756215,0.10779245465778718,0.04561523487319063,2.9620165137328867,9.064890873739083,1.9458082967565777,8.190071297299019,7.234430689871356,6.194721829488237,5.101464943161644,4.031063589628984,3.2113588887217213,2.0297381889984036,2.9620071786007935,9.064177831183123,1.9457997520059382,8.188565691886923,7.232204815986279,6.192140858818479,5.099133891056644,4.029622122526052,3.2110349052166147,8.773486526082634,82.15931975531157,3.786136674906371,67.05260809034756,52.30478650037513,38.34260841544925,26.001166438922464,16.237854450351364,10.310745162519474,9.0,6
25718.41072698185,26.71196675337843,20.0,5664.848177749306,1.8056565628922965,91.0,364.0,-10.12,0.00054444634,0.002197802197802198,0.004395604395604396,0.006593406593406593,0.008791208791208791,0.01098901098901099,0.013186813186813187,0.015384615384615385,0.017582417582417582,0.01978021978021978,0.02197802197802198,0.9739157770864584,0.21978021978021978,-9.847999999999999,0.2338578619106488,9.71527156793,1.1294950992059674,0.21278001868142427,1.5379811133290597,0.6170026827581443,1.5379811133290597,0.6170026827581443,0.30094009939656696,0.39577952790528637,0.6075949413717248,0.7199534044411184,0.6075949413717248,0.39577952790528637,0.30094009939656696,23.630122540383535,-35.61141889991579,5.414273092547377,6.913107611884579,-122.35187789401233,-47.869483896201054,65.241989311465,72.64378020886735,-3.6534211279416047,14.318011962996103,82.56498227394147,10.52075899824486,20.99,1.0204648236542393,36.043956043956044,-5.041029118114476,4.781621517275022,0.5809198014024096,-0.001387330748590308,-5.96,4.65,0.2400000000000002,8.832537999999999e-05,3.2967032967032965,-15.29,67.0,10.0,36.28,68.0,2.6373626373626373,7.518243120552855,602.0397190417732,0.6491144072571441,0.011747933115710226,9.16564159416287,-0.9830790025778273,-1050565.4729837524,0.47371690475336664,4.9080805174424595,50.0,36.043956043956044,0.0,1.546609010525212,-0.0003307491263812394,11.533320417757972,0.34922062441755364,0.05363520550210479,8.08099121038475,0.16681928672664975,0.09155889269920942,0.14180951782526535,0.10760313891080038,0.09080009604287,0.07582698469623694,0.05255361272056916,0.03885393763614537,0.02407400737674821,0.01202082254538058,0.007925730118830344,0.006412179024024057,1.0889189571002,0.007080492338682534,0.0034169489573276685,0.0038923929118117994,0.0036121038218987437,0.00530123477711756,0.003043241856376537,0.3953574227830323,0.0028471887346952934,0.004870428113421622,0.005455071637217746,0.004878812136458892,0.004159221597873976,0.005837060101654041,0.003185571445760444,0.20949181152285068,0.15085876308151214,0.15173119304525357,5.577813644257247,263.737589836694,31.112005050062304,0.0050686771424711605,0.034331027186132325,0.003947776727647313,0.07777857489558575,0.10401890751330317,0.11290894416716866,0.10558634600340082,0.08290850904488807,0.04200307669938791,3.262793606658396,10.3201171598306,1.9709316095399374,9.14802782669925,7.923995077637809,6.644085475396465,5.3545129703660805,4.199736382355014,3.4894580423579002,2.0194571360158533,3.2627896696175385,10.32006005666645,1.9709276558368642,9.147697175319646,7.923312316027178,6.643126024297698,5.353471833619397,4.198917939232004,3.489205234852776,10.645796428162926,106.50363957320236,3.884555824542597,83.68036361135101,62.778878057307956,44.13112337470133,28.659660673356235,17.63091186040434,12.174553170924016,12.0,6
27474.97581390972,29.404376581241266,20.0,6051.756787204784,2.0619991723861744,91.0,364.0,-10.34,-0.12,0.002197802197802198,0.004395604395604396,0.006593406593406593,0.008791208791208791,0.01098901098901099,0.013186813186813187,0.015384615384615385,0.017582417582417582,0.01978021978021978,0.02197802197802198,0.9719903778124334,0.6593406593406593,-10.909500000000001,0.20242012870401707,8.415,4.238585773609767,0.26343203306228546,1.2093193713570405,0.8264880455154178,1.2093193713570405,0.8264880455154178,0.09565210359760679,0.28328070569853014,0.9387180605062524,0.5377859017666071,0.9387180605062524,0.28328070569853014,0.09565210359760679,2.3390051657992625,3.0158966445375484,52.82337285186849,-94.12513740082997,-193.90547147131642,-71.32644754473762,204.85758048423344,-3.6066695754258182,161.8660520672187,83.08679707831291,-4.8441959487845265,68.23182246960707,27.57,1.1675755774551146,42.857142857142854,-5.526815324555083,4.3658335106301,0.7602510091142411,-0.02717880782792949,-6.81,3.580000000000001,0.22000000000000064,0.0005730012786500001,7.252747252747253,-17.7,67.0,6.0,45.269999999999996,63.0,1.5384615384615383,7.770750428907945,680.6190605501268,1.4240611925072104,0.007874332331407408,11.940893590783809,-1.0034249337534078,-963827.5026902031,0.5085347896721344,3.451574836320857,56.0,42.857142857142854,0.0,1.1930666259389575,-0.0002725776245035557,13.573195544167199,0.41333011000621167,0.1345485108755777,5.1500012164572535,0.15918778240506623,0.4015738886140782,0.39497200601657423,0.4153125894444225,0.3633524394323346,0.25137380310845125,0.16085861186808947,0.08547412416199393,0.03194778411410305,0.012732455312003227,0.007919889841162486,0.008433448583180164,1.6094380912923332,0.00482655502119402,0.0017798728914312394,0.0036333831657095095,0.014172218321840221,0.031834414051065574,0.04746030011399024,0.19886417888653132,0.05973681646702157,0.060688606873348115,0.050605175091926635,0.037568876940917525,0.025901322180343814,0.018646571058653454,0.008007601349779032,0.14779402522641638,0.06573748112510586,0.1595784980370234,5.462497102666153,345.15395813786546,29.83887459663611,0.07199521369581846,0.24049026207875598,0.025934174835474607,0.15868612664891982,0.08651416225231837,0.026681058344607798,0.018485926834323037,0.050078517141020226,0.07169089868625678,4.018696378637152,9.053742473699913,2.6412623629966494,8.16769695054557,7.226869585181716,6.210274048828052,5.113434858089702,4.014167362965562,3.454731154194571,2.070155871162061,4.018051427355835,9.050547895786373,2.64113503796346,8.166155288087568,7.226351728289617,6.210216733953235,5.113401443113569,4.01385497496096,3.453987226787052,16.14473727287626,81.91241721392313,6.975594288758248,66.68609218916056,52.220159300954336,38.56679188267278,26.146874318435927,16.111031760018854,11.93002776280811,12.0,6
23102.290018149957,26.367471381066764,26.0,5088.610136156378,1.8952413015669114,91.0,364.0,-10.14,0.0004830057,0.002197802197802198,0.004395604395604396,0.006593406593406593,0.008791208791208791,0.01098901098901099,0.013186813186813187,0.015384615384615385,0.017582417582417582,0.01978021978021978,0.02197802197802198,0.9666363896751966,0.6593406593406593,-10.455499999999999,0.2571709133588692,9.8000549251205,0.17723655884584533,0.3413348875492117,1.6262542386527028,0.5984647061576489,1.6262542386527028,0.5984647061576489,0.5335157957527584,0.48464989048715723,0.7050336678803425,0.47788950126076696,0.7050336678803425,0.48464989048715723,0.5335157957527585,23.48742362974319,-49.79386063923818,56.20099677403243,2.6612282252336312,-59.86121696935978,-49.78864688327753,55.49459070461308,-30.790571565792337,36.01315268173871,26.3949272678143,50.35612461897007,-8.499478220256915,16.23,1.9207242867931082,35.604395604395606,-5.0870601714781625,4.325237092317734,0.49941989322305724,-0.02836791246361233,-5.79,4.36,0.2600000000000001,0.0003052604695,3.0769230769230766,-11.86,67.0,6.0,28.09,66.0,1.098901098901099,7.125606204117216,559.8986106153409,0.6326761337049717,0.009912844959441681,8.751092492113218,-1.3208051842377606,-879930.3044411619,0.32753620737859507,4.764346350894616,59.0,35.604395604395606,0.0,1.5548127655581592,-0.000339438407173627,11.475893330464867,0.5292136384135396,0.09114088512614232,3.1741750710165118,0.08085860450794821,0.03550275922741999,0.02934157065261847,0.020074911583670398,0.018973183419711184,0.012183387577569406,0.012913982149483458,0.010898192114023713,0.009618461982941954,0.008244332629132546,0.006601566580315171,0.005883301800080712,0.8008554883625674,0.003919062234532251,0.0036455800905560195,0.0036275688744749858,0.003670305951230849,0.003424915160494452,0.0031894705211431085,0.3452605408151539,0.003296246245675522,0.003902760653917304,0.003953777221581295,0.003256993842295928,0.0025752950892974176,0.0019497572141683839,0.0007281351542145914,0.26452363671965096,0.1883543418152919,0.2142134256086824,4.989597437460693,226.736631523268,24.896082587914318,0.038667062116922925,0.20981633702412245,0.023395954407164715,0.13796676833488764,0.07783514424052493,0.032105755026166624,0.002354666285483602,0.014427400401175421,0.026359789004412684,2.5027752630600197,7.105569694897575,1.3737786982987998,6.3053231589460985,5.555607708976488,4.8314178303140745,4.120148380943977,3.4562288546072724,2.957092203158803,2.055860815236867,2.5024765484800047,7.102471245542962,1.3735794630151261,6.303813552888223,5.55506243946547,4.831311154497396,4.1201477080976066,3.4561987421931577,2.9569747140457974,6.262388875692398,50.445097793764596,1.8867205412169223,39.73806530957724,30.85871870636005,23.34156747157096,16.975617136541963,11.945309745537564,8.743699459506226,12.0,6
21950.64796626087,22.663001305640528,42.0,4834.944485960544,1.2007009237347903,91.0,364.0,-8.87,0.00063632682,0.002197802197802198,0.004395604395604396,0.006593406593406593,0.008791208791208791,0.01098901098901099,0.013186813186813187,0.015384615384615385,0.017582417582417582,0.01978021978021978,0.02197802197802198,0.9452517243130688,0.21978021978021978,-9.197,0.10899017829728005,8.740514052145,8.20535083167029,0.2666070519809603,1.4192885111002025,0.4465085458262412,1.4192885111002025,0.4465085458262412,0.2802807241119334,0.31452770240970457,0.5704853968098349,0.7398111820562453,0.5704853968098349,0.31452770240970457,0.2802807241119333,15.667432514186542,-44.75053051046942,20.255400190826006,-2.8393856840056237,-88.63173657099324,-17.71224894188812,102.16599971505563,103.93046798881093,-21.86942458031613,-37.87368758496656,39.89652949326623,1.765481707255474,34.75,1.5028625178596966,39.34065934065934,-4.106930649075872,4.7583723673525915,0.5019798520240487,-0.015746939414735685,-7.59,2.1899999999999995,0.040000000000000924,9.675789999999992e-06,5.934065934065934,-11.51,107.0,16.0,46.26,108.0,7.252747252747253,6.9457312317300675,619.9117276292257,1.8431062609549471,0.01962676633399948,11.197044047246944,-0.6873906249631949,-965216.6261324567,0.46813363095647503,3.7501903672304873,98.0,39.34065934065934,0.0,1.2257768642467775,-0.0002881693059693305,12.489471440633675,0.24324160350391477,0.04004171217243219,4.308625478616717,0.2487556443667736,0.27352663722696474,0.24132084250027233,0.231390338947228,0.21189499735949033,0.15978855131714123,0.10796786856617911,0.06487688738904968,0.038254068584762796,0.015419607236019255,0.01057282250277471,0.009172710009390352,1.7434604291051028,0.0092412635175501,0.008696624934830584,0.0081390435237942,0.0062873218729777615,0.0042312147586647175,0.0035086720549153965,0.7378999316912872,0.0031729461668399957,0.003456778776376499,0.005631330065980528,0.007525440647666585,0.008934842069245974,0.007501231921367305,0.004811493116595797,0.2798305451832007,0.37489993457996523,0.36063236238731244,5.601455434716205,227.8988528189181,31.376302987111707,0.05333964695257454,0.3535772313585651,0.015051617841083994,0.3693858681983538,0.36144925702859193,0.32774177465591914,0.26803188135757333,0.18695867771853822,0.10400522294280645,3.3997531074855947,9.679632752662807,2.3659350146381937,9.132879998502162,8.41460983437821,7.481564440835669,6.346228793641637,5.113331500985954,3.9822536882662063,2.0610547097833467,3.3993346516518392,9.673172869740691,2.3658871364229097,9.125406903114852,8.406843230333724,7.474382369903358,6.340566127075887,5.109912473986321,3.9808952951955945,11.55547607392093,93.57027336788735,5.597421942291396,83.2730511474162,70.67501309940798,55.86639181152214,40.20277881182211,26.111205491800998,15.84752735131042,8.0,1
20101.511372969504,22.075322399467932,77.0,4427.64567686553,1.2665716315269533,91.0,364.0,-9.04,0.00063919762,0.002197802197802198,0.004395604395604396,0.006593406593406593,0.008791208791208791,0.01098901098901099,0.013186813186813187,0.015384615384615385,0.017582417582417582,0.01978021978021978,0.02197802197802198,0.9321575635978129,0.21978021978021978,-8.512,0.07322179395483495,8.940535507625,1.2683845176622297,0.4448411578878648,1.6192764137689484,0.7636657854519102,1.6192764137689484,0.76366578545191,0.4960430031791437,0.5669618334393768,0.7538186879424711,0.3462136800637027,0.753818687942471,0.5669618334393768,0.4960430031791437,17.104100643774068,-29.080455490519167,71.40650673600962,32.477307344957005,-86.04455623223552,19.78790240271337,100.28975448926744,-87.62522386561633,-33.57501325445458,-28.949340445202967,61.108186677433935,0.9003658915110638,23.75,2.0275430421659992,38.46153846153846,-4.452049223603959,4.603377725068438,0.2809473221917604,-0.018302364258127757,-8.01,1.8900000000000006,0.02999999999999936,1.825153500000003e-05,3.5164835164835164,-10.21,99.0,14.0,33.96,101.0,1.7582417582417582,6.646739492010971,532.1202023928031,0.7468553867256262,0.022700124334611552,9.320818728462157,-1.1316077082927278,-799408.08432052,0.30595694503313187,4.4627160197961295,100.0,38.46153846153846,0.0,1.4914267489311162,-0.00032749648951429714,12.08405708874242,0.23107699293123152,0.08194066879640192,2.368415979921448,0.04181223159558048,0.09155208534310037,0.09071739044003517,0.09029841732485916,0.06838536598272174,0.05516324639863674,0.03774982615359656,0.029818653969067327,0.017664215906411065,0.011007342989547525,0.007167913048443647,0.005573938554091891,0.4280123870995077,0.004277624912045068,0.0029014577152814353,0.0023733960397637178,0.0015686204559410997,0.0016962116630765184,0.0012270307516223692,0.12889442913232266,0.0016132656085197236,0.00226165868012309,0.0025893681707009762,0.003098711233561397,0.0031573798093745362,0.003938109408064193,0.0017139875143399894,0.06237501273896105,0.08202428102660975,0.08356098335466751,4.935423344077551,127.55008427505922,24.35840358526563,0.05601606167679301,0.07510610042604784,0.015600394426894282,0.11807417497722568,0.14828128208267316,0.16522398759312734,0.16780408631874832,0.15186236275727966,0.11120100312640187,2.121159664366858,6.260394366376173,1.282038448074699,5.723022813837541,5.119351804238012,4.463655597098873,3.8284603770784695,3.2998628351132404,2.8022593259053963,2.040234718836281,2.1204198929860905,6.2599438253256965,1.2819435284112586,5.72180466434397,5.117203880728119,4.46059663312386,3.824781124126523,3.2963665684112513,2.800052082824076,4.4961805225711435,39.18689669623332,1.6433792100355074,32.73904861690841,26.18577555693892,19.896922323435916,14.62895064747455,10.866032553339368,7.840291666527447,4.0,1
21396.804963104005,23.90810492335519,81.0,4712.952635044935,1.412972230820522,91.0,364.0,-9.09,0.00059912555,0.002197802197802198,0.004395604395604396,0.006593406593406593,0.008791208791208791,0.01098901098901099,0.013186813186813187,0.015384615384615385,0.017582417582417582,0.01978021978021978,0.02197802197802198,0.9446880282171238,0.21978021978021978,-9.837499999999999,0.04976176373150671,8.970434446865001,-0.7317048082351416,0.46394663923276447,1.1875733237789237,0.7118744057246313,1.1875733237789237,0.7118744057246312,0.5154009783176751,0.672523927727478,0.6566602538187947,0.5850957166532056,0.6566602538187947,0.672523927727478,0.5154009783176751,-14.065514946588749,-29.255466614730388,52.337933779581185,65.002723836841,-58.40339537994136,10.695660495687651,11.711900285645557,22.351238339006883,67.88507019199673,67.43353666119293,55.701753512533344,53.61449611572747,13.0,1.8938132030613843,43.956043956043956,-4.880657224403639,4.52624078628333,0.4212838775219559,-0.015152745649096924,-8.16,1.4800000000000004,0.0649999999999995,9.89216425e-05,5.934065934065934,-17.45,103.0,14.0,30.45,104.0,19.12087912087912,6.857546571030703,579.2783359897414,0.5163009872043444,0.024220491318797537,12.395344291239589,-1.0913733387081677,-733792.6962602604,0.34662863926732373,2.9274889981085983,90.0,43.956043956043956,0.0,1.0653906076356952,-0.0002630519742897857,14.555612478854632,0.11924129976948705,0.06206049650113454,1.1409029000690076,0.07508057310397719,0.05743083241352835,0.07150809718501287,0.10004332456916823,0.06681261231129029,0.06988415319687652,0.0562449507116404,0.03755234452163293,0.0331520526218726,0.02052456583811532,0.018765346472791263,0.01320382828093255,0.4871627913989238,0.01512130311356761,0.011622419307519847,0.012577997381589675,0.010261480879159205,0.011505262943720672,0.00950606201369447,0.3324715119482538,0.009848574584047613,0.010199729260573127,0.010172886181151728,0.010227419845522686,0.009904245072039526,0.011591480948379666,0.004805996539330614,0.2236081706410993,0.09894227771310364,0.07796373666221225,4.817170334515016,191.26288039496797,23.205130031731507,0.037033383270851365,0.08728776988578875,0.012460491083300634,0.038184964533989715,0.0004780229756291925,0.025677587374060208,0.04157499999658605,0.050249264581282066,0.05187106281203989,2.46034206134882,5.00571070160895,1.6100517985495781,4.631369874773307,4.268150018487277,3.8931932042317916,3.499851430706503,3.113648257006334,2.7748636335783288,2.098130059617574,2.4600633299502013,5.004949597491541,1.6100035807956126,4.6312124573853515,4.268149991718542,3.8931085249429223,3.4996044857088693,3.1132427595302654,2.774378773310932,6.051911587365674,25.049520473430736,2.5921115301746944,21.448128825441263,18.217104351806988,15.156293986983256,12.24723155639364,9.692280479767621,7.697177577798272,6.0,1
19494.661860817105,22.705747750443493,78.0,4293.978383439891,1.3864671655684135,91.0,364.0,-8.65,0.00051781935,0.002197802197802198,0.004395604395604396,0.006593406593406593,0.008791208791208791,0.01098901098901099,0.013186813186813187,0.015384615384615385,0.017582417582417582,0.01978021978021978,0.02197802197802198,0.930507494864002,0.21978021978021978,-8.3275,0.05920348748304048,8.550424850390002,0.7377455452073431,0.4124590208360169,1.3051963089638474,0.7642122877188956,1.3051963089638474,0.7642122877188956,0.4777878728133903,0.7102892556566919,0.6555526846674915,0.4672151109412357,0.6555526846674915,0.7102892556566919,0.4777878728133903,-2.6200121513657892,-23.508031993573077,24.290214687894892,4.57329655985221,-68.49413503892256,41.25860318251532,40.2184975526924,-23.6250117957486,23.122239421373983,49.22781113976462,45.927053461265764,49.6236728076955,20.41,1.9606803832492623,42.1978021978022,-4.615274308513013,4.327797600418153,0.3329759506498846,-0.010592887302951538,-7.63,1.5300000000000002,0.04499999999999993,4.8259379999999986e-05,3.7362637362637363,-9.84,106.0,16.0,30.25,106.0,5.274725274725275,6.545640586154613,550.4237452465545,0.8016334220448464,0.021580078087410106,10.5685361380523,-1.170728209820019,-746835.8957815479,0.32545018661273084,3.6764242604667587,92.0,42.1978021978022,0.0,1.3170117024907968,-0.0003013433345131784,13.543646065045992,0.12286818970712443,0.07060553243582113,1.1005657090960483,0.05760475008424659,0.07144828381469324,0.08806917300302158,0.08304503130048739,0.07248500521278714,0.05261610174390116,0.036280825125015986,0.027338666066037055,0.02126666037941203,0.016049632017108684,0.015228504036337378,0.010081720913590324,0.5134570529263043,0.008640915229389402,0.007469374256350878,0.00553826638041645,0.005278218360381264,0.004948173549533446,0.005087625211001833,0.265515053195484,0.004900290145497789,0.005232647036033186,0.0048829220586853505,0.00583282906421499,0.005940692005066581,0.005809689380253654,0.003331943294292996,0.10071044063369282,0.08944881405384754,0.052364236013320915,4.641621886829457,151.1710815950476,21.544653740294248,0.04664087761543106,0.015714895353598327,0.01136171434317672,0.0617547713095523,0.09681601756153194,0.1191288983602707,0.126773875450963,0.11780549412059318,0.08937062487904221,2.002747256485183,5.422998763698033,1.2863947045583748,5.065152372094804,4.686473864436228,4.247838287363826,3.7165835697972636,3.099198200218746,2.501998220581995,2.075142551564321,2.002204085974802,5.422975994150668,1.286344529029067,5.064775898374787,4.685473715729004,4.246167498011532,3.714420791427665,3.096958402980918,2.5004015651899194,4.008821201894192,29.408668633134425,1.6546822473630123,25.651954900758128,21.953663940787358,18.029938421169515,13.79692181579012,9.591151349794117,6.252007987204198,4.0,1
21140.44465983363,23.43865832806052,63.0,4656.48560789287,1.3377214684212995,91.0,364.0,-8.73,0.00053210327,0.002197802197802198,0.004395604395604396,0.006593406593406593,0.008791208791208791,0.01098901098901099,0.013186813186813187,0.015384615384615385,0.017582417582417582,0.01978021978021978,0.02197802197802198,0.9351034584877531,0.21978021978021978,-8.251,0.060041397270166455,8.640449158375,6.4013978684938575,0.4167862419513631,1.6293755871363071,0.8873129347019819,1.6293755871363071,0.8873129347019819,0.0699323582366366,0.33137421272534734,0.5084498247788863,0.9681498817252856,0.5084498247788862,0.33137421272534734,0.0699323582366366,24.372063327733404,27.232341978391823,21.419865436417943,-30.72247635455582,-167.80371290217542,-79.39445264341869,-29.18739895004991,176.1864574011872,27.14988890327801,-85.72461929005793,4.092673768892585,101.22981592546235,27.07,1.675122873868193,41.97802197802198,-4.623404441692315,4.399814606380382,0.37343697383747654,-0.004602880070726886,-7.8,1.2299999999999995,0.040000000000000036,0.00013248612000000003,5.934065934065934,-10.11,106.0,13.0,37.18,108.0,7.6923076923076925,6.816341814778517,571.6617812165091,1.6526094815774184,0.021145304739605797,10.280587036020135,-0.9374955494083109,-913355.0344724373,0.4323987920035243,4.902185738115255,88.0,41.97802197802198,0.0,1.5602221231262183,-0.0003073789780330953,12.367633474207734,0.1355611973205294,0.0375930496220518,1.4879887168666246,0.18059474275752344,0.20548230834613096,0.21712198716839226,0.17878622165956087,0.15160153459574272,0.09490496296739391,0.05370759601628665,0.026517834371774116,0.012670678839422312,0.005410355081446232,0.0031875122317591483,0.0032160161806935265,0.7119232826229994,0.0031955330767197867,0.0034090314911745597,0.003595325171980507,0.002710690996932982,0.0022469224506444277,0.0019018521850321518,0.3837153760462353,0.0015213955575687113,0.001530086246179921,0.0019648368645145448,0.002739655397640931,0.00377799913326679,0.0044023995547635975,0.00220881663509193,0.2834163766826396,0.14409858601101144,0.13205525789779296,5.0086572157054094,169.54038612221436,25.086647104437862,0.01357559289797001,0.12903054614227916,0.0020892715767471927,0.16401127626363088,0.18247974514398074,0.1810910486456502,0.1560431608811059,0.10475094690863881,0.03408564303075005,3.7718548891238917,6.597705365789905,2.0430206197282015,6.106093829003791,5.590030268092184,5.092239322358193,4.655409066160922,4.2779508022342085,3.989059432229876,2.0913173878498696,3.77183045852876,6.596443527533237,2.0430195514431286,6.103890738689263,5.587051059440835,5.0890183088952865,4.652793150918654,4.276668131321164,3.9889138023779505,14.226705007885275,43.513067211935144,4.173928887578883,37.257482149856564,31.21513954079896,25.898107348271445,21.64848410523554,18.289890305458055,15.91143332280132,6.0,1
33381.43609999999,38.439800000000005,2.0,7352.739229074888,2.2458490609395927,91.0,364.0,-8.89,-7.98,0.002197802197802198,0.004395604395604396,0.006593406593406593,0.008791208791208791,0.01098901098901099,0.013186813186813187,0.015384615384615385,0.017582417582417582,0.01978021978021978,0.02197802197802198,0.8360670327973498,0.21978021978021978,-8.75,0.006686620540751724,0.7550000000000008,89.80515946745584,0.6223051425560948,1.3753494204235772,0.8093327505861294,1.3753494204235772,0.8093327505861294,0.7641426555186493,0.40606867659575674,1.0177868328553936,0.6459625516271499,1.0177868328553936,0.40606867659575674,0.7641426555186493,-8.010256251697706,-35.66407036853469,96.70528602356629,49.54833605573222,-48.20074099816737,-132.5013934348136,161.0067593224345,-15.404384120448922,54.55704400262905,39.71927688721461,141.93106978457362,14.690751640400801,18.37,0.09014553488991162,41.53846153846154,-8.284681318681319,0.7219999516966549,0.3211453744493392,0.03995594713656385,-8.4,0.370000000000001,0.11000000000000121,0.009999999999999787,6.813186813186813,-17.79,79.0,13.0,36.16,81.0,10.54945054945055,8.565383448881526,530.8361677659335,8.36516496384019,-0.0023243618194928217,12.3221871032506,-2.4963778388579914,-732680.962139624,0.8804906814647478,2.7539068139039826,72.0,41.53846153846154,0.0,0.9936947894705701,-0.00026458540747122247,14.03512799802915,0.6427878423804025,0.03679256619548357,0.1542150286354516,0.021573686142298192,0.02148539759075121,0.015811798145406352,0.013900034104912194,0.01110322511189662,0.008783464807670328,0.007470555213178083,0.00591805389674085,0.004944541335473385,0.004176812911606876,0.0034267676468331116,0.00295607700216879,0.056560274661042596,0.0027590412937658635,0.002473046837652944,0.0024480723338558288,0.0025371020368676945,0.0024058075165467336,0.0026654110674105063,0.06041259646736088,0.0027873787570957815,0.0030632734661536496,0.0031819704520636236,0.0032094316773739664,0.003939926966852526,0.0037585423136149505,0.0017965166143167233,0.03477711455300791,0.029516970578221013,0.032107681007741834,2.1748216189532403,145.8,4.729849074266393,0.011133637905144388,0.7052522046164895,0.0250982131610439,0.5558499071275798,0.41496380170714575,0.28376285836854837,0.16705257191649395,0.0733362424443509,0.016385930544911515,2.4762226105810994,3.8289686302674557,1.616152614809395,3.562104201226317,3.328313038234546,3.1052948992912266,2.872722436662222,2.644265027578871,2.503853504122041,2.099409500316997,2.4761975808202528,3.763458528993752,1.6159577203786515,3.5184680219010716,3.3023435199498596,3.092302548550937,2.8678611605722164,2.6432478755540187,2.503799886449474,6.131554459260072,14.163620099455814,2.6113193540513677,12.379617221140439,10.905472723754828,9.56233505177462,8.224627636318619,6.986759331620833,6.269013871384399,3.0,5
32068.978801781683,37.09457249833632,3.0,7063.651718454115,2.209942397265084,91.0,364.0,-8.87,-7.69,0.002197802197802198,0.004395604395604396,0.006593406593406593,0.008791208791208791,0.01098901098901099,0.013186813186813187,0.015384615384615385,0.017582417582417582,0.01978021978021978,0.02197802197802198,0.8690002426447926,0.21978021978021978,-7.590999999999999,0.040314690249377415,0.8850000000000016,23.937796269096562,0.4839063419770562,1.880722173238528,0.835528447844434,1.880722173238528,0.835528447844434,0.05037537939603072,0.6453648101442144,0.6663725103836613,1.0397922910891824,0.6663725103836613,0.6453648101442144,0.05037537939603083,35.085404640503526,-20.393083674055614,53.18961134337221,-13.7117384642085,-210.51106071116257,-18.856447555772135,-73.71863020443111,143.43474948187674,97.75560486480124,15.71438491135285,-19.931187160966864,82.99014774744302,22.4,0.15905169405216277,37.582417582417584,-7.604697486299269,1.5782116049409822,0.530772927914922,0.0015215590317180594,-8.28,0.4399999999999995,0.129999999999999,0.015000000000000124,5.714285714285714,-23.74,74.0,11.0,46.14,74.0,6.373626373626373,8.39531250709751,609.8780609979772,4.1949708724930925,-0.0012227632224012727,9.778416604669799,-1.8497100337284036,-981969.9276719943,0.7085526535829585,5.2121094647642,63.0,37.582417582417584,0.0,1.5385568996596928,-0.0003179048719792238,11.649717186882617,0.4023189712087979,0.048920538381503204,1.010529035345213,0.23417364975345056,0.3735339680100475,0.501919673898531,0.44808810408444155,0.2712360005293258,0.15493600286246895,0.07198272480440743,0.023910514505061105,0.01006297038878646,0.008152508238487441,0.011173677553800393,0.010220064429901084,0.24852930049534963,0.005432201818001649,0.0035596591557832246,0.0025510592956657484,0.001180128197992953,0.0004844601228378286,0.0008282088305066677,0.10362595155478949,0.0014616495203739392,0.0023945788190808475,0.006450543273561601,0.009765454217983154,0.013273131697287973,0.016797104629325668,0.009359282348841322,0.1256152111716352,0.15687761891270408,0.1325200998901855,3.5566625133264274,240.97090927337462,12.64984823370146,0.02618200109421833,0.004068335614571066,0.000826205052492076,0.07248879677046584,0.11387180665688718,0.12907811477251882,0.12330671716745203,0.10405294322530864,0.07325896018397102,4.043870705157768,5.902520009023793,2.3292000557304973,5.3534293758967175,4.796163363997598,4.245921130052678,3.751188651499506,3.4315639726328016,3.5285018248482807,2.110237264453162,4.043785946715266,5.902518606965301,2.329199909196324,5.352938581476224,4.794811385842143,4.243958657069434,3.749161473268399,3.42998604709663,3.527741239477523,16.35220478285188,34.83972590557159,5.4251722170001635,28.65395145705669,22.990216225801458,18.01118508291459,14.056211752640072,11.764804283277567,12.44495825271041,7.0,5
30357.627399999998,36.15325,3.0,6686.702070484581,2.2384560180747197,91.0,364.0,-8.68,-7.15,0.002197802197802198,0.004395604395604396,0.006593406593406593,0.008791208791208791,0.01098901098901099,0.013186813186813187,0.015384615384615385,0.017582417582417582,0.01978021978021978,0.02197802197802198,0.882544773161126,0.21978021978021978,-6.380999999999999,0.0438050159639614,1.2000000000000002,31.719462684405492,0.46490197590624455,1.5676225590882145,0.927846148383306,1.5676225590882145,0.9278461483833059,0.10583708653058643,0.5114992527079849,0.8946308670270826,0.7019110232801995,0.8946308670270826,0.5114992527079849,0.1058370865305865,10.55558874904466,-8.983249560713626,61.12093336732341,11.625477959513482,-203.19883275397837,-20.367361471595363,183.1457944417442,11.923300786709543,5.889448025805835,72.60120831799723,30.763275698782284,20.10848283261532,25.3,0.16068052475455366,42.417582417582416,-7.381098901098901,1.4490481825866441,0.5672907488986785,-0.013986784140969166,-7.93,0.620000000000001,0.17999999999999972,0.009999999999999787,6.373626373626373,-23.44,63.0,9.0,48.74,68.0,9.010989010989011,8.168234828883179,615.8837043313447,4.818004338194169,-0.0017752157418282986,11.258611082594548,-1.6884948524891377,-922377.5190642553,0.7290823524816786,3.797799659668718,68.0,42.417582417582416,0.0,1.267276582314668,-0.0002868788116586563,13.150425691559244,0.41489354490488517,0.014947990248427894,0.8831870561190663,0.12180196115521609,0.11805646222544239,0.14333304174843076,0.16261624791308424,0.16235662364352532,0.15123917338364332,0.1372335620460044,0.0972006152915169,0.058413305486389,0.031473855165946904,0.014955264235816699,0.00516842689428865,0.49637090271203504,0.0013127944652795017,0.001137794994018566,0.0026555636160788096,0.0036003025332806394,0.0034081706537307057,0.005003186294411297,0.2118022786253416,0.005322792218977686,0.005713163954646087,0.008006127810099217,0.009924046189556435,0.008697884629536773,0.008614960223009468,0.005249283731757639,0.10154364391562459,0.030948685903763654,0.11774399061145342,3.498490993553766,257.55,12.239439231976815,0.09408903566323513,0.1446597308456839,0.03795921553187969,0.054017803150510205,0.01597020106579794,0.06477500351220601,0.09250388953740617,0.10274168824472556,0.10281824171438131,3.3387287498078133,5.488329911203889,2.3527793139041746,5.088370226529944,4.704073303385499,4.36271107622813,4.034880439573409,3.6342707877294815,3.2394185021280872,2.1122778919383705,3.3374027204041776,5.486423131375026,2.352473081225714,5.088083493731131,4.704046194108013,4.362230178883687,4.033819925588221,3.6328182316268576,3.237786379781801,11.138256918161204,30.100838776486945,5.534129597891604,25.888593639179188,22.12805059630208,19.029052133563603,16.271703192072554,13.197368304040488,10.48326064110054,6.0,5
27155.9755043174,33.60836718637832,11.0,5981.492401832026,2.123246072494663,91.0,364.0,-8.35,-6.82,0.002197802197802198,0.004395604395604396,0.006593406593406593,0.008791208791208791,0.01098901098901099,0.013186813186813187,0.015384615384615385,0.017582417582417582,0.01978021978021978,0.02197802197802198,0.8970225458609763,0.21978021978021978,-9.0575,0.05931784047492235,1.125,24.499080458998616,0.34076367642392613,1.5321250502156638,0.8756709126423445,1.5321250502156638,0.8756709126423445,0.4441686303809719,0.5141246691333576,0.6518537047680273,0.7220562161560624,0.6518537047680273,0.5141246691333576,0.4441686303809719,17.37082051278879,-1.1553811686908215,-45.77094055550298,-12.506776132690677,-81.16639833567709,-101.40048248700064,-6.80147928940052,58.21739707452227,103.81561671269431,97.02617389299944,-7.820525869929807,-0.4307581065688934,23.86,0.27814308484597905,38.24175824175824,-6.752841745907786,1.8614691758502622,0.4022568087946159,-0.011232215973017608,-7.62,0.5600000000000005,0.14000000000000057,0.00011880796599999998,3.0769230769230766,-10.79,79.0,11.0,34.65,74.0,5.054945054945055,7.7255072744028555,551.2440931136778,4.4414911172590195,-0.002666273086871462,8.766100191480973,-1.7771684514785335,-942858.748999282,0.5882219282876481,5.131180034928291,69.0,38.24175824175824,0.0,1.6719702568919939,-0.0003391238337896554,11.92823606201635,0.2820835240194566,0.0198030885721528,2.5526960910755805,0.14983728304494698,0.21612506019658864,0.19823215015963566,0.1328329950474259,0.07453902004222382,0.035005636330002116,0.017983848657682662,0.008451372334185801,0.009057113452577759,0.006768499451531452,0.008066152280842287,0.008802703671147192,1.1466094756894032,0.008626851137837788,0.008395650569577928,0.006003120492532466,0.0050838285455197,0.004127628977025711,0.006138138877518992,0.5042333279584672,0.006006331927729767,0.007498237627295079,0.008105726907468412,0.007597083550678222,0.006359286245264816,0.005430098217316142,0.0036618924867329633,0.2293171685328105,0.1839215220429345,0.21000654600193253,3.7526778440969992,182.62459119275562,14.082591001576503,0.03688403212464933,0.319490377041212,0.009856670320519184,0.31511857919988995,0.28405433298458566,0.2318808379066076,0.16903832393284376,0.11017507866039868,0.06860938717559004,2.907482068291693,7.122547080921677,1.467214325722629,6.5991280250710025,6.003118925486317,5.310050787182736,4.507530091672712,3.646266823722466,3.0542874827956696,2.067950145915044,2.9072481052727457,7.1153779111811035,1.4671812170471314,6.591600031276211,5.996394747633337,5.304985451391147,4.5043593964488435,3.6446019263866525,3.0535167888115002,8.45209154561197,50.62860281892396,2.152620723655902,43.449190972320544,35.95674996944467,28.142870639471727,20.28925357237699,13.283123201821299,9.323964779553696,6.0,5
30131.858699999997,36.345299999999995,3.0,6636.973281938325,2.220743898981579,91.0,364.0,-8.62,-7.51,0.002197802197802198,0.004395604395604396,0.006593406593406593,0.008791208791208791,0.01098901098901099,0.013186813186813187,0.015384615384615385,0.017582417582417582,0.01978021978021978,0.02197802197802198,0.8621430649183691,0.21978021978021978,-7.235499999999999,0.015741569887780273,0.8800000000000008,69.26908262200018,0.5627094154859293,1.5934529820652936,0.8945834042875771,1.5934529820652936,0.8945834042875771,0.4368612951464411,0.5450592138791099,0.8057744551807327,1.137029890179381,0.8057744551807327,0.5450592138791099,0.43686129514644123,9.128268221888757,-30.24355407133406,60.53248451486496,52.3514409978024,-116.53421439007492,-86.19614890711547,-56.946926464570026,162.52428080165095,128.14472557823584,-15.66221760936547,57.760591326985775,92.63532133572144,19.48,0.1417620547198117,41.53846153846154,-7.76789010989011,0.9005034174616592,0.360704845814978,0.03118942731277531,-8.03,0.4399999999999995,0.1299999999999999,0.010000000000000675,5.054945054945055,-11.95,90.0,13.0,31.43,88.0,10.54945054945055,8.137804696275603,543.0235836315271,7.496455156236373,-0.0026432278595506066,10.738940500522364,-2.3628387633739414,-798204.5981851147,0.7990445638987923,3.8567267266982284,69.0,41.53846153846154,0.0,1.3187361659081385,-0.0002977715227629438,13.109877227864411,0.5552072013005409,0.0460339200776008,0.405180876853213,0.041662848610527714,0.05729473657792337,0.06834673533137967,0.06645634440531,0.04580704002635374,0.034038597012489714,0.017291449601485674,0.008877576933638437,0.004223379603069388,0.003300216746317062,0.0016222493949291821,0.0012580511723751624,0.12659261094740648,0.0010429508515769465,0.0008370096041583804,0.001054169864915754,0.0005851067413986602,0.000741845337947822,0.0004174866046200327,0.04037599590742346,0.00046246697998205755,0.00013372273443523826,0.00016164683363089767,0.0001281781291794647,9.149800260936026e-05,0.00017115855928732246,0.0002472245568137806,0.010043404115307566,0.016541585104264435,0.02259396292002862,2.4256439382969406,163.76000000000002,5.883748515396691,0.011711427975956049,0.5182631476051703,0.01373802911498052,0.3879759612953522,0.2710830536602847,0.16916843410461163,0.08482624180693574,0.020077557978076286,0.01818110785988235,2.7433268762707175,4.145123703759706,1.6447054891403112,3.741908158956914,3.32397323072233,2.893425519530952,2.482452961811787,2.208745311074022,2.318142129817746,2.10261333038176,2.743301877760451,4.112596968985044,1.6446481120787835,3.7217403621861194,3.312900846173465,2.8884759438111223,2.4810032680972074,2.2086540564011186,2.318070831823942,7.525705192524017,16.91345382930497,2.7048674125643064,13.851351323525268,10.97531201657686,8.343293277975553,6.155377216309025,4.878152740857116,5.373452381352941,5.0,5
7262.042270094878,9.968231386893862,60.0,1599.5687819592242,0.5761855340972271,91.0,364.0,-6.34,0.00068380617,0.002197802197802198,0.004395604395604396,0.006593406593406593,0.008791208791208791,0.01098901098901099,0.013186813186813187,0.015384615384615385,0.017582417582417582,0.01978021978021978,0.02197802197802198,0.9814899597723433,0.21978021978021978,-0.02800000000000047,0.10324923777893828,2.7205942547300004,0.37351191539435735,0.32220015437301674,1.4540001681585049,0.8284170376041892,1.454000168158505,0.8284170376041892,0.5281195817137445,0.3677546140102298,0.4512112648419536,0.5470846384502607,0.4512112648419536,0.3677546140102298,0.5281195817137445,13.799224926392098,13.194274190719543,-3.169928202905744,1.290069958419675,-35.73870505435345,-70.84591685672655,-20.30761998994624,20.833669158695912,-2.597093086785215,8.17346935984897,23.58875898184689,4.366212069211807,9.53,0.7926321446278976,39.56043956043956,-1.9767288662619533,2.804799895614101,0.2215833940286643,-0.003897677702973579,0.00012614773,0.13012614773,0.009999999999999787,-2.884201999999998e-05,3.7362637362637363,-11.71,120.0,17.0,21.240000000000002,119.0,9.010989010989011,3.9950635116036626,503.0219672370544,-0.9982236311559776,0.01789968902090804,9.070848093379894,-0.6058128327230299,-549378.6283215438,0.38677375760020877,5.05611447272673,88.0,39.56043956043956,0.0,1.6900874409967501,-0.00033273607398653915,12.177302585116074,0.03750418382237619,0.055813872359578943,0.37548728794657926,0.023267740281000936,0.015223797602124787,0.010666736903296557,0.008986394133722445,0.006863066864084376,0.0049621456413432964,0.004777935963291705,0.003722146653429471,0.0041799048350379155,0.0034159634346094194,0.0034474008944282136,0.0030258276481976505,0.14212520173630597,0.003056299355857996,0.003012364200297924,0.002667131822656299,0.0024755398345725032,0.002530568769541763,0.002225933230181981,0.0470296580295964,0.0021742084678203796,0.0024946086205657448,0.00240394471804352,0.002653138075792469,0.0024831876209028,0.0027310455475326174,0.0012615920764118228,0.02802042606454358,0.016141475280282837,0.019799370280688827,3.4717539444830647,100.5988608890136,12.053075451033719,0.03187654922869444,0.2774154254850409,0.005880638607545956,0.20883194477517505,0.14342163279530698,0.08195712710210458,0.02684932369972484,0.017206737704697137,0.04081157214136671,1.7048123075500985,4.171414367070558,0.778259021138513,4.0124374034565315,3.8025207063858835,3.522923772334285,3.1744114265600576,2.7653311606750983,2.294701586833813,2.0622743733043127,1.7045142679319412,4.162179537634774,0.7782368033401168,4.006999268217853,3.7998149899356584,3.5219703200048693,3.1742978780971276,2.76527762736009,2.294338638518074,2.9053688895835617,17.32373850350562,0.6056525220730437,16.056043135498406,14.438593957739727,12.4042749349952,10.076167018891926,7.646760356378248,5.2639897881969695,18.0,4
9238.893381293346,10.717382252501004,30.0,2034.9985421350984,0.515361479394078,91.0,364.0,-3.22,0.0008237072,0.002197802197802198,0.004395604395604396,0.006593406593406593,0.008791208791208791,0.01098901098901099,0.013186813186813187,0.015384615384615385,0.017582417582417582,0.01978021978021978,0.02197802197802198,0.9898557198214711,0.21978021978021978,-2.4175000000000004,0.15346770027202203,1.96072625427,8.214322396762244,0.2779559827014862,1.3721057320718448,0.40187171484145107,1.3721057320718448,0.40187171484145107,0.25597029435672375,0.14302643552946287,0.5268080715363088,0.937954305768524,0.5268080715363088,0.14302643552946287,0.2559702943567238,13.55172126641018,-62.62688862908302,55.35205039246112,64.8725724096922,-143.12682118694542,-161.574028270771,63.426378501674506,183.40372429386107,16.6592474374235,60.027018780685175,178.41520157359682,108.43019239106766,26.76,0.5562748542658679,39.56043956043956,-1.4504423895044494,2.8424207464017752,0.5578791453232567,-0.008984636452092545,0.00021093764,0.0007747871999999999,0.0008771653200000001,-1.4802908999999988e-05,11.868131868131869,-26.29,110.0,15.0,53.05,109.0,12.307692307692307,4.506135836686095,634.2206038887182,0.13312037953812095,0.014040291852700776,13.152261531534755,-0.20843653872344306,-679249.3108242291,0.6040930109520375,3.563017375299097,95.0,39.56043956043956,0.0,1.0311670972081368,-0.00024718638344661467,12.158375998575107,0.05329678701939311,0.03879595291304356,1.7706401244506884,0.26360276343074,0.3273881044417979,0.3749164196556191,0.4004410644455351,0.3391841436737818,0.2541493460457874,0.15657374375001187,0.08490438436808331,0.02824882184204945,0.0039634860933425425,0.0062895401446322295,0.004199948269551607,0.6674791881345681,0.010510442151234273,0.01601256386390844,0.01637395556978743,0.015758714362387412,0.018915768554709823,0.016550011537451944,0.17639476327186865,0.011670193994438338,0.008859832034032069,0.007683554990361517,0.008258179632034936,0.005805080253447898,0.0049347927680359945,0.0032568366082979445,0.17737919676192193,0.17778566278885377,0.21186270707666816,4.266318911356173,253.27713197675854,18.201477053395323,0.04998407512216431,0.0910042950452464,0.011231448335610126,0.10590029315261569,0.10628088595068004,0.09360122424644002,0.07389173162209553,0.060424733853057,0.06246919948647577,4.186662617998593,5.4063528091221595,2.646955695639368,4.835926276735277,4.1940742091370735,3.509374407105486,2.901923304705496,2.6663542385017696,3.2072232369480096,2.1075152934193087,4.186364230353233,5.405586824294508,2.646931867133337,4.834766600563973,4.19272737547176,3.5081259299042484,2.900982398841943,2.665669480020946,3.2066148023632004,17.525645469181015,29.22036891498638,7.006248309245974,23.374968081928916,17.57896284503031,12.306947540066547,8.415698878390755,7.10579377671514,10.282378490734787,18.0,4
6357.789378277913,8.603266255077799,45.0,1400.3941361845623,0.5667634350068639,91.0,364.0,-3.0,0.00079445264,0.002197802197802198,0.004395604395604396,0.006593406593406593,0.008791208791208791,0.01098901098901099,0.013186813186813187,0.015384615384615385,0.017582417582417582,0.01978021978021978,0.02197802197802198,0.9940261711120715,0.21978021978021978,-0.026499999999999524,0.16583065070602018,2.065680701675,2.1317764862702164,0.2914060428307994,1.455771217670339,0.49030409978658224,1.4557712176703392,0.49030409978658224,0.5553465286900732,0.5160657281537211,0.589723511281582,0.3569937004004187,0.5897235112815821,0.5160657281537211,0.5553465286900732,13.950109317051115,-61.60819862615039,26.032058064827744,2.3884838219027156,-25.68554413406407,-15.32139726458999,49.905043306028,-44.66171556123915,15.72341603262792,42.9820735563131,53.36783675519557,48.80778842241353,13.3,0.7624813695152095,37.362637362637365,-1.6231052219096922,2.4824863156811827,0.2697959687340528,0.00850439878110133,0.00019936391,0.00072817646,0.000769728337,5.055890000000006e-07,4.175824175824176,-10.93,107.0,18.0,24.23,108.0,25.494505494505493,3.7380694842047366,516.4106473846041,-1.070481160914817,0.015139237489141116,9.908032260667342,-0.46216142952068523,-513772.8641773644,0.40757462442024717,3.9091071756525464,90.0,37.362637362637365,0.0,1.3407804190375248,-0.00031518802414507433,12.212432327622816,0.02856543793619648,0.004703400083847761,1.7224057396351502,0.07190335512176582,0.06708542946082477,0.04054096462876302,0.03835094365451273,0.029260025714592828,0.024003804118192845,0.019359919182305882,0.014756659305297466,0.014826287375246777,0.011422826178457112,0.008799269292370663,0.0070275192068960405,0.516078827336067,0.006550567335558871,0.005100057343509396,0.004209933615818001,0.003989012184127065,0.004437497138717319,0.002176205539025507,0.19656288299731958,0.0027360018421492063,0.0018009739386025878,0.0014205423015473807,0.0009416166885979143,0.0013538568425714847,0.0008638337903586568,0.0006111629939455239,0.03580014858778704,0.05727902912612263,0.08303455226343319,3.3672975673902292,122.48736980525999,11.338692907352154,0.0018924351935806604,0.027890169102657535,0.004916153831709722,0.06007078622967977,0.07890072464894839,0.08295922451814741,0.07111659978616039,0.04528800119524912,0.015297112008601385,1.5355661300353607,4.088511024697122,0.9295849831113157,3.7413210761756233,3.390040914018441,3.019456325667261,2.6219322680706245,2.2226664171385764,1.8845753317255405,2.083153607460838,1.535564963914198,4.088415895862031,0.9295719833652303,3.740838795735212,3.3891226112917274,3.018316462811576,2.6209676166608435,2.222204985779524,1.884513247316831,2.357959758400812,16.715144537537338,0.8641040722575679,13.99387489567767,11.486152074368857,9.110234269679385,6.869471247584824,4.9381949988233735,3.551390179312627,20.0,4
6147.613691572612,8.055457426119627,30.0,1354.0999320644519,0.49753229153690615,91.0,364.0,-2.61,0.00074011014,0.002197802197802198,0.004395604395604396,0.006593406593406593,0.008791208791208791,0.01098901098901099,0.013186813186813187,0.015384615384615385,0.017582417582417582,0.01978021978021978,0.02197802197802198,0.9913491770434532,0.21978021978021978,1.4324999999999992,0.21105491793640185,1.9856712724199999,10.267184935665243,0.44758923872915807,1.3482299411331033,1.1848546196956118,1.3482299411331033,1.1848546196956118,0.15661717538380296,0.08895704353872676,0.4151893430640684,0.6060705434615639,0.4151893430640684,0.08895704353872676,0.15661717538380288,21.083843699924916,101.81335010642603,-126.34679865700926,30.85814535623048,-144.61678263154522,-123.02280698848729,11.233145062151207,88.60399472398477,45.360255964224855,-121.72057619505527,-133.81731964291978,131.6811828080319,23.11,0.5288353405076914,42.857142857142854,-1.4211068147528731,2.253223418512669,0.2711168381599441,0.015331446878722472,0.00021204655,0.00063823065,0.000580763287,-9.140041500000014e-06,5.054945054945055,-10.24,116.0,15.0,33.35,116.0,5.934065934065934,3.675763714192898,523.9692298855159,0.5998523643976679,0.012338661855234273,10.04644323535929,-0.3197031985339426,-604520.5625786372,0.5526608381128092,5.19273122987356,70.0,42.857142857142854,0.0,1.7389252481960022,-0.0003122868193953839,12.685209463712708,0.022429878768595257,0.006960674523089218,2.494077740504906,0.10681723837102688,0.11527404874180851,0.08035279691760372,0.05530352211774076,0.033473189299419,0.010041711944891635,0.005176650236765994,0.0019114892200352632,0.0024903919333259745,0.0008434196307104315,0.0014576834362176043,0.0007645465174659484,0.9210906448246152,0.0007308708630961615,0.0008033724877462377,0.0008208134478264778,0.0019111624677841145,0.0021986209990558147,0.0030827363544408556,0.3570807194070014,0.005349635628876122,0.0051338675899486,0.007512828801343636,0.00855950797800748,0.009647415884304835,0.012579440358800365,0.005166584273860101,0.17912481747255266,0.14912575334834474,0.22640966435766005,3.389940162250672,123.08704452461461,11.491694303640113,0.022611126373753416,0.19360943644852122,0.0111025809151686,0.17864297649586375,0.14572760832901654,0.0974586513194225,0.042087418404303925,0.00430237141585778,0.024300230515291184,2.405459536329703,5.424186940396146,1.0614056983868665,5.222138788204482,5.0445924683050505,4.842464138624525,4.531992531542568,4.020066220551941,3.2773259316006844,2.0780153346169503,2.405353262596498,5.420730518157325,1.0613476288498196,5.2190823149494845,5.04248714777249,4.841483320754865,4.531797099956006,4.020063918300675,3.2772358414888605,5.785724317883619,29.384319350482183,1.1264587892651343,27.238820210218474,25.42667663545074,23.439960745147555,20.53718495516967,16.160913907222973,10.740274760739199,11.0,4
7731.863489358961,9.13924618684133,13.0,1703.0536320173921,0.5309230307773676,91.0,364.0,-4.59,0.0007462184,0.002197802197802198,0.004395604395604396,0.006593406593406593,0.008791208791208791,0.01098901098901099,0.013186813186813187,0.015384615384615385,0.017582417582417582,0.01978021978021978,0.02197802197802198,0.9950218092600596,0.21978021978021978,-0.42749999999999755,0.2917772689368197,2.745642190835,19.599567826815907,0.06403261749890507,1.5280708844854924,0.5143431339529818,1.5280708844854924,0.5143431339529818,0.0695516228976949,0.13166058260672386,0.4117358827115921,0.3829721726368466,0.4117358827115921,0.13166058260672386,0.06955162289769501,43.56345472102477,-11.045710427781188,-188.84379050651617,-59.10060005894036,-124.03293050240545,-70.47275519715627,15.290232326730125,65.05025881781361,41.76937641094021,-87.92997708006443,34.90476938283796,176.23743464074147,31.14,0.444508390286473,35.16483516483517,-1.4706467902184222,2.544384654939629,0.34227818969958596,0.013348985792797375,0.00028645091,0.00052641981,0.000573899035,4.7484484999999995e-05,6.593406593406593,-10.95,116.0,16.0,42.09,118.0,4.395604395604395,4.122269589682326,554.8700139493609,2.072530609939722,0.01121828439925415,10.125047130591984,-0.25838022646176767,-760522.4408767992,0.634347665817994,5.1576750662292286,76.0,35.16483516483517,0.0,1.5348423782894187,-0.0003106392188730929,10.913237191686328,0.0550307653017621,0.01890111303364761,3.941769925138048,0.2396245418286284,0.29188720043903793,0.24578420373959686,0.1709632685367534,0.15324595790983025,0.09435213164195379,0.04771749637846912,0.020353877516682967,0.006273524884436442,0.005698195767674313,0.008166622806297427,0.008701771078341159,1.0617841354993391,0.005380727744916809,0.0019859918773992616,0.0009368852236705956,0.0018202304848040163,0.0031971367986538936,0.00378268526318462,0.4224345948812248,0.004472435590396694,0.002641311252561898,0.0017914035870287388,0.0026052836218690774,0.0032655041244575842,0.0034038517814647972,0.0015217054956403785,0.4627990862043602,0.24234847777960491,0.16489472190515517,3.851013449527273,155.39429812361203,14.830304588439947,0.01185397952065349,0.27089357523110974,0.009160096690204662,0.2272555472290142,0.16951070093785825,0.10657022203658192,0.05333347936827494,0.019933967039157636,0.0008766683931529913,3.3928548470867437,7.206231692148194,1.7301110840785139,6.736688562995064,6.301827750774257,5.850220093717455,5.303978559097503,4.601915393893638,3.9063472302777424,2.059734643863651,3.3928341392660992,7.20113823446124,1.7300868347802538,6.732854350945231,6.299547533172212,5.84924934779759,5.3037104083221305,4.601872220033202,3.906347131906113,11.511323496569531,51.85639187181954,2.993200455879957,45.33132771104213,39.684299122696096,34.21371793271054,28.129344095344504,21.17722792951331,15.259547914951115,9.0,4
17533.56557727943,17.140690901663337,35.0,3862.01884962102,0.917306166685614,91.0,364.0,-7.67,0.99,0.002197802197802198,0.004395604395604396,0.006593406593406593,0.008791208791208791,0.01098901098901099,0.013186813186813187,0.015384615384615385,0.017582417582417582,0.01978021978021978,0.02197802197802198,0.9910392566681074,0.43956043956043955,-1.947499999999999,0.20628669942034392,5.040950147555,5.960084648402317,0.23867290559122792,1.0092001287820307,0.5717403566965201,1.009200128782031,0.5717403566965201,0.2610709425108422,0.40976145263793634,0.43271437728276785,0.3994586162004313,0.43271437728276796,0.40976145263793634,0.2610709425108422,-12.413215353289853,-21.918520945573988,66.28944126118287,81.8797481529993,-79.08851521502082,24.352620921098502,42.46980861825519,26.684977313192853,5.405493656979663,7.752957610332842,69.75332360078836,74.39622573162221,38.95,1.06730487054266,45.27472527472528,-0.7252208830885846,4.134639128202768,0.613426585131824,-0.02341229943453743,0.0004558736,0.8895441264,0.03500000000000014,-1.966246999999998e-05,10.54945054945055,-15.58,113.0,16.0,54.53,111.0,5.054945054945055,6.207681448097485,647.856891241346,1.1898602846010717,0.0127786734439021,15.014896814263762,0.01252755876320627,-761252.8626658926,0.5189343032426063,2.5486259446224486,105.0,45.27472527472528,0.21978021978021978,0.8452027658242436,-0.00020814405792855828,14.645269669231146,0.2055944028203779,0.12768806409827596,2.9823672089642437,0.05966102957186188,0.059283447703301705,0.03780279681874558,0.07355233986478787,0.07790741337837566,0.06503515547399842,0.05443201471976147,0.04720164941101403,0.027394227282443336,0.013683503209533049,0.011169755803172487,0.007064594585761366,1.1562914911575022,0.004151296083474628,0.00412247638351562,0.003231409643284575,0.003466037755651887,0.004039291865751143,0.003202365168234498,0.25603161992941986,0.0026712425812736172,0.003593411370034075,0.003888403349242751,0.0028783136426374705,0.002719211573264992,0.0028663906973400767,0.0009007849067202656,0.18895819999508634,0.11885859734160735,0.15506646789698536,6.165173447015575,278.4956696498481,38.0093636317859,0.06278235602912657,0.2652893233281212,0.006094427755046339,0.2905232858572833,0.3016947984151568,0.2985252212719909,0.2795713769332279,0.23962827641850282,0.1683107139505349,3.711634518260687,9.018050371172643,2.524719998656766,8.196942319327196,7.29632767953704,6.353764357414372,5.478634348121425,4.793756606783923,4.254610819984998,2.072869808853361,3.7111034980064455,9.014147440104093,2.5247126429690487,8.191792209690856,7.2900876439030275,6.346747529389661,5.471496519748095,4.787763642268195,4.2512803639730565,13.772289172915675,81.25485407193517,6.3741739295677595,67.1054596067518,53.1453778557876,40.281204201813765,29.937274165615523,22.922680694225214,18.073384733102884,10.0,3
12281.382094854478,13.293446700313721,38.0,2705.150241157374,0.9146008551347359,91.0,364.0,-4.26,0.00092393869,0.002197802197802198,0.004395604395604396,0.006593406593406593,0.008791208791208791,0.01098901098901099,0.013186813186813187,0.015384615384615385,0.017582417582417582,0.01978021978021978,0.02197802197802198,0.9980087237040236,0.43956043956043955,-0.3299999999999992,0.308037094085672,0.1358356527,0.6750360184777482,0.3771899084348629,1.1730665364823354,0.49943441398373634,1.1730665364823354,0.4994344139837364,0.6494056453691153,0.1925867934956087,0.7781096127503708,0.7968117103363925,0.7781096127503708,0.1925867934956087,0.6494056453691154,-7.1916767455481505,-41.73924769136847,54.26294834712843,18.25715129649277,18.52711699770343,-119.05844627575064,110.08708447760748,99.93895062726801,91.70737311622064,-45.04533860481328,9.782241278854947,-1.6140211032680611,13.75,0.7611507297488926,40.21978021978022,-0.7768357435381718,3.348928494361595,0.3330949714088595,-0.026585609432775343,0.00041118878,0.00042969556999999996,0.0006136539105000001,7.398679999999979e-06,3.956043956043956,-11.85,122.0,12.0,25.6,122.0,4.395604395604396,5.195387238707018,540.5081659043384,0.03817367568601325,0.012594468780481942,11.289087361717282,-0.02767764404420256,-593937.4106143788,0.35841368078189356,3.0243358234077786,80.0,40.21978021978022,0.21978021978021978,1.1299242365352682,-0.0002862400044691212,13.628391919530815,0.13363667371721366,0.0611411818057446,3.4066399984857787,0.06067872547746986,0.03988378631776341,0.04243892083094346,0.038918308699109776,0.026629727955117078,0.02938075726203542,0.021342285937162992,0.018235940100728428,0.010871183015332329,0.007995923858511101,0.0045742270114550645,0.003848546108224315,0.8741031141026726,0.002541628348750552,0.0035542885733836917,0.004052154424551057,0.002862741634498944,0.0019816172038800957,0.002090825816279327,0.22626713439698068,0.0012475721121188103,0.0009525289981193458,0.0014706098323920885,0.0012355820583388973,0.0008907680365248386,0.0011228019118776848,0.0007292994202097388,0.09760496113691713,0.054591290061197346,0.05273991337201711,5.136981096683268,151.22511701962222,26.38857478768123,0.04073005318105287,0.007165744885946158,0.018450013249004187,0.037086936427194794,0.055731949177246505,0.06452333923285317,0.06503768704514831,0.05960922710928677,0.05126654851486811,1.6706006075490207,5.761759077419791,1.092891955886176,5.043593941324593,4.368636079699496,3.721951880417898,3.1010400474903066,2.5040466123916003,1.9565173983653175,2.0279962119756263,1.6701040245179417,5.76175462149592,1.0927362098200202,5.043457584248388,4.368280570967608,3.721392553714344,3.1003579592367245,2.5033370082897917,1.955845615356581,2.7892474527110256,33.19781631832959,1.194072424251823,25.436464404112588,19.081875146693093,13.848762538840568,9.612219475402506,6.2666961770732845,3.825332071109563,4.0,3
19673.47117693632,17.729978413972116,20.0,4333.363695360423,1.374123286006299,91.0,364.0,-6.96,0.23,0.002197802197802198,0.004395604395604396,0.006593406593406593,0.008791208791208791,0.01098901098901099,0.013186813186813187,0.015384615384615385,0.017582417582417582,0.01978021978021978,0.02197802197802198,0.9903535388954652,0.43956043956043955,2.190000000000002,0.1905557175037456,5.3709148189,7.996468740323392,0.1712794371583371,1.235689278251486,0.5119390050428719,1.235689278251486,0.5119390050428719,0.19710437837910236,0.21905993391951922,0.31162193466966004,0.21765641365083116,0.3116219346696601,0.21905993391951922,0.19710437837910236,11.976970269454736,-11.316882343303984,14.504877368014014,48.783355873602915,-50.82363583139209,-25.792714442006847,48.473343612316064,-17.30915504433653,-22.527976226717954,-8.821441230115578,-0.07888183934710478,30.01339869106304,39.99,0.7426976751152774,41.97802197802198,-0.5083447073950305,4.124315344899761,0.7011424281547965,-0.007862040801541834,0.00041611798,0.8204161179799999,0.019999999999999574,0.0,7.6923076923076925,-10.41,105.0,12.0,50.400000000000006,103.0,18.24175824175824,6.575591090622107,678.8239544417825,1.831954361500219,0.012635484816488799,12.420046851479846,0.04886103712760281,-1030449.4703002436,0.5930331923231186,3.567345544340664,101.0,41.97802197802198,0.21978021978021978,1.2305372119093947,-0.0002625341888666424,12.996132059873393,0.2134739648976265,0.0746026891252026,6.214587686085246,0.4400074948945375,0.39884175354326734,0.24722980803857428,0.2713012002570673,0.2549516247620415,0.18760011731393458,0.13056922273870372,0.11218857813726471,0.09396911259884619,0.0642897621457554,0.047456305396252396,0.037463519047312016,2.688383112885883,0.034093847544475156,0.029610804864444402,0.026333690861960517,0.02981768068292781,0.032399378745362285,0.03485897136834049,1.5116134712905902,0.037328981389572226,0.03966040397688496,0.03265789951898997,0.028012104650860615,0.02784163743264944,0.030743275822832133,0.01634558936752021,1.2498859327534022,1.051630932854184,0.8950574895328551,6.555912129485286,318.31866238227764,42.979983849532296,0.01931663198921738,0.10397852786144637,0.007269445046854045,0.14361662596561972,0.1680472914644487,0.17341707186726588,0.15523175462235023,0.1114301759173213,0.053363134005006384,5.141414477043202,12.339554795382613,2.674631478064912,11.875885065682427,11.21606496784079,10.374797384676715,9.404377437820715,8.335847185144836,6.99442836486541,2.066756341430018,5.14137818998739,12.339116703151559,2.67462159914714,11.875016646642864,11.214805993447094,10.373347930744432,9.403096197282476,8.335102375494984,6.994224798157619,26.433769692478013,152.2538010139938,7.153600698624405,141.01602035804515,125.77187347065687,107.60634729227979,88.41821809534817,69.47393160998212,48.919180527162986,8.0,3
15962.586880431953,16.91107310946941,39.0,3515.9882996546153,1.076093620027849,91.0,364.0,-7.36,0.62,0.002197802197802198,0.004395604395604396,0.006593406593406593,0.008791208791208791,0.01098901098901099,0.013186813186813187,0.015384615384615385,0.017582417582417582,0.01978021978021978,0.02197802197802198,0.9911612783448048,0.43956043956043955,-0.34250000000000025,0.1730719056861668,6.11592609718,2.4989067686975464,0.26147064729945513,1.4905424573793074,0.4756504625654692,1.4905424573793074,0.4756504625654692,0.23448684374232426,0.3592300202282823,0.49634840937988756,0.2494864275567246,0.49634840937988745,0.3592300202282823,0.2344868437423243,24.69596516840225,-42.12053332116171,-6.819140953359853,35.65083174415596,-69.77296749989547,-34.180229170337725,78.80984644827527,-47.84207397633851,11.329766161968312,31.994982550611702,-12.032584696514713,43.07180724996715,31.45,1.0283719153445425,39.12087912087912,-0.8729720246542175,4.083392301961911,0.6273338843699076,-0.0098660007251542,0.00045886386,0.70045886386,0.030000000000000693,7.063442000000003e-05,7.032967032967033,-10.94,119.0,16.0,42.39,118.0,12.307692307692307,5.9230573632560635,645.9519772596817,0.7983812107874493,0.014501702413881552,11.32153483567976,-0.019906429367672927,-856376.047425539,0.47757236045785006,3.870364788653556,96.0,39.12087912087912,0.21978021978021978,1.2626730549821377,-0.0002855598794589123,12.200166315319203,0.20433622876634416,0.06318577017935809,2.7176395831050546,0.22599683678925336,0.3214218421124406,0.22119482965435375,0.1643431672337754,0.13845225056484342,0.11930224767784897,0.09870906904542878,0.08335294620202979,0.06750118701379369,0.04664799707092133,0.031117818885646648,0.022153946785030652,1.6125176119176645,0.01568026113881616,0.010929601319646614,0.00984300780696312,0.01401033971282999,0.014444482709368408,0.01565705524387773,0.7210332432091981,0.019048643904441123,0.01618592730798055,0.01036505681550731,0.007581136931339514,0.006194027710243508,0.007370232172504596,0.0033529788438696685,0.5223682369542912,0.5386219196373718,0.5162378436029036,5.858372502034417,284.80958350393803,34.32052837259299,0.01698313669208816,0.07218250127655067,0.00690939699943377,0.12031209160738617,0.15397894669522275,0.16828172156787607,0.15697546462642928,0.1162836401962039,0.0562380361710489,3.8289286100498194,8.054699917909824,2.1561220865796504,7.6583349778898775,7.186813121571551,6.6579540025950505,6.117726428773698,5.524043463393028,4.770896771491658,2.0946354061701222,3.82889094568207,8.054376478293399,2.1561110158036136,7.657389870849244,7.185163416956335,6.655826978134092,6.115712171188363,5.522819415885148,4.770565300623936,14.660405873926136,64.87298045408599,4.64881471246969,58.6356196341846,51.62657332836764,44.300032762857604,37.40193536082149,30.50153430047796,22.758293287517148,10.0,3
14174.597680733474,15.04681750621583,35.0,3122.158079456712,0.9185788497387181,91.0,364.0,-6.43,0.00091163279,0.002197802197802198,0.004395604395604396,0.006593406593406593,0.008791208791208791,0.01098901098901099,0.013186813186813187,0.015384615384615385,0.017582417582417582,0.01978021978021978,0.02197802197802198,0.9926547355667868,0.43956043956043955,1.586500000000001,0.2359095419612811,4.26582231584,1.9305929715194345,0.23048112999478337,1.42263710905311,0.494430866966423,1.4226371090531105,0.494430866966423,0.2445712826420537,0.32069221135116827,0.4176948839005925,0.42214595549806433,0.4176948839005924,0.32069221135116827,0.24457128264205377,19.64868193643617,-29.049292858528784,25.787067371188392,15.152753214576986,-80.32458716896953,-4.762238535749396,55.56892324227928,19.213357685593227,-27.592005060863332,-20.481665210117594,38.00690003310913,-1.6250311411956835,24.2,0.5401153527961166,40.0,-1.071643824050136,3.807222044946734,0.4753613333197225,0.02000136315244494,0.00030626378,0.0005877219999999999,0.000704003674,1.8236445000000044e-05,6.813186813186813,-10.59,122.0,17.0,34.79,123.0,11.648351648351648,5.581483847121477,601.6207652401083,0.5790552486084176,0.01419011218480636,11.410302243382205,-0.07472234025474278,-841317.0005932574,0.5081142041952478,3.872958490796637,96.0,40.0,0.21978021978021978,1.2712692687740281,-0.00028369924358507913,12.378376387450363,0.1405317527204808,0.09915685798214084,2.780108670417024,0.20029079881337988,0.051856341094388504,0.05380815888595882,0.08266916424225178,0.037532450927621065,0.036588357793750324,0.02449481384446374,0.026343833676835283,0.019799694729089216,0.0209833472432911,0.011946684783648133,0.016061434279984212,1.546122015727069,0.009692230109482329,0.01304850065040368,0.012842348211247355,0.007935594941985018,0.004143705485733232,0.004251671557174205,0.8969980920849685,0.0029709190762281616,0.00247939241113885,0.0027347297943613636,0.0059878882291721815,0.005043883048423949,0.00651559111887898,0.003990201885605595,0.20414859882243547,0.35929332478952514,0.21282113128952695,5.477640135136039,215.81404532715402,30.004541450053164,0.06119439858342647,0.003198078502513966,0.0022163258278242604,0.04986859840827859,0.09294473154997426,0.12424983352167084,0.14039318299853593,0.13773190461474194,0.11385542628061619,3.433725451044228,7.746946655187001,2.0387074861759715,7.446659602502849,7.166414416857105,6.809166407359054,6.26137759827123,5.461232613070826,4.458696219825662,2.07882700374209,3.433180117432072,7.746945995074895,2.038706281466208,7.446492621257385,7.165811668681676,6.808032692487371,6.25980344597978,5.459495542311543,4.457242300188998,11.786725718730896,60.01517225060695,4.156323302089774,55.45025235844068,51.34885687101447,46.349309141976846,39.18513918230033,29.806091576519602,19.867008922594113,7.0,3
21082.439877473702,20.142175431971612,66.0,4643.70922411315,0.9316051134432609,91.0,364.0,-9.56,0.00061062285,0.002197802197802198,0.004395604395604396,0.006593406593406593,0.008791208791208791,0.01098901098901099,0.013186813186813187,0.015384615384615385,0.017582417582417582,0.01978021978021978,0.02197802197802198,0.9645133593353186,0.21978021978021978,-0.14250000000000007,0.07092184824257042,9.37051913031,8.110335542708446,0.29011231399954857,1.6040851607482818,0.9720030855413008,1.6040851607482818,0.9720030855413008,0.6781483820130779,0.390076701455215,0.17180677495594981,0.2953536416951442,0.17180677495594976,0.390076701455215,0.6781483820130779,25.985009318024886,39.58387176130446,10.925389389910878,44.45670368765252,23.152932272054485,-99.71518980266369,-199.6092843614068,-46.105345947472586,47.08576978385876,32.5794842191612,-42.68642348118096,-43.7274127560215,35.22,1.660356465685916,36.48351648351648,-3.848575936165283,4.84429115090452,0.31567798314039913,1.7878750440382967e-06,8.9983618e-05,0.000867742872,0.0007238499349999999,1.2291599999999998e-05,5.054945054945055,-11.93,108.0,16.0,47.15,108.0,1.978021978021978,6.806984111759363,554.6653405221592,1.5236504426428992,0.024395142296161906,8.870890232480445,-0.673800143958807,-1044266.8559427697,0.44985460745434536,5.747088281886707,95.0,36.48351648351648,0.0,1.8200642665614744,-0.0003369273507048093,11.318947606601872,0.08741200226201362,0.07770537389392616,1.7740289411982277,0.30292974561381536,0.1922723419419969,0.09910602199877117,0.05299476700635788,0.02341399687651882,0.011295362555907925,0.005752689065573708,0.00271138997860887,0.002608385464539842,0.003615817845748819,0.004534073233644875,0.005432546118438681,1.0251033225545132,0.005496710949170189,0.005579563850269337,0.004604109406875643,0.0054141462476203096,0.003880444654101326,0.0045451117733035,0.6192117635357947,0.003935333497014071,0.004006493320493515,0.004784136794724136,0.003658566027388088,0.004297710794171487,0.004542161216832626,0.00304988285413956,0.5883443263245147,0.42843396648575816,0.36898095070773596,5.614578876577825,143.3178043457412,31.52349596131392,0.03339042267072056,0.10639344004378481,0.0003285625741553907,0.1737245419450939,0.22884621837115818,0.26536715311413006,0.27078607883985173,0.229067968787011,0.13537870365270718,4.2896925804034325,7.398827227073144,1.5392865979409553,7.244850889889503,7.099674631496955,6.933979108992318,6.723480378250191,6.417411965008212,5.818142842079579,2.083794072685791,4.289562625028585,7.398062230881443,1.5392865628749168,7.242767716850975,7.095985434135178,6.928899375657725,6.718025252722845,6.413322399061688,5.8165676079144095,18.40034751404213,54.73132477199452,2.3694031226472756,52.45768420025868,50.35300928145862,48.00964655799001,45.131863296221844,41.13070419430636,33.83245873743916,4.0,1
20779.474085281174,18.334878904085002,61.0,4576.976670766779,0.8427618496308256,91.0,364.0,-9.44,0.00067636286,0.002197802197802198,0.004395604395604396,0.006593406593406593,0.008791208791208791,0.01098901098901099,0.013186813186813187,0.015384615384615385,0.017582417582417582,0.01978021978021978,0.02197802197802198,0.9651950914611734,0.21978021978021978,1.7505000000000024,0.05006385133996611,9.350586232755,6.443407800798369,0.3287780046226169,0.823284876399948,0.5132956376605006,0.823284876399948,0.5132956376605006,0.4150414985476427,0.46225719029458456,0.46225101883624975,0.3721225192688855,0.46225101883624964,0.46225719029458456,0.4150414985476427,-29.73222908779566,-38.44937911652721,92.04983317530626,89.4528405554818,-41.10390462209329,6.0064319351453,30.817240585619732,17.446230080782808,53.71573471687251,77.4524268210408,101.9592967788203,107.72578160180275,32.22,1.3391128890134185,45.934065934065934,-3.5113226742762627,4.847211410795589,0.6242761157069802,-0.02325862204493389,0.00015439291,0.0007176759,0.0006073141949999999,1.2171814999999999e-05,14.065934065934066,-35.49,121.0,17.0,67.71000000000001,122.0,23.736263736263737,6.757897144364123,690.7232599088265,0.5195564236533234,0.026099310976997792,17.54715800600524,-0.4105443811799093,-681649.2739199661,0.5793626294760076,1.9915370599597746,92.0,45.934065934065934,0.0,0.5244081794838398,-0.00015506583769863699,15.440882112444076,0.12197683615406929,0.19603422316392607,0.8183169143316723,0.137959676834593,0.16763154849813422,0.18201150786245635,0.1836203086111867,0.19493391155729423,0.17737740876355237,0.1519289343968279,0.12910461065576576,0.10428025069344507,0.09242541213752543,0.08401753122988384,0.08247928040827109,0.3414066016174217,0.07402563352502144,0.06532394060627086,0.06015797580708346,0.0511307248908137,0.048925743079268294,0.04799580132934969,0.18170108578835073,0.052526245981104606,0.04864533831811075,0.04708783990349412,0.047029059337230374,0.04785145517664354,0.0480922372889028,0.02277870342904412,0.15037663421675285,0.1021314122339908,0.16268092570471931,5.774061559328769,283.421356530969,33.33978689091818,0.10457975120406512,0.261027840201183,0.02713100456860342,0.18476951251741283,0.1120987200202956,0.042470286395054395,0.022555451750825087,0.07901027237452155,0.11587093231750234,4.266880675742739,5.194834798238796,3.21390734856006,4.951318490666338,4.813967902013474,4.80533073322109,4.8694894085802956,4.854411324173708,4.679067871170847,2.1503224104856358,4.265598876671938,5.188272645845881,3.213792829931552,4.947869745987506,4.812662551913007,4.805143049942702,4.869437169927547,4.853768297016788,4.677632955894162,18.1953337766649,26.918173047632624,10.328464353719454,24.481415023258467,23.161720838585822,23.08939973041265,23.711418351872,23.559066681125245,21.88025007006716,6.0,1
20189.302189526978,18.173633946622004,26.0,4446.9828611292905,0.8631632682607376,91.0,364.0,-9.03,0.00071529974,0.002197802197802198,0.004395604395604396,0.006593406593406593,0.008791208791208791,0.01098901098901099,0.013186813186813187,0.015384615384615385,0.017582417582417582,0.01978021978021978,0.02197802197802198,0.9774663876263674,0.21978021978021978,-0.35749999999999904,0.1412172100416448,8.77062265157,6.988562274445782,0.16735132501428276,1.503321281299223,0.6064910393513114,1.503321281299223,0.6064910393513114,0.15329597695878477,0.17520728379355455,0.605191122968884,0.38316771751429135,0.6051911229688839,0.17520728379355455,0.15329597695878483,27.06115832356633,-0.34482381746325935,2.1175361793359215,-9.695010295420246,-97.88740108799725,-76.44550596027166,161.1551913593388,-20.458742786410664,-23.610437794111082,18.717706563625015,-34.27701345823076,-64.36433518842856,31.51,1.0128870230800184,38.9010989010989,-2.8478157678201086,4.685758489667257,0.41936451747651676,-0.036958453834140974,0.00020611004,0.0006603234400000001,0.00060927587,4.351202499999997e-05,5.4945054945054945,-10.98,107.0,19.0,42.49,109.0,17.142857142857142,6.661238077432387,594.5082013505692,1.6522239587829863,0.020220168012406243,10.235858622319286,-0.38154717597218657,-1074168.405555526,0.5380057569115728,4.473393389698935,91.0,38.9010989010989,0.0,1.4705115681442222,-0.0003083165213642064,11.881395785468868,0.15111992440990307,0.23441528768734912,2.452601993021106,0.29122987411440127,0.21883371095710705,0.20352306406218487,0.18420708641126973,0.15262569059964542,0.11393452236100667,0.08028745778469945,0.05415901739199035,0.03493553450117898,0.021156574234508594,0.01437135572231391,0.008310162629472439,1.8184044941686242,0.004074268133740352,0.002833506929910978,0.004038695771283744,0.005589245023693351,0.006078390873204259,0.006842050804025029,1.0931840616351,0.00641679804044052,0.005260016933509406,0.0049663919627175035,0.004422120312181501,0.003863772663726818,0.0030841534264258587,0.0014649670805534215,0.5310820712562502,0.5616028606924822,0.41748763663143185,6.021796914276525,190.3914909343386,36.262038076790276,0.12735711602634023,0.2839758594630556,0.03730257131964582,0.3333803309823592,0.3639100870767472,0.370276244779482,0.34618327454672837,0.2898007135353831,0.21119324364810102,3.9606803860457727,10.80245375279826,2.1928617661940097,10.29194930316249,9.706939507887595,8.99240509033374,8.068664707982109,6.831300276855849,5.2929638136991395,2.0657205792751165,3.9586322493261665,10.798720516458763,2.192544467920424,10.286548401372588,9.700115672419214,8.984778506519355,8.061234850211232,6.825150475923968,5.288748750599326,15.670769285405143,116.61236479258741,4.807251243808455,105.81307801378094,94.09224405831287,80.72624481121215,64.98350731026011,46.58267901900516,27.97086334696593,2.0,1
22564.513591131585,17.492332010673167,16.0,4970.157178663345,1.1486443203715186,91.0,364.0,-8.93,0.00075248233,0.002197802197802198,0.004395604395604396,0.006593406593406593,0.008791208791208791,0.01098901098901099,0.013186813186813187,0.015384615384615385,0.017582417582417582,0.01978021978021978,0.02197802197802198,0.9694105479525853,0.21978021978021978,1.5075000000000003,0.16043976269014795,8.84066135869,13.825083595909806,0.1934392140099747,1.500790427653265,0.44297900459653766,1.5007904276532653,0.44297900459653766,0.03851903868480806,0.1818559354726436,0.40081115305671133,0.22462472312524695,0.40081115305671144,0.1818559354726436,0.038519038684808174,30.133618875986496,-26.585597241051985,19.152384738547767,13.713154509182589,-92.4704563488858,2.686438921783956,-10.983679232501137,5.078149081781946,86.83616005217878,-114.93011137244675,-23.764852674693408,52.66460917033877,39.99,0.7299470408625349,39.78021978021978,-2.3805641258880175,4.585627709818925,0.5349552717248753,-0.05669549932319385,0.00020564792,0.00067521893,0.0006243064770000001,2.3678505e-05,7.252747252747253,-11.32,113.0,13.0,51.31,113.0,11.64835164835165,7.042182727175329,650.1579381652175,2.600417373537121,0.01747990186471809,11.33096472738082,-0.22237639701498127,-1251357.4152441877,0.6396445164204332,4.259430930315373,92.0,39.78021978021978,0.0,1.3543773046752283,-0.00028536222138553273,11.864903832531985,0.10723430358885189,0.1499982314628197,3.8294545509005684,0.5486596832306059,0.34671157607591097,0.29573708058327175,0.17250473170000571,0.09735894403231041,0.07910725618935129,0.06173370221514356,0.047940813536137564,0.03319347072701056,0.02794381391115347,0.02883300498041174,0.024915096537831003,3.0215891202225027,0.01899901758486249,0.015354310486897891,0.011720215748016734,0.007442916805257242,0.008471928739808619,0.007915071697499164,2.41933430386318,0.00897706708246545,0.007034177336643467,0.004386771085178045,0.0034886326931042886,0.0014226317052575424,0.001061371203211491,0.0005926205046610421,1.1024351656300302,0.9461091236293325,0.9200019000325673,6.6276128436611,242.8696933630934,43.92525200546157,0.10364640291436876,0.2175790530018256,0.04736306012067973,0.20728068729815188,0.1937561810521035,0.17851614929594167,0.16196379144071424,0.1418544721254357,0.11975653603544878,5.730217211437723,12.125076997990444,3.027269114652554,11.562900503365919,11.01742736722179,10.450247362442827,9.774256238141074,8.828423602397427,7.433653468765804,2.082092301129892,5.729279772660786,12.12312466169064,3.026898583214387,11.561042460237443,11.015723504804928,10.448722501850828,9.772914239831527,8.827283875128632,7.4326887642205675,32.82464671342003,146.97015156289183,9.162115033065263,133.65770276741304,121.34616433431177,109.17580192068381,95.50985273910185,77.92094061210597,55.24486226577067,6.0,1
17025.918194085636,16.08368571408006,46.0,3750.202245393312,0.7158281901125982,91.0,364.0,-8.85,0.00071828301,0.002197802197802198,0.004395604395604396,0.006593406593406593,0.008791208791208791,0.01098901098901099,0.013186813186813187,0.015384615384615385,0.017582417582417582,0.01978021978021978,0.02197802197802198,0.976780669853725,0.21978021978021978,2.383500000000005,0.07618792684149261,8.530631389044999,5.7272183544604225,0.22731660000505016,1.173298912594242,0.3001422438618332,1.173298912594242,0.3001422438618332,0.1892716344921408,0.6120786755563487,0.5946865402102579,0.5423093310286995,0.5946865402102579,0.6120786755563487,0.1892716344921408,1.4890506702819373,-90.1303188713574,6.139522270925879,1.2608211331685801,-114.54049249426542,32.09420276375182,39.26764139294966,83.38724233292905,143.4153811368148,131.69944210726734,73.22659973786645,51.863181909466675,28.11,1.211785489698528,42.1978021978022,-2.9365501449105693,4.381315279515412,0.4939638003906643,0.003129207918964736,0.0002141023,0.00061437068,0.000627636215,1.380795000000012e-06,12.527472527472527,-29.06,119.0,17.0,57.17,119.0,1.3186813186813184,6.117156236893238,636.7724971939174,0.7165949398178306,0.02176425129597863,14.229813521336172,-0.39386729113485874,-825552.9959008923,0.5503593217327509,2.9196331784704497,76.0,42.1978021978022,0.0,0.8339326253773693,-0.00022460003176599046,13.156797556663856,0.08278732638421482,0.04680802648740235,1.6964218432228684,0.42583430543187334,0.4090745330987724,0.35689938362224244,0.23943179257047256,0.15677456897861303,0.12793276196786343,0.11844502767570317,0.11823217035118153,0.10164025078489511,0.08690938880754755,0.07612084686957227,0.06960109106837568,0.9249959944143897,0.059504519133036574,0.0505237957891656,0.04134398482822623,0.03383093883959864,0.0262392528506696,0.02067074412282658,0.45779596090117625,0.018544427368749276,0.016924365824478486,0.01778193269944381,0.021144794767282243,0.02061573865126511,0.025433480011950237,0.013123540529138222,0.23351646638262075,0.2726101518621361,0.42709828211191664,5.366215954747586,224.25956537736158,28.79627367298755,0.028298097128231583,0.1849185509043161,0.0030728312753299826,0.2118112830720593,0.2169971300690821,0.19878844624184552,0.1594444144691035,0.1129538212639797,0.07510848555541567,4.270937775051505,6.7823178289640085,3.170703539712643,6.326927640313269,5.812844057663312,5.20184567410552,4.470814761551703,3.683825683287125,3.430243429460275,2.0926779792262304,4.270844026192109,6.779796476489136,3.1707020507222428,6.323381164070642,5.80879232579832,5.1980459377395904,4.467970692697437,3.682093575550154,3.4294210445427895,18.240108696060823,45.96564026261451,10.053351494454237,39.985149346123386,33.742068284253456,27.01968157085106,19.96276211080322,13.557813099107715,11.760928700752958,5.0,1
24979.893653181527,26.513138079858408,81.0,5502.179218762451,1.368233700031245,91.0,364.0,-9.4,0.00047847865,0.002197802197802198,0.004395604395604396,0.006593406593406593,0.008791208791208791,0.01098901098901099,0.013186813186813187,0.015384615384615385,0.017582417582417582,0.01978021978021978,0.02197802197802198,0.9350415671125895,0.21978021978021978,-10.377500000000001,0.03341729957755425,9.30033927707,1.5674026421041702,0.4798162337955068,1.1569924546893642,0.7799077265166894,1.1569924546893642,0.7799077265166894,0.923051301204442,0.5802636008538629,0.45831716651780685,0.4058582739211838,0.45831716651780685,0.5802636008538629,0.923051301204442,-19.053387574132266,-16.64289899279389,66.1401848402756,65.71677928773697,42.283913213375186,-76.53435537969511,-107.47582346201513,-64.83411312207639,47.44661245920942,143.63029578114782,151.228709837953,97.7270289214306,19.99,1.5510452995158373,42.637362637362635,-5.5216263403128,4.459002190646608,0.3947619281918767,-0.004778696949977964,-8.58,1.08,0.050000000000000266,0.0,7.472527472527473,-20.5,97.0,14.0,40.489999999999995,94.0,1.978021978021978,7.409511803879358,579.0203685559964,0.9951185934949996,0.023985410182807615,12.754785364557291,-1.110744891515141,-804962.4431691575,0.39981977460212165,2.6654806422639594,81.0,42.637362637362635,0.0,0.9808473796385321,-0.0002555178018626058,14.502256396492948,0.07051268783103415,0.04479235526525468,1.3236971901731809,0.23101004632753366,0.126841784811391,0.07255176283224901,0.03623297161394758,0.017766341475720045,0.010067325517158323,0.005333265249235342,0.0035737080199519156,0.0028831938309928336,0.002664362283412805,0.0025958821812593147,0.0022791946914084748,0.4924925964334807,0.00205552674754128,0.002226008227710243,0.0019118535369064633,0.0018849490267415817,0.0015349042715324284,0.0011031907252508518,0.11488101590382348,0.0008749099928308005,0.0008803968255666777,0.0007640098566608373,0.0005395712346367683,0.0005042385688744634,0.0005641434605016963,0.00024691327204475947,0.11179951306369137,0.17654715044931665,0.29473965099233157,4.9409015098250455,179.22191539911202,24.412507729791418,0.004849708330924815,0.07445524509282363,0.0072464587273626015,0.01224833828670743,0.039594129178570275,0.07995756208857763,0.10444817256992049,0.10270227606282668,0.06355481873873699,3.3528057383979037,5.074216903570872,1.6602509978396833,4.676717958776944,4.269580714071077,3.860321888066947,3.5441115833996224,3.5256707663223943,3.7871743586493207,2.098665068947384,3.3528022309350454,5.0736706240120215,1.6602351835398432,4.676701919532183,4.2693971212458415,3.859493732052639,3.5425721580278617,3.5241745976883516,3.7866410455476207,11.241282799763017,25.74213360096254,2.756380864663577,21.871540844156005,18.22775177890228,14.895691867753609,12.549817494834182,12.419806594991856,14.338650407825979,4.0,5
26349.81504901893,27.383918317410618,46.0,5803.9240196076935,1.5305689877023394,91.0,364.0,-9.27,0.00047531391,0.002197802197802198,0.004395604395604396,0.006593406593406593,0.008791208791208791,0.01098901098901099,0.013186813186813187,0.015384615384615385,0.017582417582417582,0.01978021978021978,0.02197802197802198,0.9361938167724063,0.21978021978021978,-7.791,0.04985621404170621,9.135286469260002,6.341093066866485,0.3962637424195785,1.367563605424151,0.4400584410309659,1.367563605424151,0.4400584410309659,0.4610913154758203,0.5675732387606878,0.41960956154891643,0.4232670340689254,0.41960956154891643,0.5675732387606878,0.4610913154758203,7.183718735287375,-57.5168902601173,62.27604324048639,36.342446086555015,-44.67202754258962,8.722501010495087,-11.206294449790692,2.47521428831843,8.945978674904097,83.12737210869707,61.4285245378905,34.239588289361315,25.41,1.2559198766483677,40.879120879120876,-5.296720609594809,4.517132228564025,0.5504133276317908,-0.006166119412775329,-8.16,1.3100000000000005,0.05999999999999872,0.0,8.351648351648352,-13.65,92.0,13.0,39.06,90.0,24.835164835164836,7.609972498400715,647.3920476091245,1.9671164913335895,0.02203656247983338,12.50782645874715,-0.8395533164753777,-986745.2425202946,0.5206795982386507,3.106386954192184,76.0,40.879120879120876,0.0,1.0231414575064413,-0.0002606942580801086,13.188579813567745,0.1384020767178341,0.02443715095962909,2.6218486938013403,0.46256401747160764,0.30658857952719326,0.2329427209280879,0.16654824015002245,0.16116234443653238,0.16960162285006197,0.17292155993810215,0.16231779317746983,0.14443715858364115,0.10849735138124311,0.07742109342655872,0.051019161946829615,1.340150649445783,0.04043017603642956,0.03746780697450438,0.039545757132488965,0.039174554459188944,0.03254252088868095,0.024645369476715254,0.7791594952027509,0.019443860980700597,0.019226941300692982,0.018689708368850033,0.02030246137719018,0.020755302725507383,0.018409139504246795,0.009022553478849815,0.6783586629127296,0.584894624516253,0.4997173497317606,5.4641039714036195,249.88765074483302,29.856432210308803,0.010618926231642225,0.04345011531162399,0.007331779041792114,0.09634768933406271,0.13162047034354568,0.14353762567601022,0.125426695228367,0.07824078301276377,0.025758959632543686,4.30301802674478,7.417096045181185,2.642984874172837,7.080388037316518,6.7317633285322716,6.351514813632544,5.938412607735349,5.504486661016158,5.030084871011027,2.0952172822418893,4.303004924107831,7.416968776455902,2.6429747047829446,7.079732472469199,6.730476473709601,6.349892706007633,5.937087875704235,5.503930575613973,5.0300189150313015,18.515851376896237,55.011425830921766,6.985315290122492,50.122611881734834,45.29931356315842,40.321137377808945,35.249012443834225,30.29325178117836,25.30109028557267,6.0,5
27145.334744454314,26.97440433274722,50.0,5979.148622126501,1.3582137399181036,91.0,364.0,-9.41,0.00043474173,0.002197802197802198,0.004395604395604396,0.006593406593406593,0.008791208791208791,0.01098901098901099,0.013186813186813187,0.015384615384615385,0.017582417582417582,0.01978021978021978,0.02197802197802198,0.9436362454143894,0.21978021978021978,-7.727000000000004,0.038758481528744115,9.275279641764998,8.940203216934028,0.40667725417808653,0.7413702869265305,0.6112994669891355,0.7413702869265305,0.6112994669891355,0.5644178087449858,0.6002991964558874,0.5381065808384862,0.48795594116965596,0.5381065808384862,0.6002991964558874,0.5644178087449858,-44.74807377316634,-36.807311809212614,116.74971182879518,115.63865853152402,-16.599865663510027,40.39643911983824,45.3033137416895,32.16716994649857,35.10681959807293,55.78648456292083,84.89377460278229,104.78267594141109,29.97,1.2079177438722881,46.59340659340659,-5.438899287424875,4.451258936579941,0.63780946072911,-0.008765304673788455,-7.83,1.7899999999999991,0.05000000000000071,0.0,16.263736263736263,-38.57,102.0,13.0,68.53999999999999,99.0,17.36263736263736,7.723993550064503,688.3148750358023,1.2650011227675477,0.023429949088405674,18.34331372653957,-0.7322145798647556,-615616.0647833238,0.5786660557765487,1.7775617644379063,77.0,46.59340659340659,0.0,0.39423869519677124,-0.00013837777692131623,16.221983611979077,0.13004877226875833,0.13114314947930922,1.18405407913269,0.13186509214343076,0.15030993205057286,0.12640000303863377,0.13430016158760563,0.12035806954926569,0.10836712831670961,0.09504852808062307,0.08266462546579317,0.0766523054767486,0.07142260976083478,0.0646222293890531,0.062356114196738505,0.4707050366716759,0.061545660901373936,0.06081395104304046,0.05703012756605631,0.05839257748847429,0.0577972440334515,0.056827153133599075,0.09097243377489174,0.05488276183706724,0.05861147516984386,0.0583989144054378,0.058401911805800844,0.0568952378276046,0.05555447872922249,0.027997216412328413,0.15429260416196022,0.17471893902717772,0.10202892175079963,5.484382454086079,289.565495171016,30.078450902687244,0.07861597929041175,0.22700101647416301,0.015043166736986524,0.15334469837119552,0.08443307289323908,0.020790181964247915,0.03485264069384437,0.07734961160187284,0.09711432644235522,3.3011210666054462,5.465829749531067,2.9951570881897123,5.177228003368656,4.920360212897739,4.688445242149001,4.484954779992019,4.265830689175645,3.8770615820856675,2.1097559981602907,3.3001848166711043,5.461113933015731,2.9951193108234597,5.174956541106993,4.919635726440413,4.6883991465065655,4.484819357790225,4.265129365716566,3.8758451102803715,10.891219824186491,29.823765389378543,8.970739686067597,26.78017520234605,24.202815680868895,21.981086556963493,20.113604672009924,18.1913285062978,15.022175318884264,6.0,5
22922.980257270854,23.883978765669177,59.0,5049.114594112523,1.239846145292974,91.0,364.0,-9.16,0.00052777531,0.002197802197802198,0.004395604395604396,0.006593406593406593,0.008791208791208791,0.01098901098901099,0.013186813186813187,0.015384615384615385,0.017582417582417582,0.01978021978021978,0.02197802197802198,0.9546789995321358,0.21978021978021978,-7.395000000000001,0.07005417359156829,8.98541971927,5.474911120861272,0.34848417866970577,1.1827191618078,0.3751696418220812,1.1827191618078,0.3751696418220812,0.3791560295373955,0.5327878797562242,0.6720875333860759,0.5630949496433627,0.6720875333860757,0.5327878797562242,0.3791560295373955,-5.43536724523587,-64.40036170657366,7.649164415746165,39.25338280792329,-42.5296593958507,13.881437264357706,85.81781717438791,57.516931008635844,90.70456426459481,51.45679695534115,-5.2427367228297825,9.948762209003736,26.52,1.6710446041199711,41.75824175824176,-4.68806922401695,4.628466854627005,0.4487747282378876,-0.00017428692643171843,-7.74,2.0600000000000005,0.040000000000000036,2.5964436000000003e-05,7.912087912087912,-13.38,104.0,17.0,39.9,103.0,2.197802197802198,7.0978994350164095,604.4725600618689,1.58460504302618,0.021136154136559903,13.05711930903632,-0.7711809850197469,-882733.9836297407,0.461450363980295,2.7903792979615414,94.0,41.75824175824176,0.0,0.9234682194158619,-0.00024918064053802594,13.741188107824557,0.13147341533011536,0.0958262386369991,1.5757400922195837,0.30034452604425804,0.22974241771075088,0.13411294080977385,0.09247934316289753,0.05848911923593943,0.0447511951762611,0.030287975957138672,0.026668934873017656,0.025870899723207226,0.025492198671276396,0.026169460814738806,0.023712318418569193,1.00683677888602,0.021670384645441413,0.022010835765161437,0.023812162918163363,0.023281684521910866,0.02098902324747913,0.016470636987935775,0.3733309578988927,0.012167948098497475,0.008648213261327095,0.004118070046910534,0.002392747976409712,0.00135196237765701,0.0012383924325073267,0.00043980700454722237,0.2546866817396111,0.31169347093901006,0.3735552968371882,5.329369882118465,203.74372662000098,28.402183340431385,0.07318438533417772,0.1492069099623714,0.01116770732327664,0.19751296038571614,0.22888725979175828,0.2394960311568655,0.2238889854584567,0.1806717940745309,0.12415775248108248,3.091283977869198,7.421285999848046,2.3934048159373273,6.993899465107322,6.466286228975837,5.817887303979488,5.060993478899934,4.214587595450898,3.3638881522398987,2.085845639617685,3.0904175571553547,7.419785926127525,2.393378761346631,6.9911099518251145,6.462233995867649,5.81295573119784,5.056038836446773,4.210713277172227,3.361596102044207,9.550680677574071,55.05322318956009,5.728261895265133,48.875618358508156,41.760468217347565,33.790454332865814,25.563528715658038,17.73010630255447,11.300328353278806,4.0,5
25214.909548672265,25.927072339353117,53.0,5553.94483450931,1.2743366759236072,91.0,364.0,-9.19,0.00037882045,0.002197802197802198,0.004395604395604396,0.006593406593406593,0.008791208791208791,0.01098901098901099,0.013186813186813187,0.015384615384615385,0.017582417582417582,0.01978021978021978,0.02197802197802198,0.9480507400583845,0.21978021978021978,-7.789000000000003,0.03355436393259777,9.025233403004998,9.52102225638435,0.5133714091126154,1.4567554315394133,0.3442704358711011,1.4567554315394133,0.3442704358711011,0.7323132740528842,0.43601186931334546,0.5209219466315997,0.4491866495174498,0.5209219466315997,0.43601186931334546,0.7323132740528842,7.48914508483926,-91.72091077149271,104.66285638835613,98.41733930177004,2.2735159958795825,-95.42619206680222,-54.26681300250986,-15.959972242619537,82.48899159479907,99.77814952955258,123.05732313441861,90.40653465795728,26.63,1.2138360419925294,39.12087912087912,-5.318675651218216,4.24765456021606,0.3599608787879267,0.07918646102193828,-7.68,1.8000000000000007,0.050000000000000266,-2.2293199999999904e-06,10.32967032967033,-35.95,93.0,13.0,62.58,93.0,1.5384615384615383,7.444285299708463,568.7710545186045,1.3627790502951043,0.022259737734005143,13.319525430171744,-0.8326138986663207,-942410.7637534561,0.5424534532927721,2.7369934391243937,78.0,39.12087912087912,0.0,0.8436892722504591,-0.00024368039833049643,12.899517286772875,0.09673465802777381,0.023770059891346677,1.5538904440795176,0.17877945921000593,0.1333624060139176,0.0859582955632029,0.05059401945283241,0.027805206540068968,0.014525503316761708,0.007682632705440113,0.004906943587239586,0.0037374074113497324,0.0035941089921710666,0.002761599834220717,0.002354233246889453,0.4720020353602526,0.0023069760809975724,0.0021893930956628253,0.0018329263202764672,0.0011868289925617164,0.000650691385003454,0.0005687489205586968,0.1400234703552287,0.0006060438112651169,0.000465090252337395,0.0003082478220553654,0.000514850387874797,0.0006637108755379055,0.0007461561093904814,0.0003905543939222454,0.11804674220004426,0.173646765619741,0.19990765012091646,5.208557664132559,163.42223896971873,27.129072940594014,0.0012119136673188608,0.03365084151596244,0.045727923354534364,0.028359838181111784,0.080968667160918,0.12229124056265754,0.14726636883183464,0.1434084094236708,0.09354318257023941,4.8734979602354604,5.087283362368762,2.7221203289724483,4.746236124083788,4.429666753414602,4.1504644804223885,3.9902078196892106,4.17436830583893,4.808963857981643,2.104455443079381,4.87349780954957,5.087172066079473,2.721736218378032,4.746151395092263,4.428926689531545,4.1486624658713245,3.9874893179693927,4.171904215211461,4.8080539785206575,23.750980899684457,25.879319629899292,7.407848042430751,22.525953065136235,19.61539162124485,17.211400255729536,15.90007106092001,17.404784780899153,23.117383060368326,3.0,5
26737.571946899006,27.612741624248795,43.0,5889.333027951323,1.4423295335406496,91.0,364.0,-9.42,0.00039470437,0.002197802197802198,0.004395604395604396,0.006593406593406593,0.008791208791208791,0.01098901098901099,0.013186813186813187,0.015384615384615385,0.017582417582417582,0.01978021978021978,0.02197802197802198,0.9485172719455591,0.21978021978021978,-7.247500000000002,0.03288873930243624,9.210239224125,9.251260238556064,0.4776060351732135,1.3344048889661484,0.5060316952893799,1.3344048889661484,0.5060316952893797,0.5731434422387014,0.37902163237008313,0.583679731873529,0.6067078994165691,0.583679731873529,0.37902163237008313,0.5731434422387015,-1.5422708783595684,-56.99464341725603,96.04757578866442,93.62483497125908,-30.30111886122708,-108.04629024492783,-19.383154853008975,43.59295409143381,104.56358326831749,88.2938062003447,71.86215228799591,66.75130159247256,27.98,1.107476660879136,40.879120879120876,-5.6337591545522105,4.132630584006926,0.44825787978919346,0.07945119935623352,-7.67,1.8599999999999994,0.0600000000000005,0.0,10.32967032967033,-36.07,86.0,13.0,64.05,87.0,7.912087912087912,7.665761174781603,600.2311268044153,1.434680013828089,0.020712761150142926,13.39348639011697,-0.8925054013481797,-941071.5282705035,0.5521431250154061,2.8128628542697203,68.0,40.879120879120876,0.0,0.9060722634328364,-0.00024213011744588937,13.383626849680647,0.1079322623276282,0.01334720069556114,2.2337558731447302,0.12464864911448974,0.1317235200156231,0.12521787314182428,0.09587541484597657,0.07331258493585442,0.05047286180092465,0.033352940685101556,0.018950192846875272,0.017737743322086875,0.017334728365985468,0.014721273761759471,0.014922286254813732,0.4920619038467331,0.014311405285523868,0.011714938202950689,0.011984937776670994,0.011906455451663314,0.009942701835120292,0.00986000419637313,0.23152490371156975,0.01007032364473906,0.008957274413397363,0.009518812581550755,0.00966210270422101,0.008108983729427558,0.007682181441553238,0.004464189066600995,0.11643691649185677,0.11494051995476999,0.14625175727482323,5.1985240383485944,203.50907742429382,27.02465217728818,0.008507553194674809,0.04006388975745521,0.046136859583905794,0.01862692901058746,0.06845475602390372,0.10687043080277507,0.12858846177087538,0.12327334568133443,0.07683913185837772,4.789902735125171,5.217782316581298,2.725379086440364,4.942756778828694,4.721434351458535,4.5214433367813305,4.325651610518707,4.226949130250287,4.503734917534328,2.115474665257864,4.789895179802813,5.217628502295463,2.7249885421766913,4.9427216806302825,4.720938072196074,4.52018014671366,4.323739916216341,4.225151196344125,4.503079385846222,22.943095833498226,27.223647187965998,7.425562554994249,24.430497612172648,22.287256281510384,20.432028558744324,18.69472686308249,17.851902631968194,20.27772395523319,3.0,5
24218.844747600742,26.870114713736513,52.0,5334.547301233643,1.4595088705515327,91.0,364.0,-9.27,0.00040206858,0.002197802197802198,0.004395604395604396,0.006593406593406593,0.008791208791208791,0.01098901098901099,0.013186813186813187,0.015384615384615385,0.017582417582417582,0.01978021978021978,0.02197802197802198,0.9432604480170927,0.21978021978021978,-9.180499999999999,0.047144611315163114,9.015271279730001,5.895156683881131,0.48554724533659377,1.6918825050714006,0.6650741247982094,1.6918825050714008,0.6650741247982094,0.93230201619981,0.5527716526026004,0.45441658917539796,0.07223415520484766,0.45441658917539784,0.5527716526026004,0.9323020161998099,24.99045366258917,-27.263468035070606,28.272724217817057,-27.786448772595598,59.82957019774215,-29.892041501281323,-56.66844688771853,-157.79551894854902,-20.423084149611444,7.45255490518671,69.23124771759905,-12.557142487015788,27.67,1.285832931381183,34.065934065934066,-5.484040475858372,4.091005787985187,0.28375088583484137,-0.011761620657312776,-7.66,1.8000000000000007,0.0600000000000005,4.7066094999999986e-05,3.0769230769230766,-11.12,97.0,12.0,38.79,97.0,1.7582417582417582,7.295767966054508,529.2867567567564,1.7072629721168162,0.02018034690189026,7.8785223907686905,-1.3342392233072597,-962758.1941422618,0.4028629932378979,5.3750027302947325,71.0,34.065934065934066,0.0,1.7592163226400044,-0.00035772817449946845,11.005047240859188,0.08015802547119599,0.15975928703406714,1.8741401326335516,0.07136416749033961,0.05592041421692741,0.019062986541718743,0.007960899233313204,0.004289473353691373,0.003912154066809195,0.004238267882152012,0.0035527851332961915,0.0043043041900140125,0.004519085305634349,0.00421907646361842,0.00320487738814408,0.29246041162899816,0.002585678552911839,0.0024623635803881043,0.002511621310412781,0.003107401743312499,0.0023457244969048727,0.0023144629751606196,0.2714874668583929,0.002192918797751253,0.0024493669105682607,0.0022378234751737553,0.0024561751065526024,0.0018255658880835328,0.0016279020554282187,0.0008348605631178221,0.08571510557296186,0.031291652346516874,0.040078563314405916,4.811811537628444,128.822902169018,23.153530273654205,0.08844748416752848,0.05673384755130209,0.016939947354652908,0.013499004624579708,0.07555792832510892,0.12658258187690893,0.1618217635501054,0.1733958914164253,0.15023181367981342,2.5605203910055585,6.37163705439823,1.078925706844999,6.111008179855198,5.8639293860423525,5.572990889889428,5.163971582942446,4.572130819281234,3.7750363494278454,2.036920485945551,2.5589923241971033,6.371384466779772,1.0787927136733,6.110993270421044,5.863442576162766,5.571553132543558,5.161435481169812,4.568841657735711,3.772045842995547,6.548441715299694,40.59454002352256,1.1637937190746026,37.344238751131286,34.37995884395826,31.042204308755935,26.64041622627865,20.874314093461205,14.228329841659988,2.0,5
13396.30349946069,11.402654879830695,18.0,2950.7276430530155,0.6498951537435714,91.0,364.0,-5.97,0.0007992611,0.002197802197802198,0.004395604395604396,0.006593406593406593,0.008791208791208791,0.01098901098901099,0.013186813186813187,0.015384615384615385,0.017582417582417582,0.01978021978021978,0.02197802197802198,0.9933404533394292,0.21978021978021978,-0.8864999999999998,0.3403028485170222,1.91573360696,8.906192077828331,0.21105820302415723,1.3179710648214857,0.42524097028884555,1.3179710648214855,0.42524097028884555,0.4207280739804917,0.2320230379517029,0.4845332541560329,0.1664787519821411,0.4845332541560329,0.2320230379517029,0.4207280739804917,14.479757657343688,-46.42965179725598,59.127561748478605,33.8415117007061,-28.677409765007916,-92.5250410370272,9.144499703883053,-54.2561516989227,99.5267096674403,46.225745876705474,56.38716448320137,50.98395251059081,31.62,0.5194023939339952,39.78021978021978,-2.052459225807957,3.5323940582764517,0.33991965567606397,0.040507754824625555,0.00039518262,0.00038340323,0.00048600496,0.0,8.351648351648352,-18.39,113.0,19.0,50.010000000000005,114.0,3.5164835164835164,5.4260874738194165,563.5175766818606,0.4648758165193872,0.01654179322819621,12.049244810429316,-0.2844247068824417,-876117.3204388998,0.5856792263530944,3.389382417053816,78.0,39.78021978021978,0.0,1.1354391362964205,-0.0002703064962655679,12.53647779879818,0.09684087624857307,0.20841947604119537,2.769088317004185,0.10418718067708935,0.09044468986471853,0.05955296094943853,0.0391949210567149,0.0213300620620809,0.010995819302269793,0.00618636910988486,0.002141656427051043,0.003936386415507824,0.00042458149574867415,0.0038143123291360377,0.0014733525950973438,0.775536686334918,0.0025504830220685524,0.002616636668471285,0.0015025880364408063,0.0025499496994334093,0.0008116138409809122,0.00204997041956757,0.2993189068055263,0.0014016747645989344,0.0017273186042946556,0.0018371057009717324,0.00133593200192091,0.0022003086533363045,0.0008833263754416525,0.0009572082406587824,0.1443309384620712,0.0658384485269515,0.07780833696849047,5.022931056657635,154.32352367693304,25.22983639993578,0.06459403390731944,0.01636686976316085,0.0142816890182268,0.07831057335685146,0.12917834983310483,0.16760022823653942,0.19082659287627748,0.19116931093748576,0.15330376799952863,3.9917697610723866,8.602969771625315,2.1313175121878234,7.686805896787044,6.817261718906672,5.972688865041846,5.194357658607002,4.605233926865705,4.347940770025507,2.0067291913152117,3.991247102873421,8.602954202892928,2.1312696617550015,7.686406985645543,6.816037727155326,5.970336878442448,5.190851249745117,4.601264371421252,4.34523726560094,15.930053436195475,74.0108210170731,4.542310371117279,59.0808523489806,46.45837029800474,35.644922442089914,26.944936696980445,21.171633815710614,18.881086894367137,8.0,2
12143.71309824917,10.985518195523193,19.0,2674.8266736231653,0.787860173834659,91.0,364.0,-5.26,0.00071960683,0.002197802197802198,0.004395604395604396,0.006593406593406593,0.008791208791208791,0.01098901098901099,0.013186813186813187,0.015384615384615385,0.017582417582417582,0.01978021978021978,0.02197802197802198,0.9913491770434532,0.21978021978021978,0.6039999999999992,0.2657442465691768,2.79065403186,11.522100366234497,0.2542467938427352,0.7261632139567263,0.3723962025199519,0.7261632139567263,0.3723962025199519,0.4774790744407225,0.4315993929725649,0.35313156361941545,0.3054550842230529,0.35313156361941545,0.4315993929725649,0.4774790744407225,-33.057858710098216,-43.72998949880734,110.40545855801044,106.31005599146768,-11.796046947484733,21.159205049025974,16.94136410079446,15.498018990344397,30.443849506895937,77.44856510241166,115.74149462668275,62.044348671843004,22.29,0.5726187220647173,45.494505494505496,-2.0659627181920124,3.3192377391753074,0.5595200859099058,0.01006671220403084,0.00027365284,0.00052232693,0.00053104466,1.5091099999999284e-06,14.285714285714285,-39.67,110.0,14.0,61.96,109.0,26.373626373626372,5.166186150034798,655.4588441464525,-1.218754146882175,0.016720010937081673,17.48875796182157,-0.25814661954552026,-576827.8249440185,0.6677108052705412,1.9597602940530923,79.0,45.494505494505496,0.0,0.5023839549322,-0.0001562899493411197,15.349162889188626,0.10621634102444066,0.09828382182122183,3.3407610207763634,0.19775001507493378,0.1978162409721162,0.19595941795544644,0.1686480222371131,0.16440265232775184,0.1659684221961737,0.170008919903237,0.18350901986797308,0.18457821261383442,0.17713933792103398,0.15424015944773742,0.14220499354753066,0.4147591491611279,0.12564811935692377,0.11546430716771168,0.10736182191652005,0.10344974102316046,0.09847228132271606,0.0962131159437261,0.20543912597032798,0.09311235910757969,0.0921390654715463,0.08976192351166792,0.087776304678352,0.0815504184469499,0.08329458773367346,0.04017097648473395,0.2862627911035687,0.33945713261127225,0.2239175843924884,4.735111126874642,254.0221190030972,22.42127738385204,0.0061554145951326494,0.05149144735397497,0.005769880753181068,0.012689813889354829,0.01996660437134827,0.04460343179746894,0.0552738222530762,0.044270868317320966,0.013387675721047943,3.356005614438362,7.1381917058750695,2.62310052650613,6.225806431573255,5.449844430701183,4.846226883843891,4.436965413412198,4.184696660064843,3.9092277179333323,2.067321449974673,3.3559999694596203,7.138005986315298,2.6230941806639025,6.225793498988089,5.449807854737137,4.846021620212105,4.4366211112049685,4.184462477663803,3.909204793918711,11.262735795012972,50.95112946067303,6.88062308063283,38.76050469204236,29.70040565355459,23.48392554356316,19.68360688438961,17.50972622697629,15.281882120797034,12.0,2
20078.124489759255,14.56362127893306,12.0,4422.494381004241,0.6894488339642574,91.0,364.0,-7.81,0.00071355112,0.002197802197802198,0.004395604395604396,0.006593406593406593,0.008791208791208791,0.01098901098901099,0.013186813186813187,0.015384615384615385,0.017582417582417582,0.01978021978021978,0.02197802197802198,0.9930305329640835,0.21978021978021978,-2.7650000000000006,0.2657303997587975,6.140620824065,14.616817730917234,0.1848796742242444,0.8284304572164923,0.05030765456122355,0.8284304572164923,0.050307654561223505,0.5382554087044235,0.28760978103806434,0.43437501097368414,0.4090030810286486,0.43437501097368403,0.28760978103806434,0.5382554087044235,-19.235908096672265,-112.31539696460392,61.524205235796636,53.427991974784575,53.889425401274494,-21.341517352670767,61.33580298603057,68.79335092766154,99.80029984153494,67.32155192330524,57.94270737933328,49.82253532650342,39.42,0.47010049842833107,41.31868131868132,-2.377994243881438,4.048803441020328,0.7167570219770397,-0.08682603021744492,0.00015261647,0.00071869324,0.00064781224,0.0,16.043956043956044,-37.28,113.0,12.0,76.7,113.0,28.35164835164835,6.642871828609899,720.9259429420722,1.5611977412562865,0.01601994466638575,17.314983732511187,-0.2105866683582445,-812666.3063241141,0.7264153509536155,1.961793666872659,94.0,41.31868131868132,0.21978021978021978,0.3562498425523166,-0.0001599323961960107,13.825097323277918,0.14284151352971863,0.13736634158758684,5.9245229805355475,0.5555971903030087,0.31613384890808766,0.17556589832550504,0.08347044020300419,0.05219081834240587,0.038527516939051154,0.023630977587928006,0.02409399135627201,0.03011518782637143,0.03398949796324738,0.03902038649517111,0.0442115065142582,1.3796374956650808,0.043039871318188434,0.04022037093152417,0.041086848613410845,0.03653795904142684,0.0356313935216119,0.03499911883503835,0.5378900120170277,0.029505744970102735,0.02639126201274644,0.023222967259518435,0.021893893398652428,0.019448571171109194,0.018039842235868155,0.008903670696352077,0.4693114192242815,0.44619621949317295,0.570530772766718,6.20265181252388,325.407687977576,38.47288950740577,0.07600724765288674,0.1482555182399938,0.06294813118058983,0.1941622447680719,0.22894656160659832,0.24824344352921984,0.24293463603469462,0.2025040748662169,0.1280856416624193,4.452739259515706,9.24596270999377,4.14924319162375,8.475394485048323,7.75216923185728,7.0586034308031325,6.345690762276369,5.528336352408577,4.7048153987365176,2.0582463014228938,4.4520904990281505,9.244774022976804,4.148765671379491,8.47317016823657,7.748787729140811,7.05423685355762,6.3410388749048305,5.52462622491556,4.703071550017944,19.821109811536722,85.46584673590674,17.212256596016914,71.79461269989415,60.04371127128321,49.762257586090506,40.208774013054324,30.52149492502476,22.118882004588183,4.0,2
15447.419782906707,12.966936074143094,11.0,3402.5153706842966,0.789440512739901,91.0,364.0,-6.83,0.00071069707,0.002197802197802198,0.004395604395604396,0.006593406593406593,0.008791208791208791,0.01098901098901099,0.013186813186813187,0.015384615384615385,0.017582417582417582,0.01978021978021978,0.02197802197802198,0.9926547355667868,0.21978021978021978,0.24450000000000038,0.32396369110956846,3.5506119564399996,7.519600154908886,0.10771095878401374,1.1456640117779888,0.14138071602854344,1.1456640117779888,0.1413807160285434,0.34956020176067054,0.24030142376454894,0.39689982508138855,0.26168643144035636,0.39689982508138855,0.24030142376454894,0.34956020176067054,8.560937453634947,-77.94060129377348,40.00576469185528,12.433897059874491,-17.55580771261303,-53.972727053095284,36.10585996862282,13.219530734091663,87.38323405238476,76.28503592163321,57.07285800100098,29.754764096754826,31.93,0.44568766207864696,40.21978021978022,-1.8096273047840894,3.6544904918768744,0.6463069815881439,-0.027597983583744483,0.00023082477,0.00053692024,0.00057184337,2.0974474999999965e-05,11.208791208791208,-25.68,114.0,16.0,57.61,114.0,10.76923076923077,5.826694873532122,681.8670648733287,1.0065088012893926,0.013057308335308214,13.993635382817843,-0.1867424036023562,-918364.345414611,0.6715816948638504,2.761479800176516,85.0,40.21978021978022,0.21978021978021978,0.8458267151887952,-0.00022955051447711537,12.918022665262548,0.14304426079735333,0.16736920103051556,3.4876345746461856,0.6145759839701742,0.3976229414751182,0.1613025758155865,0.10905813141242379,0.06962287244376145,0.06584742683544234,0.04162116302514492,0.0391707248046674,0.04950385511950679,0.04988739573299327,0.0659432138808261,0.05360590951301187,1.1800024603948562,0.05583466745974049,0.05185572780971527,0.047830123974047366,0.04148444575888617,0.02913754332102207,0.02289522926780384,0.7593164771370684,0.01266029151937905,0.013344679701944862,0.007318302098474566,0.0050281675504960325,0.0038169482915563838,0.0019416921096202912,0.001191643320449447,0.6919911212902684,0.7803384574147963,0.8858769314112903,5.538557769584549,293.42336964101736,30.675622167025377,0.07088061527984583,0.24650555000771132,0.02787941302285949,0.26961908365036197,0.27601877957261817,0.2613830536349753,0.22070180261554798,0.15640098221376197,0.0949599251878399,4.881837826366601,10.168383644668813,3.0829151719711314,9.375168639683633,8.634554619821369,7.850256045437836,6.936233343713847,5.9300908143969115,5.202164993521966,2.060497334243459,4.88132323262057,10.165395268211837,3.082789109864522,9.371290870111704,8.630141778441523,7.845903318178586,6.932721234318457,5.928027985743421,5.201298225677289,23.82731650132133,103.33526095898361,9.503588695899293,87.82109257223898,74.4793471160018,61.55819887820575,48.062623712770026,35.1415157997572,27.053503232433712,16.0,2
21991.446882641427,15.746419613283043,3.0,4843.931031418816,0.9356174669789813,91.0,364.0,-8.68,0.00071382885,0.002197802197802198,0.004395604395604396,0.006593406593406593,0.008791208791208791,0.01098901098901099,0.013186813186813187,0.015384615384615385,0.017582417582417582,0.01978021978021978,0.02197802197802198,0.9926547355667868,0.21978021978021978,0.17649999999999721,0.21364328203627536,7.255592876875,7.514745668890985,0.15778215948824995,1.4615584557044623,0.016405360181871997,1.4615584557044623,0.016405360181871997,0.09451906431968396,0.48898880133022227,0.3017923007331526,0.43852310804191746,0.30179230073315255,0.48898880133022227,0.09451906431968393,30.051949496628033,-125.71060864438358,101.89206659954777,-10.368474398600434,-114.70548805546225,43.35740664305179,-55.38753292242346,95.65068186985711,48.267664457220526,112.2083718450251,117.23868601208045,11.275383645987153,33.04,0.3922752909464745,36.043956043956044,-2.4139617820496175,4.471467824683954,0.8726368833598939,-0.035658908197709255,0.00020968254,0.00063411927,0.000601969645,-3.447170000000008e-06,12.087912087912088,-39.99,110.0,15.0,73.03,109.0,25.714285714285715,6.952183131327858,790.0227343724255,0.4556836120245795,0.02019062164888702,13.590487898089993,-0.21815681038666623,-1162172.5969323893,0.7337224190948444,3.3236703704890505,89.0,36.043956043956044,0.21978021978021978,0.8615801546494839,-0.00023800080824985505,11.629340770645705,0.1442946756683453,0.06795161297104738,4.612399371027587,0.9015760745605635,0.9589002932619383,0.8219696456047043,0.7068539247607473,0.6400674225171848,0.5793810214545762,0.5486679098650514,0.5063107060251016,0.4293226249686371,0.3321382619516555,0.22724677178295227,0.1372659736158668,2.1995087922330083,0.08471247226425768,0.053674356214610495,0.04237455947775756,0.02976442448072871,0.01681017679916544,0.006330106122163564,1.5513966801375447,0.0009366786909954664,0.0022056520140985286,0.007433277079548561,0.010914866427427011,0.008307319241297727,0.0032339066639274104,0.00048074799820740384,0.6857942997325526,0.5662017969519718,0.728378981619843,6.519634867561484,396.1771450453918,42.505638806323454,0.03541844799775837,0.15920381121859417,0.027558816852426508,0.09964998432094674,0.054528762523324725,0.028804052991112165,0.025193426177824847,0.0332882403474429,0.018674553762088826,7.059544484528913,10.634306097627356,4.941915233712068,9.731757478045768,8.79692876461437,7.802171531508894,6.768098431119723,5.929113477407379,6.0666394885137285,2.0962973161835694,7.059455635003594,10.633114328574099,4.94183839161188,9.731247273198052,8.79675976162572,7.80211836193345,6.768051541219429,5.929020030412142,6.066610746095047,49.83591386258401,113.06312032452782,24.421766688809097,94.69717349212453,77.3829823037574,60.87305093361911,45.80652166460269,35.1532785210284,36.8037659446359,9.0,2
32696.68294341226,22.562261913978038,10.0,7201.912542601819,1.1232393074101243,91.0,364.0,-9.68,0.00061770127,0.002197802197802198,0.004395604395604396,0.006593406593406593,0.008791208791208791,0.01098901098901099,0.013186813186813187,0.015384615384615385,0.017582417582417582,0.01978021978021978,0.02197802197802198,0.9866809066788588,0.21978021978021978,1.4680000000000017,0.29243774036897086,8.855461251335,11.267978150735907,0.09251114617470857,1.0292477444047963,0.3102907083153807,1.0292477444047963,0.3102907083153807,0.21131881396751542,0.011369994113220816,0.4768556995175428,0.698287856245394,0.4768556995175427,0.011369994113220816,0.21131881396751542,1.1895106966242026,-37.454545877557685,9.148133856949828,-32.73045098122096,-61.81705217199017,-114.23322264413969,127.0419672040822,159.87960936093177,60.347711928353114,52.27309565632285,33.09859303075554,-16.204065638908588,39.99,0.6134665725318622,41.75824175824176,-3.263513191602597,5.290798005986448,0.8580123066247791,-0.07363301135235681,-0.8,1.73,0.14000000000000057,8.281440000000015e-06,11.428571428571429,-30.05,73.0,11.0,70.04,72.0,15.604395604395606,8.477077422901898,751.3124247629949,2.2584731561169917,0.013513806414436547,13.948326137255547,-0.28200138293251387,-1270064.2973806958,0.6520816852407859,2.8511539226008105,83.0,41.75824175824176,0.0,0.9295016037566062,-0.00023050023250867154,13.403573458628928,0.22028982844658163,0.4034494276454329,8.49926533503615,0.768219379453347,0.7129825137740909,0.6523939515772279,0.5798998439960065,0.4848427522239757,0.34541904827169556,0.21388345510341453,0.11858698936088334,0.06843967213807942,0.046520220461731446,0.04352538438352865,0.045966016909281225,3.553592726766448,0.061568005982135826,0.06472979607376972,0.06106436803858802,0.05202615067770678,0.0406094196865613,0.023757456320836385,1.5935279039753256,0.010909785570597767,0.007096587266102472,0.00871464563208544,0.014200736501294954,0.02092552538105522,0.027697849041066886,0.016440169147898722,1.167100860771367,1.1006667729097876,0.8766912992142905,7.82370265808389,389.5375872076497,61.21032328210893,0.16712169597067325,0.4812170062409987,0.061861463214052385,0.5097203712135306,0.5106113508784724,0.4778592434467403,0.40885871483877007,0.3140756689292879,0.22665994390060473,6.689050690062949,15.209130441528815,4.4062026832480194,14.150340806615537,12.999708840574778,11.660253908487064,10.0401128971628,8.089465048813759,6.43136336792665,2.035167713781635,6.686962649287604,15.201515680363684,4.405768405764319,14.141157310720322,12.98967690083445,11.650458006183293,10.031784564028236,8.083365713003836,6.427368049220442,44.7154694729675,231.08607898034296,19.410795245231068,199.9723300865388,168.73170598807206,135.7331717538404,100.63670153907516,65.34080125016601,41.31106004013979,10.0,6
28874.735148805143,23.71302116553182,11.0,6360.073821322719,1.5793294779735214,91.0,364.0,-10.59,0.00058183005,0.002197802197802198,0.004395604395604396,0.006593406593406593,0.008791208791208791,0.01098901098901099,0.013186813186813187,0.015384615384615385,0.017582417582417582,0.01978021978021978,0.02197802197802198,0.979401519267597,0.21978021978021978,-1.0990000000000038,0.24044838872637356,9.41040893722,5.281436968043677,0.1163400833270917,0.942905390343203,0.21086939453732728,0.9429053903432032,0.21086939453732728,0.2626615083178443,0.33714751949275673,0.4964669486309539,0.6869955876893596,0.4964669486309539,0.33714751949275673,0.2626615083178443,-10.56674332334795,-83.038754937217,-33.4352915956845,-27.346116118716143,-75.66116551331548,-29.982350745017772,106.64195650610542,172.59938649180012,124.31632754429934,152.87020604267562,91.5536452859484,-12.69333137660159,33.65,0.7020241253987426,42.417582417582416,-3.862455935839753,5.306071511067644,1.0190999992947687,-0.00013025268841404194,-1.19,1.9500000000000002,0.12000000000000005,3.868727e-06,12.747252747252746,-29.53,82.0,10.0,63.18,84.0,21.978021978021978,7.966238533398326,826.8818109403635,1.1996560025893812,0.015698010553304026,14.69468250324495,-0.4133533055137659,-1056351.3562841192,0.6299685058795007,2.6407769403029526,78.0,42.417582417582416,0.0,0.781335672238514,-0.00021485600603899006,13.622816078458792,0.3184982777376987,0.07886573792627949,9.390164409082184,0.6897408574021898,1.3142267988828087,1.306219374286599,1.2070736954343244,0.8171961037596162,0.5430421834258586,0.4372879875956926,0.34130169267776034,0.27406511004124606,0.1988765851683849,0.14645226697348857,0.1482480498425375,3.5630441812867106,0.15548935417967885,0.1734181442918375,0.15468334354679222,0.1370567425916211,0.10565467563660379,0.0789735592217399,0.7099977960809205,0.07569678429908476,0.0653530337551991,0.06617782694320058,0.0589138988854114,0.05333124417719911,0.05874757288744221,0.029584298388447634,0.35359404197995675,0.07921801044691151,0.30050691887421443,6.967236935449847,462.67139967982496,48.54239051469658,0.01647730648697199,0.30507902267276266,0.0019116707193999934,0.30821982575497536,0.29100518136040554,0.2537022771463755,0.20140298750279526,0.14090413156590995,0.07373735394923918,5.997448974881654,12.653014463444794,4.410829899940005,11.504097167122042,10.345162942521048,9.072061154653017,7.57945319827222,5.88082317656687,4.899553962522038,2.040683073225043,5.997426340079546,12.649336022181885,4.410829485677247,11.499967485588686,10.341069204474563,9.068513039541543,7.576776862322389,5.8791349074292985,4.898999064533283,35.96912270467994,160.00570180206822,19.455416751719813,132.24925216959696,106.93771229173215,82.23792874833498,57.407547621423916,34.56422725975371,24.000191834297976,11.0,6
23584.906040435402,24.04293742076062,22.0,5194.913224765507,1.6631859291183628,91.0,364.0,-9.9,0.00040247896,0.002197802197802198,0.004395604395604396,0.006593406593406593,0.008791208791208791,0.01098901098901099,0.013186813186813187,0.015384615384615385,0.017582417582417582,0.01978021978021978,0.02197802197802198,0.9782179824209606,0.21978021978021978,0.9690000000000012,0.19645958194627694,9.160181486245,2.9094162167415405,0.31448713372592463,1.716480755701527,0.5210550986675959,1.716480755701527,0.521055098667596,0.533500554002581,0.42305092516118786,0.3107282430701896,0.4436220555769326,0.31072824307018954,0.42305092516118786,0.533500554002581,35.232417970703146,-46.80287861542228,34.46773868036615,-6.3105848240416345,-22.750536576099485,-15.809801848762993,-70.9548662021398,6.687263170236396,-30.923296729794583,-24.92129809761168,45.6014954502136,0.37303865488257054,22.87,1.3358139728210554,33.40659340659341,-4.665144147056182,4.582364832323198,0.5050781762935728,-0.012136153438171813,-4.06,4.060516508709999,0.11999999999999977,6.504107e-05,4.615384615384615,-16.95,72.0,11.0,39.82,71.0,5.934065934065933,7.199649875558342,598.1268014864345,0.812220316692556,0.015287588737365344,9.017759236958405,-0.8254817828388601,-1112724.60940798,0.5409297556055701,4.861835681978329,62.0,33.40659340659341,0.0,1.5513469558438129,-0.00033384885888490767,11.139222742026599,0.14744591916777072,0.22454693061336073,3.1334955243677847,0.2377089985352347,0.18607086368517683,0.15017829145455286,0.12413833646601603,0.09794886970561258,0.07982653839650126,0.06959110407609584,0.05665358120873848,0.04743281167300882,0.03974399003103708,0.032102008738213325,0.025590834595888415,0.6372800217420297,0.019481667589589285,0.014170133755917313,0.01000282361458729,0.006140816787009999,0.003610558473899611,0.002216738136608741,0.36196130054964504,0.0016692906422846718,0.0009737633741370632,0.0013319862247500455,0.0014998732587483059,0.0022901903246750643,0.002129316826070341,0.0011343173939155958,0.4305952708717684,0.3297149940371411,0.25628491072288145,5.483738543896372,229.30549203728202,30.071388417814703,0.052879381559409376,0.01448419679560046,0.008348728592511808,0.06814891561264463,0.11539985007948417,0.15417941018227901,0.17835600178303634,0.1752295246652136,0.129467848949448,3.829282429148969,8.730066328816422,1.8129830244159437,8.033874033414792,7.475146853135474,6.994386372708189,6.506525198418398,5.901427285086715,5.08199025165581,2.041906944671266,3.8289173003859625,8.730054313323452,1.812963801500535,8.033584984929037,7.474256039937541,6.992686854149975,6.504080203555422,5.898825189378946,5.080340834433561,14.660607693194926,76.21384831357742,3.286837745551271,64.53848771007729,55.86450335054281,48.89766944020187,42.30305929428154,34.79613861485156,25.809862994013088,6.0,6
25464.247737250844,24.115831594672436,18.0,5608.865140363622,1.4080271727533242,91.0,364.0,-10.25,0.00039565006,0.002197802197802198,0.004395604395604396,0.006593406593406593,0.008791208791208791,0.01098901098901099,0.013186813186813187,0.015384615384615385,0.017582417582417582,0.01978021978021978,0.02197802197802198,0.9820126363142644,0.21978021978021978,-1.9194999999999993,0.1813066692860532,9.225253816110001,4.209266485216714,0.2801687213695181,1.5645208965299848,0.34390966938916856,1.5645208965299848,0.34390966938916856,0.3606593386164441,0.48324158131633804,0.42804049162807833,0.5104247869075447,0.42804049162807845,0.48324158131633804,0.36065933861644417,25.21037775575166,-90.54983773780171,72.99513277786197,56.78399360477985,-94.16701819074977,-55.81665436444717,-50.93035337020614,22.19399741590561,46.11463676483925,120.15959403244933,116.87135122242532,110.28085697808007,18.58,0.8586559134407121,36.7032967032967,-4.628068898338508,4.733765578661934,0.7016487034360467,-0.00019733807751103055,-3.46,3.46067683693,0.15000000000000036,0.00026460659500000003,9.67032967032967,-39.99,81.0,12.0,58.57,82.0,5.714285714285714,7.4810012459770086,677.2987807837353,-0.0701405117715948,0.018235850430307333,11.872219122798558,-0.6208497885988686,-1163726.9656326317,0.6431347316285312,3.6328716994021355,65.0,36.7032967032967,0.0,1.084988289291009,-0.0002740170962878179,11.81767718696357,0.14574619299400549,0.10936948054772666,5.148387435058434,0.8952638771293348,0.727046716300722,0.4654722009028794,0.2459071859338923,0.1812961978400467,0.1833360893794734,0.1815250246789877,0.13238151391974384,0.10217132517415135,0.0795414235571842,0.06607316383982596,0.04688200582670868,0.7935925224599295,0.03041004427622049,0.022200836914971,0.019082848931250108,0.012422595388535448,0.006236075777401931,0.004761188763659145,0.4553802999100238,0.004375424055333843,0.0035514057173290283,0.001190899290756357,0.0038852259916159182,0.004452937507373348,0.004445618145965344,0.0012919966979375661,0.6524498390949012,0.66800867404079,0.8365697398895466,5.877614985224987,318.5485113599652,34.546357914541325,0.030915271770623635,0.11183828254042671,0.0026336474857940554,0.07292928233404342,0.049186552306215395,0.0387591869140249,0.032640664284506085,0.012907073839997554,0.02554813259700059,6.071945812338741,9.046984883182636,3.3899093314841733,7.882594033237355,6.737398178358502,5.690177744085921,4.938792001778398,4.860509739391511,5.675075502647852,2.064217177288691,6.071867109378244,9.04629358771279,3.389908308433194,7.882256657367063,6.737218632107815,5.690045736610604,4.938684138904344,4.860492602006984,5.675017995889931,36.86757019394932,81.83542767509354,11.491478339584397,62.12997001260739,45.390114896820705,32.37662048472051,24.390601023865347,23.62438833416462,32.20582925367457,10.0,6
23798.50396528496,19.17175011969037,16.0,5241.961225833691,0.9549089430893354,91.0,364.0,-9.39,0.00065927817,0.002197802197802198,0.004395604395604396,0.006593406593406593,0.008791208791208791,0.01098901098901099,0.013186813186813187,0.015384615384615385,0.017582417582417582,0.01978021978021978,0.02197802197802198,0.9873666244515013,0.21978021978021978,3.9989999999999988,0.21182756484121668,8.55547768404,13.975115074187503,0.2426876914258185,0.8197046716934955,0.7053366023209371,0.8197046716934955,0.7053366023209371,0.37352377866219866,0.006842569940706181,0.4611044447264283,0.4932947874740824,0.4611044447264283,0.006842569940706181,0.37352377866219877,-21.785162423734782,21.106567220012682,50.32788177415469,69.90244241252377,-49.91542973166322,-141.2197589652547,93.75029684716097,64.00530787018663,1.766732896198143,22.974649554235512,117.59890194563359,76.48618514159365,39.99,0.789270617509052,44.83516483516483,-3.6543622335206436,4.5982843772942825,0.48389079991505723,-0.08110056484991186,-1.22,1.2209404933199999,0.049999999999998934,5.3989279999999993e-05,11.428571428571429,-39.99,100.0,15.0,79.98,101.0,3.2967032967032965,7.232178393769584,606.5873083739425,1.309344345251724,0.01945730709968624,16.105288370531078,-0.3901102823242551,-908674.4028425863,0.662183582046236,2.1676557234443155,79.0,44.83516483516483,0.0,0.7196147356371159,-0.00018528857866395647,15.2146572004462,0.15892252881872548,0.5373100374942332,2.6759291225153152,0.03954540372422679,0.025127899185575685,0.031064720353818614,0.038603686486047485,0.03025691484395542,0.02016092437668951,0.03800042196282768,0.04423911114721636,0.025766429275183484,0.02592559993345061,0.03831088797585896,0.03580140970919112,0.5195893061838965,0.028960349822242923,0.027668652022914936,0.03631092760065752,0.03552907055463357,0.024896210531209176,0.029049220500330177,0.10341173385905991,0.03966468613719397,0.0343026370221801,0.02724265031155684,0.03228736487400267,0.03616454086677324,0.032671364960758856,0.014846865234818003,0.05583793633106465,0.032507674622956395,0.08803629927977359,6.240996794224911,219.68642316143598,38.95004098552562,0.1604968551162522,0.27316860101797447,0.0652050169856635,0.18713010197257307,0.10556721168418516,0.028512719657998523,0.04333461031968135,0.10932272207589805,0.1604307791138313,5.257701871250232,9.129618801100007,2.9463338213595223,8.273882879539462,7.58234110445606,6.998355595534858,6.509377981191727,6.146358601800054,5.876008584059775,2.024327166237367,5.25525163302824,9.12553112803943,2.9456122101605473,8.27176645156716,7.581606174692877,6.998297511993312,6.509233734747288,6.14538628601648,5.873818080691391,27.617669726445985,83.2753183688166,8.676631292646904,68.42212022927195,57.48075218814115,48.97616806637178,42.37012381357212,37.76577260435943,34.5017388450571,4.0,6
24796.418258005997,20.363722197160556,15.0,5461.766136124669,1.2956855187395486,91.0,364.0,-9.44,0.00060841452,0.002197802197802198,0.004395604395604396,0.006593406593406593,0.008791208791208791,0.01098901098901099,0.013186813186813187,0.015384615384615385,0.017582417582417582,0.01978021978021978,0.02197802197802198,0.9853753481555251,0.21978021978021978,-3.7074999999999996,0.2359052850602954,8.45050252445,10.132211725610794,0.2319899823231824,0.9423960535998346,0.43660641401593697,0.9423960535998346,0.43660641401593697,0.45002437281352986,0.30541444013567726,0.2921752981622997,0.2662199876637957,0.29217529816229976,0.30541444013567726,0.4500243728135298,-14.925119461628583,-34.30611545421193,85.56308005668048,79.61062820850161,-4.993320877756952,-36.8557706314127,-26.21560996645454,2.141701092303793,47.852387636204625,66.20204277351266,79.58830069695726,80.7424896895326,39.99,0.8479798583291236,43.73626373626374,-3.524730803670911,4.781855425747651,0.7948203221177159,-0.025175045754713708,-1.17,1.17089375477,0.11999999999999922,1.7888394999999996e-05,10.989010989010989,-39.46,83.0,11.0,79.45,82.0,22.41758241758242,7.382250506794532,727.183855780196,1.1319718490147477,0.01836505837986426,15.36572056420782,-0.37058915793066677,-984013.4004913925,0.6580932183165661,2.3412890707052245,87.0,43.73626373626374,0.0,0.7485149247010384,-0.00020079051149261119,14.452254052925385,0.2198052946596596,0.33137234381090785,4.054224068063273,0.32915453999321553,0.2415371367847009,0.17202586359866465,0.09319736594968417,0.05613950321284473,0.0493798996214401,0.038761142536090844,0.0357631783593966,0.03450286968052669,0.028927513973726282,0.029724185891987394,0.022873120116302076,1.074466521789315,0.022610255841708685,0.018945462733197874,0.01579588959266168,0.01522433676426449,0.014476381220312699,0.013152032283038968,0.5446799231646866,0.012957708833575244,0.013519414727796213,0.01290928584741819,0.014142183491693057,0.01220022554639673,0.013678437240048353,0.007346520628296165,0.5822036564318428,0.6553271988525654,0.47269100572270817,6.486439339631685,360.848426241443,42.07389530672154,0.017043109269388592,0.09648203395885036,0.007059037436371731,0.1419317678660296,0.17576424543534733,0.19514155989491397,0.1925967697751459,0.15533563231718056,0.07333606003382111,5.759478311536948,11.166884231195958,3.3993130968942116,10.015440642213614,8.95339286543895,8.013891689285735,7.305782170264933,6.922963847920122,6.686767579779037,2.053008431301495,5.759453094998771,11.166467420364244,3.3993057674629674,10.01443491321276,8.951667483375353,8.011515448353371,7.3032430880830725,6.921220938601917,6.686365416897487,33.17129995349092,124.6899946500561,11.555279700706993,100.28890663097467,80.13235073291962,64.18437977920473,53.33735960363317,47.9032992809416,44.7074824882827,6.0,6
14937.118991369993,11.406873616831891,7.0,3290.114315279734,0.8702268041191858,91.0,364.0,-3.68,0.00072230263,0.002197802197802198,0.004395604395604396,0.006593406593406593,0.008791208791208791,0.01098901098901099,0.013186813186813187,0.015384615384615385,0.017582417582417582,0.01978021978021978,0.02197802197802198,0.9873007474295502,0.21978021978021978,-0.5625,0.16418198371554535,1.82064621205,24.013017808743825,0.09717632119852881,1.050222162550701,0.4284055202548321,1.050222162550701,0.42840552025483203,0.22433806831307823,0.13566463358191333,0.17527927205434038,0.2006703793598365,0.17527927205434035,0.13566463358191333,0.22433806831307826,4.905196092046066,-16.245895612420348,18.244389653180974,30.57831890090592,-44.35652357594756,-40.94183571430951,10.850764936884476,5.72392073492044,-13.271148208196799,24.05202348095473,78.87067813547375,59.737050733488424,39.99,0.3056739756984695,42.637362637362635,-1.4255212705694082,3.0055011026361025,0.5903826576797,-0.00048255415096917477,0.00025511141,0.00055683824,0.0005950775279999999,-1.996769999999999e-05,9.89010989010989,-14.08,120.0,16.0,54.07,118.0,22.197802197802197,5.729645097915395,667.9164009595848,3.188869157285025,0.014245873660367643,14.018386368305023,-0.11916403147691995,-931784.3290429693,0.7138975487811029,3.00335845841391,84.0,42.637362637362635,0.21978021978021978,1.0039785409560085,-0.00022903171402205932,13.37862172850078,0.14318448080537338,0.040581886001876115,3.5953226980011097,0.8381344052352776,0.5444797464783604,0.3870639819952421,0.317002472390191,0.2628947317852133,0.2120655327619368,0.16047795145225113,0.11421012432318373,0.07692257854632531,0.04510412424554801,0.029043312849755667,0.02830221267443037,1.7683153341674753,0.030592359716521637,0.030927627738650078,0.034615042251255015,0.04253094079603708,0.04558957847431366,0.044911779214489286,1.143400431182993,0.04228406162914129,0.04268498734315771,0.04131019478405521,0.03864254735212599,0.03687129742532726,0.037587946930013834,0.01948293171861157,1.0722982855927015,1.1080612613571834,1.0940704344510814,5.549479440021387,268.0337265865838,30.796722055220087,0.018969206773127946,0.14775271288321992,0.0032358516044401755,0.19266077237184936,0.22194322177292114,0.2299198315529929,0.20739003403174017,0.1487847482272209,0.07014735518792593,5.630197712843124,9.714984632333541,2.966333481068692,9.615597632850465,9.42293284061082,9.067006050777053,8.510776263794815,7.800328361554167,6.976498197654848,2.085702938996721,5.630165757319969,9.713861000771656,2.9663317161392277,9.613667336852703,9.420318706125125,9.064090445041154,8.508249055249708,7.798909260067159,6.976145529620313,31.69876645489834,94.35909554231253,8.799123850173496,92.42259966366855,88.74240452497095,82.15773559588634,72.39030198615755,60.82298564676128,48.66660645044148,8.0,4
10495.6775963992,10.425906804644363,24.0,2311.8232591187666,0.5519474277188762,91.0,364.0,-4.01,0.00075706109,0.002197802197802198,0.004395604395604396,0.006593406593406593,0.008791208791208791,0.01098901098901099,0.013186813186813187,0.015384615384615385,0.017582417582417582,0.01978021978021978,0.02197802197802198,0.9970130855560357,0.21978021978021978,-1.5355000000000025,0.2197162591958789,1.955692630785,7.479691494175725,0.2847524510662141,1.4986059343930933,0.5907493095446321,1.4986059343930933,0.5907493095446321,0.36872003017360966,0.03281847712135218,0.36966284733446086,0.2473040657656262,0.36966284733446086,0.03281847712135218,0.36872003017360966,24.323209898799306,0.6223431563655899,127.77413345596818,59.475276132460415,-71.27423578957574,-117.66099032651634,57.85477528033569,-42.730864788882556,-35.88553459851265,11.177580760705306,71.32123836715118,-99.28468763873701,27.24,0.3744411440660513,39.78021978021978,-1.5699432515443705,2.986580132132055,0.46978379969257095,-0.018831982013766544,0.00030530127,0.00047039771999999994,0.0005105794800000001,-2.590614999999996e-06,7.252747252747253,-17.03,113.0,16.0,44.269999999999996,113.0,32.30769230769231,4.802855743075098,608.4077569891292,0.5051959359157492,0.014137802892048142,11.180576981913587,-0.21582310150557862,-833942.2213447142,0.6228504991817666,4.137967360423942,75.0,39.78021978021978,0.0,1.384120327287154,-0.00028851446883134297,12.110349653339991,0.05028888984130486,0.17537908695868581,1.8424835185710704,0.2907721585239646,0.3035901196944181,0.24344943532222169,0.12482251321242135,0.07319848354107243,0.03813042449195635,0.021959887574114174,0.02032104118565964,0.020428089155681374,0.014709184297416507,0.009799212663351835,0.008255082654052955,0.3527263090687742,0.006719239606707407,0.015055789873097292,0.02515522863488677,0.015732220191311493,0.019669823427224235,0.01005140334925831,0.22053537536974405,0.012632883539360052,0.013805906357990389,0.0163414029750348,0.014084554704775012,0.010023671607706479,0.003459239618907911,0.0003661690401117797,0.2102342041093386,0.2746329193270626,0.6882406340280618,4.539019880516029,213.2818450604272,20.60270147571974,0.10534557942151285,0.059629497540488956,0.02367219408664405,0.1150740124376635,0.16316121260232103,0.20159785408305317,0.22431569534425067,0.22031778969572557,0.17925524830033157,4.05541544696571,6.226937012467873,1.9009257596648914,5.9950820915676735,5.831985519591705,5.724753328250284,5.629463780871106,5.4725074830141915,5.09201248693339,2.1352475445781818,4.054046960308234,6.226651498218395,1.9007783592477765,5.993977582231762,5.829702695629467,5.721202581148636,5.624992882569881,5.468070795371062,5.088856327608625,16.435296756384435,38.771188880265385,3.6129583709846695,35.92776725629691,33.98543351942948,32.73215897454181,31.640544928961823,29.89979822318992,25.896458723042347,10.0,4
13955.370795506446,12.089460350431246,10.0,3073.8702192745473,0.46725437117284463,91.0,364.0,-5.21,0.00071732906,0.002197802197802198,0.004395604395604396,0.006593406593406593,0.008791208791208791,0.01098901098901099,0.013186813186813187,0.015384615384615385,0.017582417582417582,0.01978021978021978,0.02197802197802198,0.9925327138900895,0.21978021978021978,0.3924999999999992,0.23073284823102203,3.250654674155,15.354781899018587,0.13370986060836326,1.1103194796089577,0.46944633735891705,1.1103194796089577,0.46944633735891705,0.38568084511715034,0.47336123421651966,0.01483510225160974,0.37325647751018154,0.014835102251609703,0.47336123421651966,0.3856808451171503,5.512214283695258,-25.517869672045013,26.689939635567896,52.25111786090052,12.923962772986938,108.99107183752992,-114.53560992553236,67.137983781547,-90.91306100623554,-81.88150986534875,32.783755585848965,-20.977607229819565,37.66,0.39728048446188136,43.51648351648352,-1.6945131824773199,3.322574015563906,0.3847411340056502,-0.07691424260046255,0.00026481612,0.00047216422,0.0005012476100000001,-1.628318000000006e-05,6.593406593406593,-12.03,117.0,14.0,49.69,114.0,10.109890109890111,5.538153537552807,581.4648567864175,2.188461253694516,0.013696368388219908,12.61346673218112,-0.18666759766865776,-900288.5171163812,0.6446414733629671,3.212808765475757,76.0,43.51648351648352,0.21978021978021978,1.1375944979696428,-0.00025847995344330243,13.675473408219933,0.0727585422809881,0.2952086018480335,2.773636672815329,0.3143553419822857,0.22722902663577507,0.131467951892071,0.047183811273805845,0.012254710304395303,0.007158539671927537,0.01092127886584786,0.010716533319459699,0.009287116462914915,0.0062887121929406705,0.0074903692752146984,0.010832694828510325,1.3016603708682466,0.012804304944967803,0.010385393665711468,0.005743239171106885,0.0036082374128949047,0.005371220920008099,0.010305080476846544,0.6897015442197287,0.01310570477691263,0.00983284319421229,0.005309530895381908,0.0028816250952353167,0.006728272329545647,0.012200367453593665,0.006677102493984585,0.3633197134054426,0.28855730392272705,0.3215661140028483,5.2725486891938,174.6724748385652,27.79976967991926,0.13703213475451712,0.23937992802296654,0.05584494873462112,0.29298110471792055,0.3336350001394743,0.3570163171964143,0.3563512519961795,0.32061380320222327,0.2396568240296525,3.586378074433847,10.10183391786397,1.8109804955344897,9.762784975940288,9.351976756702685,8.813187361582882,8.092890380631149,7.1075111364403,5.665786891589752,2.052851419049396,3.583759183709816,10.098997264786572,1.8101192493609843,9.758387805304915,9.346023589986771,8.805953146571913,8.085041032555921,7.100276145603008,5.660716006620213,12.843329886824446,101.98974575416665,3.276531696907173,95.22613255872369,87.3481569445892,77.54481081961976,65.36788849811292,50.413921343819105,32.043705707606286,4.0,4
12251.563393096776,11.423427359801474,13.0,2698.582245175501,0.5238775129637815,91.0,364.0,-3.74,0.00072561524,0.002197802197802198,0.004395604395604396,0.006593406593406593,0.008791208791208791,0.01098901098901099,0.013186813186813187,0.015384615384615385,0.017582417582417582,0.01978021978021978,0.02197802197802198,0.9919690177941446,0.21978021978021978,-3.058,0.1763778547564346,2.8256432144350003,11.199324478986846,0.24110606249445768,1.377268183170995,0.05044059387671551,1.3772681831709952,0.050440593876715484,0.45951522164834213,0.23676518482903278,0.45244424258947047,0.3467070455019111,0.45244424258947047,0.23676518482903278,0.4595152216483421,19.18608747546231,-134.8223664657249,107.25297119102501,21.56872869404986,-11.924353901498558,-84.7122078801783,50.88598891354288,9.185299942394916,87.58948881694914,73.73049667461119,131.70842941154513,42.28212023460277,31.35,0.4405524505705717,37.362637362637365,-1.7541791826313353,3.1102850080695603,0.6368904523332364,-0.004470322416762133,0.00020577852,0.00060474476,0.00058135419565,-1.1270580000000033e-05,12.527472527472527,-31.21,116.0,16.0,62.56,116.0,25.714285714285715,5.189076310082657,685.1936152775554,0.6386524120901593,0.014516444469097143,14.242563333030619,-0.19950665386121572,-822644.9297226265,0.7013367830243704,2.6414069956360238,78.0,37.362637362637365,0.21978021978021978,0.680019746845342,-0.00022433278551382073,12.061512264097908,0.0665665361476191,0.03681994348891192,3.3820901299516266,0.5037199073281867,0.45106170813262403,0.4207112643515277,0.3876925812118178,0.33527027299369316,0.2903402729201739,0.26013876122771584,0.23826805757117436,0.2096017658648708,0.18556942611125313,0.1538896599432665,0.12219001958518105,0.8864651879807741,0.09815630925269513,0.07812255614906827,0.0597844246286953,0.04847033094672367,0.034927227204336046,0.02697341672263107,0.3810778330217293,0.02133819967845133,0.014305645384495224,0.009492970317033248,0.0071996734842254655,0.004436971496530144,0.0011375704604216074,0.0008627443620176641,0.3167236983722289,0.4459283852475561,0.5483978762282434,4.8835815081847365,289.1482653592893,23.849368347083907,0.018574751306550154,0.25308193167383736,0.002475096835734561,0.2519025783960534,0.2306970308067475,0.1904976635267572,0.14027319629204027,0.09498632475521467,0.059612851386866374,4.867569861640188,7.122161705722788,3.347118093434101,6.56034852476575,5.961950220819245,5.342455725680611,4.744805084003651,4.332757262977538,4.496730840736644,2.105110814887389,4.8675344206858755,7.1176637247290895,3.347117178302783,6.555510495559714,5.95748515025456,5.339058327181713,4.742731145193549,4.3317159530599545,4.496335681639174,23.692891336561782,50.66113689832438,11.203193405289584,42.97471785739357,35.491629315503594,28.50554382104839,22.49349871558891,18.76376309799411,20.217034561981613,8.0,4
13955.698705995552,12.201225891607791,9.0,3073.9424462545267,0.8348261412294301,91.0,364.0,-6.3,0.00075917094,0.002197802197802198,0.004395604395604396,0.006593406593406593,0.008791208791208791,0.01098901098901099,0.013186813186813187,0.015384615384615385,0.017582417582417582,0.01978021978021978,0.02197802197802198,0.9921569164927928,0.21978021978021978,-2.5135000000000005,0.14495934766727306,3.74570112885,9.551094039469382,0.1633362092609444,1.0909184469669848,0.15896494258079757,1.0909184469669848,0.15896494258079755,0.24778601869223685,0.341290671004269,0.3055117575781299,0.26243620218083785,0.30551175757812987,0.341290671004269,0.24778601869223685,4.30345658645772,-48.29688837677362,37.53129172986783,7.845010021493902,-17.66211880833159,52.02447269361921,26.694093769171943,29.114508356809154,28.668715789620943,-0.43145731562111617,-3.6663398639362548,-51.014289018936076,30.76,0.39926587869459834,41.97802197802198,-1.7175098771372772,3.428356689372277,0.481330349008895,-0.03761930950766518,0.00028136541,0.00050975142,0.000543558685,0.0,8.131868131868131,-20.43,114.0,17.0,51.19,116.0,14.945054945054945,5.538218602393942,624.8884812888518,1.4895238533315514,0.016966897129508038,13.413150242214538,-0.18099669531978416,-896021.453483159,0.6721668036812015,2.9147417174001573,75.0,41.97802197802198,0.21978021978021978,0.9667107763925301,-0.00024171794737606905,13.318573687522536,0.09040666808131603,0.08777821863119659,3.666109093678877,0.13995168884081025,0.17028100178875744,0.22098346014802636,0.15175335898181455,0.09373357901053611,0.038226535534475505,0.015649687220019477,0.016506196487567456,0.027318306752286737,0.028780047907376226,0.022147873159082034,0.013590480227235491,2.256256273584642,0.010685925929164754,0.016870141555094892,0.02374831800008843,0.026387041709275777,0.0178314914933929,0.010226434122308892,1.3941078257425779,0.007993498961596311,0.010940722424246275,0.01540774507746734,0.017155353005982,0.012849879837671592,0.005168201567821316,0.0010172831488896301,0.58609586190802,0.14592680204153125,0.1083729844094904,5.26517094782669,218.52397845003833,27.72202510983821,0.07423455077326761,0.2514674054374452,0.034739901130005926,0.1931057843347101,0.13717277598699884,0.08339678918577963,0.030958182558047588,0.018017390212971034,0.056605681915017164,3.947847880194479,10.992031894258307,2.561269118406369,10.675395649166893,10.20891124966732,9.549871313531458,8.624889646840984,7.312964400509057,5.590377408403924,2.05361948047404,3.947149872582435,10.989155077092798,2.561033509380854,10.67364897410009,10.207989642094663,9.54950716427631,8.624834086005219,7.312942205211438,5.590090819044706,15.579992116627533,120.76152930839442,6.558892636171613,113.92678242230791,104.20305253311194,91.19308708056457,74.38776301111749,53.47912369676272,31.249115365167906,4.0,4
16353.691103851655,11.150208721755437,3.0,3602.134604372611,0.3721663768345409,91.0,364.0,-3.45,0.00074062376,0.002197802197802198,0.004395604395604396,0.006593406593406593,0.008791208791208791,0.01098901098901099,0.013186813186813187,0.015384615384615385,0.017582417582417582,0.01978021978021978,0.02197802197802198,0.9968251868573872,0.21978021978021978,3.9989999999999988,0.199527391892569,1.8606798621899998,16.99436212199917,0.17082663789399435,0.7906518518140317,0.5466069501095655,0.7906518518140319,0.5466069501095654,0.17148855837983962,0.34992632746803826,0.5218427151719187,0.2621026350870415,0.5218427151719187,0.34992632746803826,0.17148855837983956,-13.998618032918447,-13.255782953920674,60.62771937617147,22.127995032125774,-199.96234873126258,-0.8355844054743139,78.80064787158948,27.16343896480547,153.39408665326445,155.66747315103711,83.50424165218365,83.89486972143963,39.99,0.23845929309229175,46.59340659340659,-1.5122718570751568,3.2738446110244235,0.6981666578167854,-0.08808179358916299,0.00035392275,0.00038378110999999997,0.0004630079405,1.8345774999999954e-05,14.285714285714285,-39.99,116.0,17.0,79.98,115.0,11.868131868131869,5.995179584484807,715.6839418929853,1.239086678821981,0.0129380432507154,17.316593346351734,-0.1172984472202582,-761718.1392664216,0.7807507742913257,2.4787280677588917,71.0,46.59340659340659,0.21978021978021978,0.7493316481309336,-0.00015989865740232217,14.649118325313795,0.05239700726630492,0.11610891580021934,3.7664999730546325,0.9559266730202499,0.6203673956601993,0.3279442966637876,0.20540387807446164,0.1452823603449389,0.08937451056688159,0.0377891599708303,0.030105386781032095,0.03699389642269558,0.020553299098016623,0.012744963174254864,0.016766906070468574,1.6377936371846202,0.012793497332448969,0.007676938281685203,0.008036623124716653,0.009377777857995484,0.006228522515328408,0.007382137353393857,0.4009577915375434,0.014111819497545228,0.011901618346950011,0.00631331896903171,0.005625595264235631,0.0072400973923914674,0.00496692991350932,0.0013980811746297378,0.5057214485727887,0.7421481398147395,1.0608793103555254,5.801311238032474,316.9676626488206,33.65521208052188,0.09752208415427714,0.20118077307548754,0.06110414239872097,0.2231365553982955,0.23042913971574266,0.22024896265100652,0.18913640866964943,0.13775349733310815,0.09282040566197594,6.500219609589438,8.914979799986146,4.162810715537631,8.21123856069314,7.414808400684821,6.517951222636064,5.571636877503764,4.782345581750382,5.102116460653707,2.097383602830265,6.499488011835491,8.912709528011433,4.162362230413955,8.208206185169749,7.411227025967837,6.514228928669465,5.5684257123243945,4.780361203639313,5.101272071784279,42.24334441599326,79.43639113070579,17.32525933717664,67.37464877825893,54.92628603043607,42.435178535114126,31.00736491367544,22.8518532372599,26.02297675036627,6.0,4
15299.968696524027,13.74168102872663,31.0,3370.0371578246754,0.6226155070065917,91.0,364.0,-4.64,0.00091117553,0.002197802197802198,0.004395604395604396,0.006593406593406593,0.008791208791208791,0.01098901098901099,0.013186813186813187,0.015384615384615385,0.017582417582417582,0.01978021978021978,0.02197802197802198,0.9950218092600596,0.43956043956043955,2.021000000000001,0.23966271640705164,0.0008229691023999999,5.719425902115649,0.23194063751086408,1.0854281310130802,0.20007613971448948,1.0854281310130802,0.20007613971448948,0.5905603139825494,0.3643860880806172,0.29942657294094693,0.2457917079747707,0.29942657294094693,0.3643860880806172,0.5905603139825494,-2.440613081894993,-78.48356108427042,68.34882438785573,33.50327354801302,28.27246531672122,-35.365427894560604,-33.851560618161194,-9.769543161497115,53.93501952112101,96.86835832348818,109.4682226359452,55.72971464300705,23.91,0.3480412821643952,40.879120879120876,-1.0486070411464155,3.6078394495029418,0.5908798208384316,-0.019228881880713665,0.00044622973,0.000395424911,0.00054933922,3.553422249999997e-05,11.428571428571429,-38.63,119.0,15.0,62.540000000000006,119.0,10.54945054945055,5.7988192614984415,660.3354496511165,-0.35752632216651153,0.014146221837959841,14.96452728242365,-0.05465132277405912,-802637.7383435114,0.5963965793575723,2.3937018905838148,84.0,40.879120879120876,0.21978021978021978,0.69962054174612,-0.000209199843608411,13.454055996327412,0.09782704395194552,0.0620285467329532,2.8486365989222406,0.3662608605763994,0.22922524246968481,0.12011056140113953,0.04831172493862103,0.01621256752183084,0.0065669206442254165,0.011479916438199105,0.019108705222309837,0.017780634926900064,0.016112344903515173,0.016564803271243905,0.014808565214631206,1.0871119701766137,0.014889063850889358,0.014777714841395506,0.01451994989103246,0.013482915787106673,0.012164735904447681,0.010410132264838638,0.730721521553296,0.0087556528912043,0.006957184512347517,0.006336305754968751,0.0063950263999007426,0.005031966246049262,0.0031523277417113502,0.0016495299789300694,0.45815640654828044,0.3919192541693519,0.40444129192441913,5.703220853235783,268.25943866064796,32.526728100783494,0.027619593477163317,0.03907245912830437,0.009875602155363514,0.031167382978764126,0.08340913358679941,0.11092392436436013,0.10455774062665317,0.06104758847467195,0.003156091392178308,4.458649163308498,7.647145943357045,2.848529571371707,7.148840625648799,6.653297239401574,6.1553294134930985,5.668035098395236,5.274366466541984,5.063872647959514,2.0965019190768492,4.458563616180409,7.647046123957916,2.8485124523970664,7.1487726838363645,6.652774389099852,6.154329863731462,5.667070632656287,5.274013160329049,5.063871664432229,19.87878951952772,58.477314421939795,8.114023191461149,51.10495088516498,44.25940707226291,37.87577607161691,32.11568955551533,27.815214815324005,25.64279623383963,12.0,3
21501.34279337431,15.307233894740849,7.0,4735.978588848967,0.6592133966724821,91.0,364.0,-3.6,0.00092095134,0.002197802197802198,0.004395604395604396,0.006593406593406593,0.008791208791208791,0.01098901098901099,0.013186813186813187,0.015384615384615385,0.017582417582417582,0.01978021978021978,0.02197802197802198,0.9950218092600596,0.6593406593406593,2.496500000000001,0.34500467452932426,0.0008214024285,10.908946724992532,0.1908770062412073,1.4515156318390459,0.4439812424159686,1.4515156318390459,0.4439812424159686,0.66829308714878,0.3190771865879739,0.0991897125661485,0.15298748747817206,0.09918971256614857,0.3190771865879739,0.66829308714878,29.09639758405063,0.32757504842848423,-53.486566383656346,-9.89081713161243,85.54683860883249,2.920654614482179,-195.7215829063273,-136.28636319681718,-40.40262837361662,26.210905849385796,38.708717024457755,-25.921463710900607,39.99,0.21406121906995426,35.604395604395606,-0.7487720105375605,3.7846986324991474,0.5962154087135684,0.01288698560055063,0.0004092291,0.00042402089000000007,0.0005525303649999999,7.517757500000004e-05,5.934065934065934,-28.18,120.0,15.0,68.17,118.0,22.41758241758242,6.8742780309627065,658.0838671204134,1.5830735642082465,0.009117708858281512,10.018298687545363,-0.0027960978618676827,-1207958.6309519806,0.6256659941740942,4.82044211882477,82.0,35.604395604395606,0.43956043956043955,1.6109447876157938,-0.00031287675163144666,11.364272266630966,0.17092399689368953,0.10348286061252078,7.741185415181916,0.6363477660039047,0.2458581488752101,0.12324173815308069,0.05545429621460887,0.03770910943289494,0.03231309652016019,0.031082791987365885,0.03596592969935053,0.044865304880147665,0.05541773215156644,0.06173406893434943,0.06124949548753597,3.8829053146460777,0.052733017195327525,0.0426204456270586,0.03193617430142584,0.023577776914812686,0.014414321194420866,0.00893984823301057,2.338954323778969,0.006434296296049001,0.005211341671678798,0.004809738814696089,0.007350181431755868,0.007995609743090555,0.009917577968845483,0.005283893445069837,2.232877095479639,2.0734899694099767,1.3743311777568146,6.8333768316412975,270.68179555596004,46.69503892321205,0.0070471861991245515,0.5972880035726594,0.00801358120537943,0.5939547937898473,0.5541297100552273,0.46941837681426074,0.33714418222067094,0.1773855169587035,0.04531269245883677,6.130299917164942,13.659659036599267,2.1502872650382407,13.143362585236027,12.604439544831338,12.085565713282106,11.598516087773708,10.920782541324657,9.368954954840998,2.076606281475943,6.1302958665597185,13.646594155207232,2.1502723326829796,13.129935176912197,12.59225303524918,12.07644587606673,11.593615020292,10.9193418159372,9.368845377406004,37.580527411559174,186.2295320369362,4.623671104701903,172.3951977499163,158.5648365037422,145.8405449975691,134.4119092387403,119.23202569327472,87.77526370574184,7.0,3
17882.935292297843,15.87553765265174,23.0,3938.9725313431372,1.0713988812411048,91.0,364.0,-6.86,0.00087894231,0.002197802197802198,0.004395604395604396,0.006593406593406593,0.008791208791208791,0.01098901098901099,0.013186813186813187,0.015384615384615385,0.017582417582417582,0.01978021978021978,0.02197802197802198,0.9958295487093992,0.43956043956043955,1.3389999999999986,0.26127378293632264,4.78082563904,4.821348068719015,0.24261043987007808,1.2517743956353644,0.581119594254372,1.2517743956353644,0.5811195942543719,0.27358899946359627,0.3295546050146827,0.34707318424617906,0.16149670474096056,0.347073184246179,0.3295546050146827,0.27358899946359627,6.793397015295199,-18.165796192088166,95.22830873637939,59.28602319217226,-81.80121242532655,-36.199419887727394,-28.417967825248997,-47.76286250904828,42.801159596578536,53.512095912930846,87.35483784661184,68.78994193793945,21.1,0.40433365015888106,42.417582417582416,-1.5925385516959256,4.204208570232236,0.6199735704663265,-0.02524018831625549,0.00036812388,0.00051122573,0.000648116355,4.16128455e-05,8.791208791208792,-35.36,107.0,14.0,56.46,108.0,13.846153846153847,6.2692227978088875,666.8383236111098,-0.7369887193419483,0.01708800542022098,12.600719080585751,-0.13276806856138293,-996294.3694794073,0.6030683927980786,3.430724563869206,94.0,42.417582417582416,0.21978021978021978,1.1697004993708735,-0.0002587471544180676,13.15816584775705,0.08138183318969361,0.13448666601697432,4.191302346773259,0.8165495277855865,0.4537711666353258,0.2584714931044582,0.12403040958914316,0.06455488665764214,0.05787240443005924,0.04181553266418173,0.023593856821920892,0.03257009986400503,0.040165845817515256,0.022714278448115126,0.028336880797786967,2.1192862671347377,0.027379233629873722,0.017160638446039586,0.02042143278043629,0.017922913513681884,0.010348384764812583,0.011888492658869857,0.2831622536205154,0.01309166058737034,0.017679392762206543,0.023280369886803053,0.023465183590476606,0.019897382814530438,0.016696537420451997,0.008720759804489237,0.5019863795362385,0.9429011293419204,0.927054001806864,6.063577776356871,281.46800099171224,36.766975449928935,0.068711484197965,0.18766997490171167,0.02523145560296635,0.12872090001418288,0.07449860319485488,0.024701431445452584,0.01940600464127876,0.0533952514697349,0.07115510151249294,5.214432350932766,10.190705352612051,2.592396629004003,9.154320821301843,8.065373642545659,7.003672119377695,6.173516831763472,5.87277370772851,5.9704941057316105,2.0895231979546236,5.213979619675698,10.18897715986626,2.5922738388757223,9.153415790251199,8.065029569195158,7.003628559185089,6.173486331000561,5.872530967930928,5.970070084857015,27.185583474393532,103.81525556427633,6.7198836557194745,83.78502062921997,65.04470195199224,49.050812995033006,38.11193347905076,34.48661996930775,35.64173681810465,12.0,3
21277.679693515653,14.608971467802343,3.0,4686.713588880099,0.534030628987047,91.0,364.0,-2.33,0.00086293443,0.002197802197802198,0.004395604395604396,0.006593406593406593,0.008791208791208791,0.01098901098901099,0.013186813186813187,0.015384615384615385,0.017582417582417582,0.01978021978021978,0.02197802197802198,0.9901656401968169,0.6593406593406593,3.1310000000000002,0.38040016664007564,0.000779117143,9.792453119064769,0.26012865069681945,1.3936969332837488,0.1276817767979887,1.3936969332837488,0.1276817767979887,0.09983899972607682,0.47599312993023757,0.17029547341409773,0.433633729821292,0.17029547341409762,0.47599312993023757,0.0998389997260768,21.262929935024943,-88.1918451855812,163.68354641243144,94.6922919186315,-89.19058269194649,-90.52047091878033,-76.95450882781574,70.9457634666974,71.0782046479197,273.3913493462683,-28.568421113818257,2.26114085144111,36.26,0.14160876244753565,38.02197802197802,-0.5107180154266276,3.5471348235136295,0.9191067683638088,-0.011165970195462555,0.00046078666,0.000386965951,0.000467250176,2.9513950000000012e-05,12.087912087912088,-37.36,111.0,15.0,73.62,111.0,18.461538461538463,6.838430462799186,807.3559994649813,0.8906184771326412,0.004764963736069167,13.86725247979485,0.017085477125059107,-1106146.5711377463,0.7110055331610714,3.476829476540657,78.0,38.02197802197802,0.43956043956043955,0.9789923420055703,-0.00023219960122291733,11.751976896167161,0.10266184172563997,0.16059372345754905,7.660676928594849,2.3076420788994323,1.9107146210096038,1.6042507881378447,1.268183286549212,0.7237429877288749,0.29509735148231425,0.1504637990374058,0.18604206924618735,0.2663218099359387,0.23376852946368573,0.15516705343289955,0.09390000681484496,1.1584538720777429,0.045183196133855456,0.03188159885013691,0.036405876817026644,0.05753578852689655,0.04679696871717008,0.024914522741095298,0.2025449123058027,0.01389297000335751,0.004290138588977892,0.007197976826922313,0.007979636071768057,0.009174585769214162,0.01389206702876201,0.0055392203866391964,0.14078662837392733,0.7870352556231077,1.8678088793637224,6.819332687533186,417.2744728371692,46.50329830325858,0.053946541323931015,0.6527054454817226,0.009067646066196621,0.5872728014824885,0.5104874375841597,0.42402642461407325,0.32747021481392374,0.2250598546032898,0.1335200000553074,8.184787640847581,10.86121129752034,4.642267331771238,9.629833297375093,8.329888879158064,7.011153619015888,5.930152085650173,5.693802182003089,6.88365759754609,2.1133086241904113,8.184609856092745,10.841581363012592,4.642258475938761,9.611909279215702,8.314231853586353,6.998319559770659,5.921103530369218,5.689352454333365,6.882362554373262,66.98783849645051,117.53988645082198,21.550563757425273,92.38879999187293,69.12645131518997,48.97647666066859,35.05946701735082,32.36873134962909,47.36691432983925,8.0,3
24177.92359385887,15.985939155417029,12.0,5325.533831246447,0.5648181446383846,91.0,364.0,-0.83,0.00094336379,0.002197802197802198,0.004395604395604396,0.006593406593406593,0.008791208791208791,0.01098901098901099,0.013186813186813187,0.015384615384615385,0.017582417582417582,0.01978021978021978,0.02197802197802198,0.9980087237040236,0.6593406593406593,3.9989999999999988,0.36003945978660284,0.0008161803350000001,9.256509163968742,0.14387652474466756,1.3636698516618542,0.08760613925694594,1.3636698516618542,0.08760613925694594,0.2819055937465499,0.16721161957085975,0.4624094558828242,0.20817649294898927,0.4624094558828241,0.16721161957085975,0.28190559374655,22.51940352246274,-104.27083700522078,54.91445369039133,49.222495540342365,-55.818233114835316,-96.44516563182708,16.015075657439958,-5.360606776854033,136.72569924926023,81.15906380389946,98.28965027219343,82.71832245924959,39.99,0.29138585208126905,38.02197802197802,0.1133404195060396,3.689711856169357,0.8274549226253878,-0.005351669575969135,0.00045781636,0.00041053536,0.0005541211415,3.4521870000000024e-05,12.087912087912088,-39.99,116.0,16.0,79.98,117.0,21.318681318681318,7.289601745834723,764.877898803433,0.9701772816770378,0.0027444286606709183,13.992608117183316,0.0711525141146673,-1166963.6996782583,0.6969114305064592,3.148907913978977,82.0,38.02197802197802,0.43956043956043955,0.8768968564243353,-0.00022957204678656352,11.646108668206823,0.12105613186435493,0.13024284970925243,5.825889677661314,1.4632960419859837,1.7862139644217803,1.584683082187734,1.2127235496586337,0.8866481641560574,0.642005057691021,0.5014382518790274,0.4117015523488747,0.3464166198786051,0.27186498860980607,0.20697528243441118,0.1544895062884382,1.9758933185979888,0.12046316455031324,0.09579274029715701,0.07836576825874676,0.06528075383392877,0.05582394041453831,0.0503064703445035,0.3109829433126992,0.04597755642104602,0.03796156572702538,0.025612398793237044,0.017219808593901757,0.013750390892782587,0.012008832918637056,0.005876484549236431,0.25111723695036026,0.49614579099809625,1.05851692488811,7.28872057100441,375.66453487192604,53.12544756218284,0.059997554339352534,0.5673515411507102,0.005495625131822526,0.5482092603033561,0.507909080397272,0.45029528840596716,0.38274686505671374,0.3029931556693134,0.1891073045221654,8.028678914931852,11.330904854259387,4.750869326410364,10.43417270992433,9.42098251094501,8.260645830030693,7.052269512438801,6.325709750868823,7.085976905721176,2.1052342594759956,8.02845473379184,11.31669196563346,4.750866147844126,10.41976135750945,9.40728121390988,8.248363697270076,7.041875468464566,6.318449097670603,7.083453051710741,64.45608541254461,128.0675170450329,22.570729154731286,108.57142674744719,88.49693983758172,68.03550368244288,49.588010113363055,39.92279899985446,50.17530713579021,8.0,3
14479.905781456131,14.542018430805014,28.0,3189.4065597920994,0.9895313002624841,91.0,364.0,-4.96,0.00095595803,0.002197802197802198,0.004395604395604396,0.006593406593406593,0.008791208791208791,0.01098901098901099,0.013186813186813187,0.015384615384615385,0.017582417582417582,0.01978021978021978,0.02197802197802198,0.9935283520380775,0.43956043956043955,0.1590000000000007,0.2932447170801525,1.2758552554,2.3456448215054637,0.15063782849756724,1.8739857747720967,0.4050290168470907,1.873985774772097,0.4050290168470907,0.23529499195782222,0.41246986646036765,0.27237739282342377,0.10506481895950454,0.27237739282342366,0.41246986646036765,0.23529499195782225,53.65252795138747,-58.707956542748676,35.18382223939011,-6.1877687308468445,-111.29108726234293,36.49957497170717,-79.59252653428506,-72.25465452933959,-18.34059713780292,-15.125965520799788,144.43075224841243,-23.4459450204499,25.25,0.6140088862742884,31.86813186813187,-0.703619608792249,3.5783984481095827,0.61018328144416,0.0071820518185682835,0.00039841497,0.0004891449500000001,0.000696625997,3.825010499999997e-05,7.6923076923076925,-20.37,116.0,12.0,45.620000000000005,116.0,13.186813186813188,5.641273681576974,656.6758798383293,0.02973147953211576,0.009871081930254497,10.444004723050956,-0.005426561731946657,-930145.5385548313,0.5504651945859804,4.754527212608751,95.0,31.86813186813187,0.21978021978021978,1.378571190289056,-0.0003039536125889718,10.581401441802967,0.16303798064913877,0.0181522173905321,5.3828379365963315,0.5587782440457838,0.39715273015617436,0.1672710969079014,0.05149161218664404,0.08137791083079787,0.11066433301087474,0.10438275632344748,0.0799559168153553,0.07975304723057086,0.0748327042012083,0.04371373989213277,0.022697338475753885,1.0245066837628138,0.009897406140961003,0.008255710912976404,0.005977979353172179,0.003387766319018606,0.002001608226954515,0.0023229045572078933,1.049810104513138,0.0011610186764604458,0.002158374343004406,0.002723653591824678,0.004180851387359735,0.00394425945130603,0.004500721938454703,0.0012731092671661858,0.8579253168838882,0.7069487032845229,0.7969611845205014,5.597221471102969,277.02320977564864,31.328888196576084,0.008798037562229806,0.23308195896114722,0.001960596833591277,0.20152179289663155,0.15804573084800783,0.10353867564900514,0.045481363242313055,0.0029554954947297505,0.0024969203097049675,4.865958401844684,7.248160918154262,2.3580055746268154,6.8099529586891245,6.552703335997356,6.456018755064041,6.408746309106318,6.250584657360893,5.893524529542615,2.1173824776131047,4.865950448064377,7.244412294718302,2.358004759543795,6.806970564542386,6.5507970932209165,6.455188448711897,6.408584921812419,6.250583958629927,5.893524000605196,23.677473763017918,52.48150949586569,5.560186446031192,46.33484826654649,42.912942556551606,41.66945790838351,41.06996070008148,39.06979982388177,34.733625145709475,11.0,3
12798.68559840122,13.557083295040428,72.0,2819.093744141238,0.8526884966744975,91.0,364.0,-7.9,0.00072974848,0.002197802197802198,0.004395604395604396,0.006593406593406593,0.008791208791208791,0.01098901098901099,0.013186813186813187,0.015384615384615385,0.017582417582417582,0.01978021978021978,0.02197802197802198,0.9906634592708108,0.21978021978021978,-0.9999999999999991,0.08031342213285345,6.70064457417,1.6648130306996913,0.3797228750981424,1.3063872551055753,0.6644979026666609,1.3063872551055753,0.6644979026666609,0.4814189236006653,0.484218981656252,0.3074933127995399,0.5038771671644999,0.30749331279953995,0.484218981656252,0.4814189236006654,1.4139227850615708,-19.395900488033778,76.50567926202558,77.81104927067855,-47.97794034814419,-46.02324746702929,-122.13165144578794,34.93773170370093,62.7745743434008,85.18097522705158,70.65626561768843,58.334652483916265,20.19,1.2855108883698811,42.857142857142854,-2.6705963037606755,3.891953238806054,0.33761492060321724,0.022556617994933914,0.00025922354,0.0005078825799999999,0.000510086165,9.49369000000002e-06,8.131868131868131,-12.41,118.0,18.0,32.6,117.0,13.626373626373628,5.303676021133412,562.2334628471269,-0.09200344951743078,0.02226175665794832,12.360030379737623,-0.5002250786244217,-712833.1214699148,0.46377303338437337,3.3365283722397265,74.0,42.857142857142854,0.0,1.1541508066201651,-0.0002637921821237937,13.503200778117458,0.09601214568762406,0.012069087482673107,2.3647925800629324,0.35641682709330214,0.17274527643731458,0.14616954486028433,0.09736861119241016,0.06669847942487178,0.04058920770067665,0.03916610252959776,0.03062113245486341,0.024613502215899762,0.02574794224951107,0.0174288616082878,0.018865157035998555,0.6535596452204901,0.013453761125292691,0.01742848656678792,0.011790440352928566,0.013930977718476052,0.012226841671461168,0.01232238001834888,0.29909075099024385,0.011370891721468534,0.012913131755475584,0.011202270921662726,0.013784158409606461,0.011973441325477327,0.01486018112179235,0.005593200572539285,0.2510521276021673,0.2568635963758585,0.13491057220798316,4.582236868548521,153.27717395386063,20.996894719485358,0.052047372711135034,0.14639034328376835,0.01799413845974217,0.1059347459263538,0.07178159655534759,0.04638368739586782,0.03463323237844323,0.04077847048626072,0.057764733491296,3.56362994200276,5.04911242864646,1.7557011013355153,4.56100781366998,4.166164394934126,3.879012762423867,3.7345434551580436,3.776034894290935,3.918962967011268,2.1161905199134057,3.5632498417220844,5.04698981418681,1.755608888167246,4.55977741846728,4.165545962777603,3.878735433693667,3.734382861689305,3.775814698743512,3.918537223552999,12.696749434532459,25.47210618450541,3.0821625682118334,20.79157010596413,17.35177316801279,15.0445885645908,13.9456153576788,14.256776639247557,15.354933972370446,3.0,1
12494.158087413232,13.654096764241947,85.0,2752.017199870756,0.9884235217151354,91.0,364.0,-8.19,0.00064804402,0.002197802197802198,0.004395604395604396,0.006593406593406593,0.008791208791208791,0.01098901098901099,0.013186813186813187,0.015384615384615385,0.017582417582417582,0.01978021978021978,0.02197802197802198,0.9920348948160955,0.21978021978021978,0.2884999999999994,0.07591478718399988,7.18057940648,-0.4837997826117122,0.3813007730528688,1.3844569850730342,0.7619195044457119,1.3844569850730342,0.7619195044457119,0.6563673589050649,0.6402796762238112,0.26757529455907325,0.607628960486385,0.26757529455907325,0.6402796762238112,0.6563673589050648,6.555822379752902,-5.145501328908474,39.553087184134284,13.634396295628566,-5.960153097683099,1.3674864523918686,-155.2416497670304,49.92619037532593,11.115322065981374,53.18345207548005,31.59251706911379,-9.188596350143913,1.2,1.8557217566217823,40.879120879120876,-3.004186564410861,3.8389569643406367,0.20767111510689112,0.023590385507944917,0.00018750901,0.0005665150500000001,0.0005561766655,-4.373563050000002e-05,3.956043956043956,-17.03,119.0,16.0,18.23,118.0,3.7362637362637363,5.24019924279649,503.1859471733072,-0.9918083359111607,0.02264823618113812,9.858190179862392,-0.7833205614408627,-669141.897337998,0.35286073188351524,4.274530659118525,79.0,40.879120879120876,0.0,1.5003406747205725,-0.0003162327540293022,12.959099503484708,0.08289530207100304,0.06397582196380916,1.2160318612763503,0.054649530424819355,0.045815661297436826,0.022551218401572592,0.01762996584438658,0.014419174219462589,0.01616458192786022,0.014487080624539688,0.01017528147261782,0.007222741071332118,0.0061648138034702685,0.006228707110581334,0.005895662171887935,0.35397818974690215,0.00470472988460438,0.004375496924997921,0.0034213017908994994,0.004736061453422103,0.0038903562435271626,0.004205991151716188,0.1418278343364011,0.003150620006794276,0.003237446814029074,0.0030615316707530713,0.0042592697449945725,0.0037515860791488735,0.0035409391131582413,0.0015471618349174802,0.07554557181313555,0.05860143993180107,0.061308126259491495,4.2935476229358605,94.28268625852857,18.434551190418176,0.06631828657821245,0.17193474341471732,0.01933893753556266,0.16054994616726612,0.15262980383804212,0.1465938890673899,0.14062838370579508,0.13114969968002738,0.1099398133186044,2.0569684605989744,5.329409790615438,0.9633388571916298,4.860585883341006,4.422355761174837,3.9977417515204614,3.573807999593976,3.147442426530754,2.7008355257398864,2.029423442197539,2.055899105686912,5.326635632396363,0.9631447239487277,4.857933598158744,4.419721102216364,3.9950531089758976,3.571040083177196,3.1447088235001406,2.6985970011370943,4.226721132764244,28.37304716031461,0.927647759270271,23.59951884411956,19.533934621376638,15.960449343537984,12.752327275658192,9.889193584599639,7.28242577454612,3.0,1
15062.915585295936,14.134077204866644,25.0,3317.822816144479,0.7844364950582265,91.0,364.0,-7.92,0.0007238175,0.002197802197802198,0.004395604395604396,0.006593406593406593,0.008791208791208791,0.01098901098901099,0.013186813186813187,0.015384615384615385,0.017582417582417582,0.01978021978021978,0.02197802197802198,0.9928426342654352,0.21978021978021978,1.7334999999999985,0.1965432988372925,6.91066343672,6.676568432699511,0.26893156848508276,1.613534727706178,0.7236480129735476,1.613534727706178,0.7236480129735476,0.3055679183377956,0.3755440122142095,0.27711974546333684,0.6590362917767841,0.27711974546333684,0.3755440122142095,0.3055679183377957,31.221423274441268,-12.01346549821185,25.83548565508483,50.20226084024334,-54.401268494293916,4.398876959238042,71.66097543427033,63.88990421411728,-232.1329195830893,-119.28302549899314,-89.43675147929082,71.25933277487403,27.74,0.9898707285822095,35.604395604395606,-2.1417079666430907,3.9279524250695568,0.36727898012795324,0.022401241454757703,0.00023316227,0.0005089279500000001,0.0005548233665,-2.0615934999999982e-05,4.615384615384615,-12.27,114.0,13.0,40.01,113.0,4.395604395604395,5.753721315694078,561.6977638087187,1.133809095194127,0.012694921215680702,9.008246054602905,-0.3258816576171714,-932790.8122800812,0.5014665037530979,5.408507175035143,82.0,35.604395604395606,0.0,1.6917652781473755,-0.0003340482627970314,11.225022412140138,0.07651926703761136,0.041789572382780776,4.339380788250522,0.11616601089505126,0.0779149899726214,0.04494587730518312,0.04301272427348353,0.04540238332857636,0.05118849847882552,0.03529658693034271,0.015903776036653668,0.008706731777446942,0.008666660485701914,0.0072436545781310105,0.004442808828690273,1.0584440514382887,0.0025749005303466114,0.001686301092201423,0.0014503461905006417,0.0016946779071571913,0.002104433829997096,0.002820169537014868,0.5901861042833078,0.0021805900950377082,0.002582181854895436,0.002648362604021689,0.0023625085615481215,0.003043188705316219,0.0018724320335660456,0.001168554902816934,0.3993280039496844,0.31298061535543903,0.226305043818527,5.340261787992223,166.74465697809077,28.518395964289894,0.026576944459886294,0.5934822333529003,0.012063418456454976,0.5552316512474371,0.5054305200320648,0.4396436002923238,0.35186897342108975,0.2412740273400109,0.123237339484063,3.1004521296668166,8.307935269364673,1.574697987092331,7.490593505438153,6.839379082834613,6.372980342015906,6.041073274116888,5.625284111817703,4.690027694374993,2.0602478845406615,3.100338219352636,8.286710280844137,1.5746517788031051,7.46998720729596,6.820677842277537,6.357797727550255,6.03081706975041,5.620107488509434,4.6884082940974,9.612097074378674,68.6695672786479,2.479528224487783,55.800708877165285,46.52164622813576,40.421591944443186,36.37075452879292,31.585608182399813,21.981172332161293,3.0,1
22570.82479727236,16.39715513020427,4.0,4971.547312174528,0.7431675948164503,91.0,364.0,-7.96,0.00080690371,0.002197802197802198,0.004395604395604396,0.006593406593406593,0.008791208791208791,0.01098901098901099,0.013186813186813187,0.015384615384615385,0.017582417582417582,0.01978021978021978,0.02197802197802198,0.9921569164927928,0.21978021978021978,2.584500000000002,0.1848436271348727,7.17069996723,11.432741191037058,0.17839609804407422,1.521599712307695,0.28870960828557807,1.521599712307695,0.28870960828557807,0.15483612439299557,0.3285705656934452,0.2801441460023538,0.25346485188890355,0.2801441460023538,0.3285705656934452,0.1548361243929956,31.098244351807665,-65.26486298379028,52.74978299695509,44.99705183998505,-69.96294742964501,-92.75744922706136,-49.952819669562004,-22.259642907651635,76.48124924443105,149.44933389906004,-21.454960321122613,103.3334946189262,39.99,0.5319896559382034,37.582417582417584,-1.9389649061429632,4.334672608446401,0.7418330612809613,-0.01715658729284147,0.00023404733,0.0006143960199999999,0.000624898285,-7.252696999999998e-05,10.10989010989011,-28.02,119.0,14.0,68.01,119.0,17.142857142857142,7.043167493795212,726.2673671981559,2.1124713920817624,0.011840819271792593,12.227120226936812,-0.15352349750642327,-1229263.413951049,0.675901364784351,3.909517519335916,84.0,37.582417582417584,0.21978021978021978,1.1714956475029976,-0.0002665780852463315,11.50287292932337,0.11934535156037007,0.18893755914109434,4.353065629097588,0.8845729340932471,0.946016075777475,0.7876485489047826,0.5630743033786523,0.38308215073721574,0.2840303877892981,0.2222805998559367,0.18427932298219696,0.1550352000578749,0.12388397969938654,0.0852734588288441,0.05896375782627243,1.0320761582853453,0.041624533892104396,0.02980458910998807,0.023915513952134683,0.021892033302752446,0.02155596131065421,0.021768203811124022,0.45050380433150483,0.022871970115011128,0.0192190060353912,0.0180702662022511,0.011465102925528733,0.008578748865497927,0.006471404215113824,0.0028881850370382784,0.6185141962979621,0.8350430408080621,0.7628433835444587,6.7710134720290975,336.7922098215564,45.84662343839953,0.1359131313188016,0.5593718819018951,0.025996168010018642,0.5079547958385475,0.44566825784488784,0.37755970094626207,0.31504241648891046,0.2697368583517022,0.22953731110428374,7.626388555555595,10.472742985239364,3.883921227081528,9.432306131256423,8.437032675857871,7.560220184347232,6.943400837994361,6.873101895611475,7.530679909273862,2.101843556253339,7.625177376366039,10.45779368378521,3.8838342263056584,9.418618841375954,8.425253715909268,7.550786575452432,6.936249957496747,6.86780690575271,7.527180914442804,58.14333002104447,109.36544873261785,15.084168297423274,88.71038087912211,70.98490017744292,57.014377908032664,48.11156347287363,47.166771694704615,56.65845251875201,4.0,1
17135.436787371535,14.265848975142502,21.0,3774.325283562012,0.7482310799435145,91.0,364.0,-7.26,0.00067292114,0.002197802197802198,0.004395604395604396,0.006593406593406593,0.008791208791208791,0.01098901098901099,0.013186813186813187,0.015384615384615385,0.017582417582417582,0.01978021978021978,0.02197802197802198,0.9963273677833933,0.21978021978021978,-3.119499999999997,0.09945939418612942,6.70060257089,12.97735355835697,0.164187142882592,1.2212592586629456,0.1245475660245679,1.2212592586629456,0.1245475660245679,0.3092619302281362,0.42291453245876465,0.2647720585528295,0.2460723209336922,0.2647720585528295,0.42291453245876465,0.3092619302281362,9.521751310508694,-104.3626376682343,1.5788974936966365,118.44685202200182,1.3093584467133674,-6.41292168680691,-5.463108262229354,-10.864749091870753,45.42566012882761,100.52918481421582,-38.59106564975902,149.3091118679813,37.52,0.8721735012722701,39.78021978021978,-2.381703460005542,3.9179902309413763,0.7149214901429946,0.0005287585164228841,0.00023191803,0.00053653303,0.000541101007,0.0,12.307692307692307,-36.37,114.0,17.0,73.89,116.0,16.263736263736263,6.136798891244994,722.082900971726,1.1266657835334164,0.01601619149836966,14.994939699718328,-0.2454547277878701,-910908.9959661942,0.6821490204822288,2.5625778771838332,82.0,39.78021978021978,0.0,0.6879322362680798,-0.00020856237501387745,12.886334979472336,0.11077213910321548,0.1427826819036701,1.0774699805521168,0.20091150828374713,0.29493176629686774,0.2968739735439394,0.3078633903999487,0.34007925765608876,0.3473453723550548,0.371918169390315,0.3851815241105332,0.35213801132853606,0.3419667646044741,0.272857123899456,0.240897317739218,0.5470580522972451,0.18670281785239068,0.13906335069011797,0.11646901712617538,0.08257095584816959,0.0658806493064656,0.046352208834193186,0.49411549493614915,0.036141057834874896,0.027305240072075788,0.02116958119930163,0.019700347700548897,0.01576205788130419,0.01663300139091987,0.00727766150732629,0.20779158640016535,0.22309303897132446,0.16679922794825014,5.65577485939667,324.57435652491955,31.987789260183423,0.0877001041553456,0.1287256090149119,0.009436650842057704,0.15536696860970792,0.18290507966915356,0.20963614107261858,0.23026782831789644,0.231150931793207,0.18836366497045634,5.12473536959126,7.133600840904939,3.6676669053969593,6.732858147303367,6.488842956236442,6.406612436122689,6.369878405457733,6.1834893794368435,5.741207184391748,2.1058952572988803,5.123984904356258,7.132439321504487,3.6676547654550298,6.731065289890923,6.486264613977024,6.403181677497374,6.365715013064794,6.1791674319716705,5.738116334114387,26.25522130007081,50.87169067494339,13.45169147856499,45.30723993677437,42.07162864253051,41.00073559503808,40.52232762755852,38.18211015233937,32.925979063830326,7.0,1
23193.323791246938,16.894199591124583,9.0,5108.6616280279595,0.86457980116917,91.0,364.0,-7.81,0.00070361712,0.002197802197802198,0.004395604395604396,0.006593406593406593,0.008791208791208791,0.01098901098901099,0.013186813186813187,0.015384615384615385,0.017582417582417582,0.01978021978021978,0.02197802197802198,0.9926547355667868,0.21978021978021978,-0.29749999999999766,0.12964298649247813,7.220648763185,15.953887118169433,0.15334820053139414,1.3919770305825772,0.013377867497704013,1.3919770305825772,0.013377867497704032,0.17068040421660258,0.3790051964252586,0.14907506285753377,0.4636573340328245,0.14907506285753352,0.3790051964252586,0.17068040421660258,29.436644737183364,-111.12748282107172,21.079835095827686,22.033465141977643,-47.65763929663712,11.150122940278893,-66.06931442246656,95.36843776368086,42.466788529264456,76.07344890353686,25.837826864923038,39.90672784175662,39.99,0.6264364961826269,36.48351648351648,-2.2879883957562677,4.363982144653641,0.841569893928588,-0.03253162635048454,0.00022134438,0.0006592647100000001,0.0005843520545,-2.2432349e-05,11.868131868131869,-33.26,101.0,15.0,73.25,101.0,23.956043956043956,7.139631503287864,771.5682424425383,2.5795700301007374,0.014569746496993554,13.74040071272534,-0.18972364520879095,-1182787.9035110094,0.7187094712005258,3.1749644517437554,91.0,36.48351648351648,0.21978021978021978,0.8605249988164922,-0.00023485851573419643,11.785263362000505,0.1902515256104248,0.1632826751429052,2.2498405724439676,0.7691182074654324,0.6957951465263774,0.6963573652045604,0.6768736829791956,0.603935696926236,0.4719973894466958,0.39828554335527255,0.38856067970978353,0.3537531021440675,0.2845127565351241,0.22030296246047526,0.20214599480356193,2.1193176171989774,0.1830823034148761,0.1486881128918613,0.0947190106665844,0.05785188760215057,0.035278012466642694,0.022213975821089103,1.469334915906246,0.012011129040010194,0.007425128496153098,0.008874283741246831,0.013045553361227959,0.017269885823366977,0.0203901387000347,0.010869999966347956,0.8666101856322231,0.9687947537128405,0.9489817487776807,6.763094491697212,382.072731843579,45.73944710362518,0.13203217806542017,0.31638071453135713,0.029664712187346762,0.3381554935128087,0.3493769396154307,0.34410591355992126,0.3178250700236937,0.27542781183728227,0.2233052916510772,7.059143184009321,10.348231738102884,4.637085715290455,10.004727531763008,9.7036762291674,9.348633906631667,8.762149119054307,7.8725581908924775,7.154145426758485,2.113011704543597,7.057908330114565,10.343394188995818,4.636990827659856,9.999011143459331,9.697384601766263,9.34229880920517,8.756383066621092,7.867738683348269,7.150659517410263,49.81406999630057,106.98580334895247,21.501683935801637,99.98022384702386,94.03926811457342,87.27854704047634,76.67424440940862,61.901311989454754,51.13193153392998,6.0,1
19459.85218799342,14.688286346629738,8.0,4286.311054624101,0.9771040585618526,91.0,364.0,-4.37,0.00091842886,0.002197802197802198,0.004395604395604396,0.006593406593406593,0.008791208791208791,0.01098901098901099,0.013186813186813187,0.015384615384615385,0.017582417582417582,0.01978021978021978,0.02197802197802198,0.9965152664820416,0.21978021978021978,0.14599999999999724,0.46837077716813785,0.0008115130516500001,7.843963623216656,0.13155928558327745,1.3192578680552929,0.19873025515932322,1.3192578680552929,0.19873025515932322,0.021473953199071527,0.1864645521061753,0.2539785627864821,0.5314044370988887,0.2539785627864822,0.1864645521061753,0.021473953199071562,24.060376123679603,-59.25662726841201,24.878837498476322,33.644962105611796,-83.70222297778349,-28.313038235165234,48.04026885987793,98.06359770077326,-19.46670271612054,24.412833056580553,-14.093419482680376,20.39466901389807,36.13,0.42023944657202333,39.12087912087912,-1.2380139689006469,3.95299550501024,0.7504387215546138,-0.03808365864655509,0.00044123848,0.00041100496,0.0005775162100000001,-5.4983209999999986e-05,10.54945054945055,-19.23,108.0,16.0,55.36,110.0,20.65934065934066,6.539794026395468,718.9022488002672,1.033383577901559,0.008735878770386717,13.171642247815758,-0.09390828690065241,-1097881.119517576,0.68261498739527,3.5662191170713813,87.0,39.12087912087912,0.6593406593406593,1.0744911426017183,-0.0002467801481300005,12.035232078592678,0.17238632412960608,0.22539006704579767,6.744706264015211,0.5501726118598519,0.494253808922689,0.3511582216005201,0.3505097743861382,0.30840169113505667,0.2522785281214376,0.18269105613377948,0.1455046282182682,0.11222970688469046,0.08996768809159479,0.0753237194438021,0.07015909972115315,2.4994289223084,0.05907553066058457,0.05540899597797759,0.04834166462889282,0.043241907192879056,0.035812367047034444,0.03209794643674715,1.75606945304456,0.02608853611704096,0.02093853300719284,0.017856163802001623,0.01526058245321773,0.016419055175195187,0.013400883104476355,0.006985172780207325,1.253391279835025,0.8242584520114801,0.5530020129963193,6.421543998174014,340.69917958579464,41.23622732048471,0.11303414305838706,0.03245482847904167,0.03845725672068316,0.0666704760281566,0.09604470289956557,0.11818405889240807,0.12962649084333386,0.12861393302797597,0.12311175246036585,5.993136955755597,11.926482971544345,3.859557648716218,11.021976741157886,10.343343984385783,9.717616365276166,8.95644822817647,7.94399106436618,6.733108600480571,2.072248216437094,5.9920709152134135,11.926438812765765,3.8593660467969846,11.021775098878202,10.342898055882332,9.71689767111432,8.955510138282298,7.942949860534233,6.731982985886965,35.904913852946514,142.23994275464568,14.894706283169384,121.47952633025157,106.9755401943745,94.41810035090688,80.20116183687703,63.09045248696079,45.31959492227158,7.0,2
15262.739893078055,13.733920850012419,19.0,3361.836980854197,0.9444278469528121,91.0,364.0,-6.58,0.00084684511,0.002197802197802198,0.004395604395604396,0.006593406593406593,0.008791208791208791,0.01098901098901099,0.013186813186813187,0.015384615384615385,0.017582417582417582,0.01978021978021978,0.02197802197802198,0.9943360914874172,0.21978021978021978,1.7069999999999972,0.47971418248894065,2.8607704704200003,2.4795258823464366,0.19738011633138752,1.3253211417659005,0.08399203293632392,1.3253211417659005,0.08399203293632387,0.5745473537640603,0.15054512930897906,0.5429192820153756,0.46252282909881065,0.5429192820153756,0.15054512930897906,0.5745473537640604,12.61379688749889,-116.91887833350191,80.18945806339109,38.32236433551845,17.60296727514049,-123.76778069991495,73.42978024620551,26.971324325761394,97.54401764624717,28.143843495649538,97.66433618547092,57.76426910161241,22.47,0.6557232543226051,38.24175824175824,-1.9117848764396002,3.9512343508890018,0.5915439973958198,-0.023986176228414088,0.000349414,0.00049375452,0.00057736544525,-1.599634500000003e-05,10.769230769230768,-23.67,109.0,16.0,46.14,108.0,7.472527472527473,5.791759946811524,644.7023579719302,-0.6208219323555724,0.013202238966486653,13.378426406844174,-0.2425695171596514,-844622.521947684,0.5684751630578267,2.573591090895576,70.0,38.24175824175824,0.0,0.7813752674902074,-0.0002424457867423346,12.634492898409084,0.14509813730030574,0.08317976079680338,7.146588503832817,0.27199953780823755,0.1754379718581228,0.1420490419978518,0.11492933762002244,0.08740058907654837,0.042039086217219315,0.027874738747957446,0.014173573408198966,0.007754282700466774,0.0049593069345995715,0.0019280707603080436,0.0018407504631066459,1.4926134294911173,0.002398043319862194,0.0042778717404940055,0.0032215856805799885,0.0030349820809523506,0.003546581421238438,0.002268529856403183,0.6367133555061069,0.0017229741592503355,0.0023504178946152686,0.0017368460950017012,0.0012366464214409168,0.0012978693545195386,0.0015719590995658594,0.0005151836687559817,0.18711255799525686,0.26520761843666846,0.3056923996119938,5.467134703636544,268.5609748177022,29.889561867707044,0.02443042835343115,0.04689944049643136,0.002652608791415262,0.021275073098239308,0.0022783945623862808,0.023728381783481908,0.03918635746609367,0.039504964026614645,0.011659728153264862,3.9964838294537253,9.420371530064255,2.6747793928091568,8.264594311043306,7.207968804435537,6.183696951848821,5.162623783007369,4.303797430265201,3.998213913892735,2.0735719670411914,3.9964091573881144,9.420254784607806,2.674778077497855,8.264566927395169,7.207968444342281,6.1836514258326645,5.16247506088522,4.30361611654369,3.9981969126075887,15.97128615325558,88.74120020692628,7.154437763863123,68.30306649739403,51.95480909463409,38.23754495620234,26.65114875426186,18.521111678574595,15.985578551984855,10.0,2
24891.10858845857,15.918353488973793,4.0,5482.623037105412,0.9279754890017277,91.0,364.0,-5.22,0.00082371568,0.002197802197802198,0.004395604395604396,0.006593406593406593,0.008791208791208791,0.01098901098901099,0.013186813186813187,0.015384615384615385,0.017582417582417582,0.01978021978021978,0.02197802197802198,0.9980087237040236,0.21978021978021978,-0.6605000000000025,0.39240626654080385,1.64075762628,9.476522003107235,0.12389374057811553,1.3965126543493205,0.31579787796263153,1.3965126543493205,0.3157978779626315,0.2487333440377151,0.2245627262126244,0.034623955120095265,0.08482488649059106,0.034623955120095154,0.2245627262126244,0.24873334403771502,30.454551057517946,-31.773038057665048,62.864924264262434,19.69669932579584,-37.58141287547206,-52.61100225567134,-106.7007093968437,-20.249719768852795,18.290328035018373,80.71910751052552,23.818842927659347,-6.439068715235264,39.99,0.32259297016630645,38.02197802197802,-1.2442951718426614,4.198601143148357,0.8322013429833651,0.020133691252026367,0.00033630342,0.00043672209000000003,0.0005941705094999999,2.8467665000000037e-05,8.791208791208792,-33.92,112.0,17.0,73.91,111.0,15.164835164835164,7.396332412854861,753.6443030545753,1.3846387589907865,0.009508227223458133,12.138841591025837,-0.07755090460984934,-1314594.6027571142,0.6942951707042699,4.036649851689532,75.0,38.02197802197802,0.43956043956043955,1.2898767162925169,-0.00026842847607242836,11.686287014687702,0.16272507018090643,0.6145732205384185,7.04514319360331,1.4897095982223956,1.1638722776250758,0.8164481076881808,0.6876256465799986,0.391105609755546,0.3173363389170658,0.199895966122442,0.17154870758519863,0.1362749827273054,0.11887024894514601,0.10053603386414368,0.08649834499581453,2.600180794889258,0.06818768904403585,0.05275526285774851,0.053300393300977716,0.03470687637555978,0.03898220202802248,0.030316009272895017,1.8768603189362023,0.029034428771308442,0.027678935447135965,0.023361411085408363,0.020241355352779572,0.017599807022581695,0.017278526989055357,0.0063903762411540894,1.3916480678256544,1.1989727506171028,1.7400577551650451,7.290916450404328,377.8194097144478,53.15746268677645,0.01607017257680307,0.10476743267325442,0.011910132964724738,0.1469994614894238,0.18774845136315813,0.22163004566369943,0.23472977890335878,0.20356442468670483,0.11327293512213579,8.448938170841226,14.269816078484705,3.7752333641685483,13.044805221604152,12.132139766173033,11.486103428549079,10.990777751936312,10.568053396822986,10.11924759921486,2.0857795461433435,8.448922887815417,14.269431477772045,3.7752145770358725,13.043976940638649,12.130686947777022,11.48396499882275,10.988270906896778,10.566092661107218,10.11861360149623,71.38429796425122,203.6166746988317,14.25224510266414,170.1453344279128,147.15356582496779,131.881452094186,120.74209752335416,111.6423141231038,102.38634121638452,5.0,2
23086.557802747124,14.57422564743252,8.0,5085.144890472935,0.8695879965761117,91.0,364.0,-3.85,0.00091073591,0.002197802197802198,0.004395604395604396,0.006593406593406593,0.008791208791208791,0.01098901098901099,0.013186813186813187,0.015384615384615385,0.017582417582417582,0.01978021978021978,0.02197802197802198,0.9973230059313812,0.21978021978021978,-0.1490000000000009,0.42854466213674364,0.0008300929715,11.289949401465966,0.17063696780614204,1.2027594032867803,0.11687410005217869,1.2027594032867803,0.11687410005217871,0.02494099415616476,0.46524742976215033,0.1648964907428389,0.5789509711501826,0.16489649074283888,0.46524742976215033,0.024940994156164797,16.22779048749613,-123.66254639646627,107.07931885510962,32.63286403596372,-65.84515873095624,117.22660885024857,-85.48918887921047,187.48722465191165,13.040408612098505,1.889335796745117,69.8092894292029,-37.11343394664646,39.99,0.33848918588983806,40.43956043956044,-1.0307302080321383,3.8746584113085265,1.0032271143053568,-0.0880828607835903,0.00043965542,0.000420671157,0.000561113125,-2.4277460000000003e-05,14.505494505494505,-32.99,109.0,16.0,72.98,109.0,28.571428571428573,7.123179590503465,826.6437588349318,1.4037261287741285,0.006705598654324085,15.403661585570351,-0.05377374523299133,-1045585.0116943299,0.7273405722950507,2.8515676270077437,77.0,40.43956043956044,0.6593406593406593,0.7027891549872111,-0.00019999523733440187,12.442928871326627,0.15916800693946387,0.5354607945145491,7.275519241255323,0.5379662993786232,0.5778314506815789,0.5295024832063124,0.40625662874103374,0.32059903373504006,0.23871298270101152,0.18450030888475816,0.1518360480895247,0.14782338174531165,0.14353031109067194,0.1399794940556678,0.12905580594557123,2.4964769882684563,0.11427363830015275,0.09124459237133545,0.0688260687005841,0.04678332556081742,0.02671905242537378,0.013103316764929018,0.7875783768558178,0.007437064960183221,0.006488052915846157,0.01194747268981527,0.016686907114428655,0.023875228271238086,0.027229635511499095,0.01526753196293288,0.5384369609009704,0.5145710220530221,0.6675688215174232,7.0482113132918425,455.465109894632,49.67728271681512,0.09001810674183358,0.10494026369312912,0.0664414064837135,0.12237868137292574,0.1392624286020653,0.152948389176907,0.157566455755902,0.1425670985754521,0.10546580358595287,6.1930109632407095,13.183141518956642,5.2259226743197384,11.68790130028846,10.422249503491203,9.393050097292436,8.474206034137445,7.455392897823347,6.336563362702319,2.079738951296241,6.192356702522735,13.182723840310635,5.225500295423743,11.687260597061663,10.421319047462394,9.391804774402715,8.472741039417645,7.454029640625168,6.335685615133952,38.34528153127824,173.7842078498944,27.305853337473625,136.59206026363012,108.6038906890025,88.20599692049363,71.78734072103201,55.562557883318576,40.140912213815284,12.0,2
18740.2574002646,12.202503213113914,3.0,4127.810000058282,0.5684643275157729,91.0,364.0,-0.72,0.00084492608,0.002197802197802198,0.004395604395604396,0.006593406593406593,0.008791208791208791,0.01098901098901099,0.013186813186813187,0.015384615384615385,0.017582417582417582,0.01978021978021978,0.02197802197802198,0.9975109046300296,0.21978021978021978,3.9989999999999988,0.4189555623132258,0.0007460169294999999,13.758604238162697,0.08811722995867491,1.1070702582862153,0.15905099360856179,1.1070702582862153,0.15905099360856179,0.2177615484272343,0.42645928575957937,0.6035794402497625,0.15403603864949,0.6035794402497627,0.42645928575957937,0.2177615484272341,12.631849604442511,-80.44553568640211,34.246591004965666,15.217812915856005,-190.3531376321634,53.96094828854209,99.60446897729456,13.886781413549675,164.141403269991,88.92625596744749,67.85589177940231,32.73600113209841,39.99,0.24771421636585336,42.637362637362635,-0.8701086097403049,3.303958465725686,0.7499708108628974,-0.07581382706268722,0.00038423306,0.000367443539,0.0005239844115,-1.0542771999999987e-05,14.065934065934066,-39.99,113.0,19.0,79.98,112.0,7.252747252747253,6.417739391848226,722.4242761742182,0.7491004949907739,0.005450115458634625,15.156505270215327,-0.0459933738022168,-958866.214691206,0.7230637634704379,3.270742449226536,70.0,42.637362637362635,0.6593406593406593,0.8619936898449292,-0.00020517583141388068,12.315285273349074,0.0644374994226099,0.32994059424095185,5.134148955995849,0.4891375755030839,0.33206864608924624,0.37024221741061436,0.24321551986657947,0.208578919102813,0.20638858150320294,0.14867224686756914,0.14349500698546439,0.11755656018678368,0.1300263302380024,0.09631355201847931,0.062018732375332716,0.9973454766592681,0.040331925121205904,0.016580694739476903,0.011394411071976692,0.0066025438090103195,0.00244543723697474,0.004259562549808234,0.43690490658203535,0.006122007906468562,0.006120011239148165,0.004605289858357613,0.008447662723172598,0.004306565760959054,0.0033600593926966372,0.0033065345531267105,0.5488327324166782,0.4054949833996928,0.4543384348013347,6.358481729857862,340.4867481317554,40.43028990893623,0.13082997245718522,0.04385986287770084,0.06288951481634418,0.06872868465744267,0.09218826677092697,0.1097321922948419,0.11593724923363903,0.10993845118644029,0.10990094138338062,6.306373704238869,12.16235914528205,4.860019001684672,10.570082450015878,9.038495161765084,7.598215805549909,6.266761549644574,5.073228675426544,4.765711141664902,2.0545378540836827,6.305016480218138,12.1622800613723,4.859612083866596,10.569859004170251,9.038025011733517,7.597423397026299,6.265689018323827,5.0720373352451675,4.764443773293167,39.75323281582232,147.92105629125422,23.61582960566224,111.72191936803893,81.68589611272063,57.72084227368263,39.2588588743438,25.7255627301209,22.699924468872034,8.0,2
29952.156361739,26.04466616473053,23.0,6597.391269105507,1.2808344375020781,91.0,364.0,-10.11,0.00051468067,0.002197802197802198,0.004395604395604396,0.006593406593406593,0.008791208791208791,0.01098901098901099,0.013186813186813187,0.015384615384615385,0.017582417582417582,0.01978021978021978,0.02197802197802198,0.9785279027963063,0.21978021978021978,-8.831499999999997,0.08457127250246893,9.310366935880001,11.730154031414575,0.27858701267041297,1.3786784821190143,0.06747224866259915,1.3786784821190143,0.06747224866259915,0.27037235126768344,0.48002953038638385,0.45643441074381375,0.8824295840896685,0.45643441074381375,0.48002953038638385,0.2703723512676835,15.627504261043864,-124.24971289110309,8.085983246843734,-26.092536321966804,-57.37880057997282,12.920629085362632,42.47624530131273,197.3149472834525,62.835609340143826,78.93929005919725,13.857507615743613,1.2144204021323155,39.99,0.9452921323296075,37.362637362637365,-4.930862753575268,4.839937072837057,0.7629110304731587,-0.02251030498066079,-6.47,4.840000000000001,0.13000000000000078,3.492854e-05,12.747252747252746,-35.12,88.0,15.0,75.11,88.0,5.4945054945054945,8.11350202321692,709.9177734955477,1.9058775220556794,0.016245716280315146,13.592050988371877,-0.5831165782708984,-1126563.4775128094,0.6060300970937395,2.8879357928047122,79.0,37.362637362637365,0.0,0.773104456224545,-0.0002379680446271721,12.403601417745264,0.13300000869097706,0.16982534974008182,3.3398465049386243,0.29265280640880653,0.35584695107110803,0.43816626307472,0.46668463797682647,0.5533871806107605,0.47314365304568196,0.3439693620270007,0.2431881740871686,0.19977749390703467,0.1538711923811024,0.1330412176898791,0.10422374805029558,1.3301263602767162,0.07754893845859505,0.05132774705609268,0.04083563654858186,0.03561354864905491,0.02119136888221167,0.013708709478222468,0.6275039185561218,0.005412888081281577,0.005178089472141567,0.005262716944449304,0.00824174756431303,0.009127662586011142,0.010664464433839739,0.004951673399134644,0.32305218863438384,0.2527483315941554,0.31459612335056436,6.4432528730563705,346.36160783481404,41.51550758614918,0.12649044901823603,0.2126484855693056,0.02620122085344382,0.2391310237535981,0.25873214409383943,0.2670094502098631,0.2579674555992648,0.23150755953194124,0.19464608039975614,5.27305838262204,8.416125883770253,4.267694491773429,7.980922432371554,7.598034291603119,7.163330302058923,6.506372482283066,5.469485683264415,4.494858915569126,2.0857509842593247,5.271541033971728,8.413438982547666,4.267614060706411,7.9773391068081105,7.5936277742584615,7.158352252431715,6.501256468565283,5.464583963058302,4.490642445603554,27.789144872847714,70.7859555130527,18.212529771139057,63.63793922501003,57.66318277398952,51.24200696989421,42.26633567006194,29.861677889313977,20.16586957425627,4.0,5
26254.228246327533,25.109943801688377,25.0,5782.869657781395,1.3595155485111956,91.0,364.0,-9.91,0.00041554586,0.002197802197802198,0.004395604395604396,0.006593406593406593,0.008791208791208791,0.01098901098901099,0.013186813186813187,0.015384615384615385,0.017582417582417582,0.01978021978021978,0.02197802197802198,0.9772223442729726,0.21978021978021978,-8.516,0.07304244649447489,9.010326966765,5.197634504389789,0.30641028547179094,1.579734440702548,0.24813378573774683,1.579734440702548,0.2481337857377468,0.3483365884129344,0.31581980550451094,0.7855049001008274,0.5434878803008503,0.7855049001008274,0.31581980550451094,0.3483365884129346,27.79397227575898,-109.58128811935335,17.33675551784008,-22.128117507614917,-83.63774434843403,-62.941812047208984,55.79629519146236,75.84113195976552,208.59310352243185,4.441148839637614,95.4383265459594,-20.42671243896944,27.26,1.123835515491027,35.824175824175825,-4.91983559006825,4.62769932181421,0.700643893325751,-0.02215854271256166,-6.08,5.029999999999999,0.15000000000000036,7.1004949999999565e-06,10.989010989010989,-27.78,86.0,15.0,55.040000000000006,88.0,6.373626373626373,7.596156958711371,673.8200382319019,1.0768060541000737,0.01793901121967746,11.97470166671825,-0.7210098896631572,-1078193.2722151238,0.5537138319920326,3.335191110307754,81.0,35.824175824175825,0.0,0.9545217597933228,-0.0002718689801876177,11.626595747754312,0.1383866729586476,0.11169381024642126,2.699190704167989,0.4132557666442874,0.495932743509889,0.5184438036497432,0.5113920933086441,0.38004467993858154,0.24682391071383278,0.17085370882704914,0.11403145385637699,0.09770106645226467,0.07897176547321398,0.06002129866790142,0.0494298618364519,1.0546766720480103,0.04470278744967349,0.03841101049648373,0.029375026736487623,0.022823074248865684,0.015547383436307282,0.012854217151542608,0.5201329718063817,0.010433253930806899,0.008265299528930407,0.0064819505879098365,0.005590451573114791,0.004799511259401052,0.004139597906126237,0.0022110328691671162,0.2654881539078334,0.2393227116104561,0.3381021606796822,5.787643588549401,318.092327569891,33.49681830807699,0.09302307336631896,0.06836773697897157,0.02108893699997512,0.10263202024010692,0.12991244110751513,0.14671228448819468,0.14934528006906322,0.14170870372195463,0.1318992144760273,5.237604840667793,7.957764209250365,3.4693482236513984,7.300103197144407,6.654111851694093,6.015244812464094,5.307281416388512,4.4811408569375315,4.190304366165212,2.081709597035756,5.236778702103822,7.957470519113876,3.469284126976244,7.299381710623127,6.652843549378061,6.013455384340723,5.305179734944325,4.478899644221143,4.188227940110692,27.423851174808192,63.321337062566464,12.035932353689322,53.28097335737941,44.26032729250128,36.16164565945644,28.144932020063937,20.06054202300428,17.54125327832385,4.0,5
27349.53104618544,25.749713267075503,25.0,6024.125781098114,1.3794458496041653,91.0,364.0,-10.03,0.00039906032,0.002197802197802198,0.004395604395604396,0.006593406593406593,0.008791208791208791,0.01098901098901099,0.013186813186813187,0.015384615384615385,0.017582417582417582,0.01978021978021978,0.02197802197802198,0.9800213600182883,0.21978021978021978,-3.4909999999999997,0.07106675467253575,8.9302640325,10.379464352452706,0.3832601042816609,1.1276288427201533,0.6129820721518551,1.1276288427201533,0.6129820721518551,0.5247993460541426,0.27272587183249075,0.48157035158070577,0.2804374612225713,0.4815703515807056,0.27272587183249075,0.5247993460541426,-11.290546702000901,-16.57178517530293,83.40675715160866,83.51634329949731,-18.017611162878882,-81.4640040838175,38.92891681253679,-29.75048255851015,26.980470212614335,56.158392857545614,80.79681741760186,58.97903843600604,36.12,0.884071598310825,43.2967032967033,-5.259841114160945,4.3944659013031915,0.5725329265228193,-0.046739161963920674,-6.41,4.550000000000001,0.10999999999999943,9.497660749999999e-05,9.89010989010989,-35.9,90.0,15.0,72.02,88.0,7.032967032967033,7.752990354835082,628.6421699854852,1.2594808212289335,0.019458302676229576,14.595429083599207,-0.699023428766312,-960145.6957844502,0.6010071687345472,2.4557800680460824,79.0,43.2967032967033,0.0,0.8277649533068664,-0.00021693643711131027,14.42473293796052,0.1640816786867909,0.16037617731781958,3.8769178930483723,0.10615231960120741,0.06096791664635722,0.03796031264340017,0.02841027708271129,0.016353458347109728,0.012233282473914973,0.01147327250247252,0.019530234722308967,0.02577922601036143,0.02923937359149107,0.02946223523521122,0.02752188290488103,0.3702565825283946,0.02831028989496751,0.03248677497658635,0.03318828726123579,0.028457289288486405,0.03187363122659898,0.02882453973120779,0.4032076468650674,0.025650483526402777,0.025872570746842103,0.02389188232364902,0.020224596353927878,0.02206317052489555,0.021026898413403702,0.009621035569890291,0.322120973572912,0.20325999998809907,0.13474419127289533,5.695869634739541,259.92994864135994,32.44293089594795,0.12262444433241224,0.22631094367306626,0.04150848310841322,0.1861900472664102,0.1409713554094338,0.08725360055523121,0.022801941698574642,0.04972520819476604,0.11350354574213554,4.958295094663372,6.96986010752252,2.7212276200878724,6.427601876706549,6.111423913479767,6.044605562250498,6.130086423909281,6.186166673542358,5.971749873157732,2.0804982817498994,4.956778539678268,6.966184987150976,2.720911025035391,6.424904602540064,6.1097978139383935,6.043975778606316,6.130044015833137,6.185966821485232,5.97067110906834,24.56965349141503,48.527733275207645,7.4033568061591435,41.27939915174049,37.32962932720637,36.529643212379824,37.57743963605166,38.26618551651611,35.64891349266336,2.0,5
28386.84955647048,26.50607566412432,21.0,6252.610034464863,1.6940223432385384,91.0,364.0,-9.55,0.00051602398,0.002197802197802198,0.004395604395604396,0.006593406593406593,0.008791208791208791,0.01098901098901099,0.013186813186813187,0.015384615384615385,0.017582417582417582,0.01978021978021978,0.02197802197802198,0.9766586481770277,0.21978021978021978,-8.153,0.08054428052263583,8.795367532455,10.456198877702468,0.3352903905806618,1.1768564398193315,0.5140652638347223,1.1768564398193317,0.5140652638347223,0.505499217803405,0.36242409255035357,0.3353994967090415,0.20270646789055116,0.3353994967090415,0.36242409255035357,0.505499217803405,-4.426871827101652,-30.085629938436796,70.10844861988062,74.51818066675605,6.388234844373323,-20.123631717847775,-4.711708595863225,-38.46552553089824,9.04390255283346,29.174877142690658,30.129752153612134,56.78652789938344,36.19,1.1120965166091592,42.1978021978022,-5.0395757463328525,4.6598899900826245,0.74880612866237,0.021169466987312743,-6.82,4.140000000000001,0.15000000000000036,-3.973060000000029e-06,8.351648351648352,-32.03,83.0,14.0,68.22,83.0,12.087912087912088,7.898650539420715,702.680348333786,1.8192267282136385,0.02287508608472151,13.508317299379298,-0.6295329441495348,-1094300.273919584,0.6104403722302544,2.6987405351458063,79.0,42.1978021978022,0.0,0.9376229150123949,-0.00023972316973018543,13.93582002805301,0.13650117304180298,0.0645839850443548,2.4523130145672187,0.6584081466654814,0.4014971113018897,0.30019669028378654,0.22946185835936106,0.15839659501232153,0.11432237239182923,0.08945642552369734,0.09356541165534148,0.10774734457034921,0.10688022947022724,0.09818993177509833,0.09329862488225671,2.288546860184482,0.08299288291054198,0.06929303823488393,0.05665849617291106,0.048728921810104624,0.03755852649983071,0.03322324078854338,1.9269393842757843,0.031947203879006174,0.028555868310259344,0.026348703916313762,0.027553759678052764,0.028439386449890164,0.029432564968123923,0.014546454259365045,1.2042122448489638,0.8354143261084669,0.8371945114703523,6.0820520090562225,339.957982412716,36.991356640864836,0.03654791318594207,0.12178520417469815,0.016341305444540245,0.08792861591134106,0.06104257265155545,0.04419581193475055,0.04163207247569568,0.04994804186234658,0.051283725144148085,5.194049668550601,10.273475167826899,2.853096434920838,9.59937193659295,9.004478312046816,8.529605915442852,8.155073913210005,7.731933590327002,6.9040098083334795,2.095426888493229,5.1939210823242545,10.272753301233319,2.8530496365633673,9.598969222554691,9.004271401754034,8.529491415258306,8.15496764558019,7.731772257273304,6.903819335201366,26.976816209412352,105.52946038800006,8.139892228694363,92.14021013555221,81.07690347644555,72.75222380296513,66.50349730045968,59.78030223834112,47.66272141310023,7.0,5
23547.878848085635,25.36327952912056,50.0,5186.7574555254705,1.6599850684553543,91.0,364.0,-10.29,0.00038251327,0.002197802197802198,0.004395604395604396,0.006593406593406593,0.008791208791208791,0.01098901098901099,0.013186813186813187,0.015384615384615385,0.017582417582417582,0.01978021978021978,0.02197802197802198,0.976846546875676,0.21978021978021978,-0.37950000000000017,0.05803188432530434,9.43027247148,-1.1066244743414027,0.36204771541333836,1.4880664537196628,0.7602204136211086,1.4880664537196628,0.7602204136211086,0.6266361132615788,0.6344728169866032,0.6036227289056703,0.5468862622759193,0.6036227289056703,0.6344728169866032,0.6266361132615788,10.666283713504049,-33.28272397945655,11.07944637898663,0.16531336454062462,-49.66383582731807,-42.2084726516434,-1.2849267706737448,-21.759164797589435,16.695532332207204,90.85109840565332,85.08966279280607,63.65222650558283,10.74,1.42951930244785,38.02197802197802,-5.469597104927129,4.195655074981818,0.4178339782020595,0.023415701965198238,-6.65,4.07,0.13000000000000078,-4.358110299999999e-05,2.6373626373626373,-13.97,90.0,15.0,24.71,89.0,8.131868131868131,7.193996099936564,552.6489866665621,0.19008535047029484,0.020665671690878806,8.94733570101145,-1.4572933050955614,-843765.4126441662,0.3551212309508007,4.631730816995402,76.0,38.02197802197802,0.0,1.5700575553958063,-0.0003353249925327924,12.253871095848567,0.12421975320038192,0.01974253881745421,3.5868833405330656,0.10788178913761912,0.06440469539300056,0.05801061603703659,0.02455325610569882,0.018847061983653938,0.014923593334227318,0.014877625919106997,0.011024290321117812,0.01217884780084357,0.010085039826986983,0.00877525723013627,0.009689419631614592,0.310214922650693,0.007475082747251301,0.0073930649945557515,0.006479688721042798,0.006022200686374321,0.006177534674897327,0.00636712262751036,0.3551333507438489,0.005544225920925708,0.005201332989686915,0.0048130736601432,0.00485990902856643,0.00541904075196887,0.005639598202769055,0.00265404960182047,0.11416622942041096,0.10053997694742302,0.09854611953331457,4.673016947933665,189.696626103735,21.83708739567527,0.024217395782319857,0.16129952027112968,0.018054928773405348,0.12574478766186048,0.09073612534833433,0.05671064507548793,0.026846965559588206,0.008133731805284776,0.009000019488694232,2.4090250599933434,6.3807251348936305,1.2403358257271342,5.722381799134811,5.072130111481935,4.414705976238276,3.738647028023662,3.1183080535865053,2.7651833735733544,2.0495676450276465,2.4089033308577275,6.378686049009126,1.240204410623184,5.721000061479219,5.0713184502019315,4.414341713026878,3.73855063368017,3.1182974456375034,2.7651687270645384,5.802815257417454,40.687635711823646,1.5381069801291989,32.729841703445224,25.71827082335852,19.486412759369074,13.976760840590401,9.72377895946938,7.646158089135721,3.0,5
29082.05125169452,25.958399674556897,19.0,6405.738161166194,1.4470630640329212,91.0,364.0,-9.7,0.00049419074,0.002197802197802198,0.004395604395604396,0.006593406593406593,0.008791208791208791,0.01098901098901099,0.013186813186813187,0.015384615384615385,0.017582417582417582,0.01978021978021978,0.02197802197802198,0.9805191790922824,0.21978021978021978,-6.390000000000002,0.07374584314572506,8.615341503039998,13.599477847389878,0.3308607846752478,1.3617586897862393,0.8236292855414844,1.3617586897862393,0.8236292855414844,0.1525423261804514,0.1343495439634262,0.4107783567129446,0.35700029511030645,0.4107783567129445,0.1343495439634262,0.15254232618045144,11.520840294706368,29.034478259549992,51.44458213180357,49.206401355937885,-107.25146850340383,-104.28587743939521,25.798298516447797,4.206338737590146,12.785324089704464,0.7656387473060994,24.864909381453227,65.74338739949343,39.36,0.9988783891660462,43.07692307692307,-4.8754280857924845,4.693133369329095,0.6560112773676101,-0.05317068938885461,-6.52,4.720000000000001,0.1349999999999998,6.416642499999998e-05,8.351648351648352,-21.64,89.0,15.0,61.0,89.0,20.0,7.994785560449409,658.6761255085767,2.4236640925886554,0.021659422649385824,12.371479760909546,-0.6165548319965065,-1178496.1775871236,0.6089051336968085,3.6701680666352963,83.0,43.07692307692307,0.0,1.2674239478940958,-0.00026355219393563926,13.267269201922144,0.18608924599507226,0.27819882453000555,1.5347693550959078,0.3665022294198663,0.24934315009133814,0.18629558931032444,0.173222158590859,0.1439453195288645,0.11388521045080932,0.0791207685402505,0.05286628410565264,0.03372102718514764,0.026772128300735623,0.023292250143772255,0.026835101964935115,0.6632804412568759,0.026345276394625815,0.027233225756716276,0.027524685913597344,0.0314115780295534,0.03599397571706935,0.04123895889219398,0.9178929321409808,0.043996941458736116,0.04663089188700115,0.046117123479308776,0.048932309540759514,0.04890837598565929,0.05307996334040017,0.026632853505864293,0.9685440004921331,0.789889212674838,0.5888272688432599,6.336150024883897,297.829119924895,40.1467971378362,0.13958400740304513,0.2073778709726955,0.04823185848406527,0.16180404999688985,0.11338924953628181,0.059235344670656956,0.003503623019661865,0.07372432891616279,0.13568402665447313,6.472797020633668,9.068130063094143,3.037008420619009,8.700060650560474,8.415474448550942,8.212451429883597,8.105050753126212,8.04447802441419,7.735428708652106,2.105017175279488,6.471291801116791,9.065758504384648,3.03662540243902,8.69855590157558,8.414710516250894,8.212237798684281,8.105049995859217,8.04414019076052,7.734238627786837,41.8776175752014,82.18797725982257,9.221093834737939,75.66487477283533,70.80735307230337,67.44084966213886,65.6918354353775,64.7081914086087,59.81844715155002,2.0,5
29486.551350139795,27.448781167579433,20.0,6494.835099149735,1.6439251682602556,91.0,364.0,-10.24,0.00042483326,0.002197802197802198,0.004395604395604396,0.006593406593406593,0.008791208791208791,0.01098901098901099,0.013186813186813187,0.015384615384615385,0.017582417582417582,0.01978021978021978,0.02197802197802198,0.976348727801682,0.21978021978021978,-6.504499999999997,0.07962734627821857,9.48030410042,10.168369240260823,0.30080718717897237,1.3635617626107326,0.5305328031792341,1.3635617626107326,0.5305328031792341,0.1524112444393543,0.32907820016186684,0.4929266064617835,0.5046875254018256,0.4929266064617835,0.32907820016186684,0.15241124443935433,13.913798463255837,-34.37669304173725,38.679661074077195,40.94272909199321,-103.63359256714229,-47.45483870846327,6.285288263180551,49.91908806760624,81.05805039347459,30.569582603129884,17.799047416060993,73.15359950244518,39.99,0.8775387652124035,41.75824175824176,-5.1675968715595975,4.61521427607626,0.871274073002219,0.01112469904158591,-6.53,4.259999999999999,0.17499999999999982,5.8344575e-05,9.45054945054945,-31.54,84.0,14.0,71.53,83.0,17.362637362637365,8.05019300159596,741.5809762011124,1.8679237921061216,0.020004884288375515,12.652840969194987,-0.6528604455724285,-1176106.7880829382,0.6207424281413711,3.5147568596001766,75.0,41.75824175824176,0.0,1.1349354198088741,-0.0002576546379385579,12.852938023874506,0.17048702219983236,0.0477168218365136,4.82465187666205,0.7294280176664788,0.7185479901065809,0.6583484006321632,0.6066904095002665,0.5126365112183365,0.39285876172072254,0.27614236669168474,0.17326022196235627,0.12412944943110976,0.09341655022121446,0.07969074393499075,0.060118292992810005,1.2803362824051239,0.050109988449007555,0.04154072234462204,0.04062079210048598,0.03900434654974273,0.037255637546766376,0.038731172596253756,0.9708539067157151,0.037696213382875904,0.03841716057259832,0.03562325981589322,0.03354452668182038,0.036939499615656395,0.03957544546919079,0.02183530557990284,0.9454329183591434,0.6348049827411509,0.7692430260297881,6.172645294846615,395.55842914300746,38.101549935992054,0.033405100756722754,0.029061008767242998,0.0038355664449111304,0.019549483124684443,0.06028678050448067,0.08989109383076344,0.10609558724533226,0.10851505422348673,0.08979738201403141,6.17088198756097,9.342759695588871,3.566419830514151,8.80473917421737,8.291723209024129,7.7854905687448746,7.263954184805591,6.707432075612205,6.312445631409205,2.106188979767677,6.170791570264536,9.342714497793951,3.566417768001197,8.80471747097586,8.291504042040009,7.784971611204841,7.263179340021953,6.7065542219502206,6.311806894992953,38.07866860364786,87.28631418728929,12.719335695914637,77.52304974370755,68.7490392791658,60.60578298726529,52.753774125321726,44.97786953195833,39.838906279680586,5.0,5
30419.136047991058,27.864857297575668,20.0,6700.250230835035,1.9499451475579688,91.0,364.0,-10.41,0.00041751792,0.002197802197802198,0.004395604395604396,0.006593406593406593,0.008791208791208791,0.01098901098901099,0.013186813186813187,0.015384615384615385,0.017582417582417582,0.01978021978021978,0.02197802197802198,0.9741695528070576,0.21978021978021978,-7.389,0.0938340372263225,9.340253554775,16.788496797478324,0.28444481678909544,1.790367511526302,0.7620365886923939,1.790367511526302,0.7620365886923939,0.3174859927926468,0.2420323815359206,0.3215180683329498,0.2549712879157392,0.3215180683329498,0.2420323815359206,0.3174859927926468,42.5756332138376,8.307365205754197,-0.6283518758931378,-1.9680350488923049,-60.36102018098861,-59.30984199616589,-102.188737894897,-30.528569265744157,52.03863332323241,-75.86386741280059,-23.47333451955634,24.87049449379176,39.99,1.0427989516243805,33.84615384615385,-5.23536013308102,4.593070260810053,0.6367765493958538,0.01958330260162994,-6.84,3.960000000000001,0.16000000000000014,1.7816419e-06,5.274725274725275,-15.75,83.0,13.0,55.74,83.0,11.20879120879121,8.17650561435133,642.6232013957597,2.8186724422984186,0.021298748460008617,8.835150183508889,-0.7778214029602334,-1329398.7221913747,0.5662813827185801,6.041899197958146,73.0,33.84615384615385,0.0,1.809810116705245,-0.0003376764907210632,10.691754206284738,0.15473319495463012,0.036780455280022696,6.727970261172544,0.664104045198932,0.3056890581371719,0.2645513328160394,0.12175666550047076,0.08662119959158773,0.0474956983252239,0.03603775612189115,0.02487177147272323,0.01715747412936291,0.010652735934015962,0.011545540862639201,0.010068801211941229,1.4752831131816837,0.008562169586967492,0.0068481692880569675,0.0051898387835937025,0.006507313126104486,0.006762585650222509,0.007968585738458258,2.3921819153944295,0.00852393985422434,0.008668548482851385,0.0085508314025008,0.00839497872387995,0.006588301542794349,0.006524304808914566,0.0030884375175207622,1.396603817419509,1.2955090887302743,0.7597482349467796,6.280624836627698,289.0965534257176,39.4462483384647,0.011391002952578357,0.1602807889156558,0.011343279084514988,0.12463426210191539,0.08808990054410991,0.04889630926430187,0.007917331434464835,0.027075475694981723,0.03839964311323994,5.716951527069633,11.451083076207453,2.267720744983548,10.840440754636502,10.334722444965289,9.906801508800996,9.457560788509557,8.820298163749456,7.736612028190583,2.079662838330568,5.716940178794559,11.44996129630617,2.267692374915158,10.839724261045312,10.33434701294143,9.906680841014412,9.45755747453942,8.8202566071548,7.73651673184722,32.68340500791556,131.10161368690927,5.142428707248349,117.49962205549434,106.79872818389147,98.14232528572202,89.44539338421647,77.79692661605792,59.85369114215199,3.0,5
25527.595355390604,24.18687573598879,22.0,5622.818360218194,1.6609274939088259,91.0,364.0,-10.44,0.46,0.002197802197802198,0.004395604395604396,0.006593406593406593,0.008791208791208791,0.01098901098901099,0.013186813186813187,0.015384615384615385,0.017582417582417582,0.01978021978021978,0.02197802197802198,0.9878644435254951,0.8791208791208791,2.1294999999999984,0.5819978436041714,8.4608904847,-0.4108935456048832,0.2042015203623762,1.0978494604169937,0.007914580990291038,1.0978494604169937,0.007914580990291038,0.5821521894742043,0.7835006129036945,0.32037220912988706,0.9456829439177135,0.32037220912988695,0.7835006129036945,0.5821521894742042,-2.813424188420827,-159.90560160255703,61.24017002180233,15.50310710929427,39.95683699275219,64.98676575638183,-34.67014854968325,185.83882273217733,-47.61441274048155,174.05488665841276,-4.232736787063419,94.09431777643928,22.24,2.9937577016231858,36.92307692307692,-3.125739493976453,5.681071457804385,0.6372499771026923,-0.025064402916674042,9.4111063e-05,4.740094111063001,0.2400000000000002,0.0,9.010989010989011,-22.45,78.0,8.0,44.69,79.0,0.6593406593406593,7.490300740069296,631.6795944454232,-0.16332313086614791,0.011182510736640023,13.298829369946608,-0.4845494849145659,-835077.6526119517,0.37154610179237957,2.3076961943136913,76.0,36.92307692307692,0.0,0.6827844940881398,-0.00024411420430837266,13.476646014801046,0.2784565203780327,0.045281151719933944,18.070462573297036,0.12335389273975388,0.07170962366378361,0.04229038899025719,0.04663014227137561,0.040087725671961075,0.022874659504175186,0.017011372068734477,0.02213181264782838,0.018983695145766036,0.015019597935082177,0.016598607481508883,0.019863628212543723,1.9784584510459133,0.017079911846631605,0.012883761990113075,0.010778608457023742,0.012645332134823065,0.009504418690133068,0.006184486493596103,0.47767287278689974,0.007262734301695904,0.00654042508124411,0.0040504684540170815,0.0026697567824530916,0.004475284966679215,0.0029146717461527765,0.0008205880848121151,0.1103790373569722,0.09845571627728422,0.1394532592026579,6.806934537108351,289.3114896046223,46.33435779247848,0.02822558417424142,0.09770012394869294,0.002550391519003496,0.07047226319288002,0.047442733868498274,0.028446608368452343,0.014951570963822013,0.009017314035121847,0.015528624585384544,2.3455885885611565,9.947572447846127,2.541459826215693,8.152892939192673,6.620283165373777,5.302291298217434,4.154798473011944,3.1725463611873033,2.481966697648498,1.9801481667710146,2.3454187564668154,9.947092655189646,2.5414585465380695,8.152588358187737,6.620113169480905,5.302214990136165,4.154771570359565,3.172533546226169,2.48191811912776,5.5009891431863425,98.9446522909278,6.459011543771396,66.46469693805822,43.82589837673451,28.113483801624653,17.26212680186809,10.06496910193039,6.1599175500546774,8.0,6
38527.472147996945,28.249632353275352,15.0,8486.227345373776,1.5120883060269104,91.0,364.0,-9.68,2.05,0.002197802197802198,0.004395604395604396,0.006593406593406593,0.008791208791208791,0.01098901098901099,0.013186813186813187,0.015384615384615385,0.017582417582417582,0.01978021978021978,0.02197802197802198,0.9921569164927928,0.8791208791208791,0.7364999999999995,0.5456597328215453,8.34096870476,3.499632816803481,0.11080490119481512,1.5640725553700192,0.11075944339005475,1.5640725553700197,0.1107594433900548,0.19666715630785858,0.23639968990587526,0.4138460710806222,0.36508063683892544,0.4138460710806222,0.23639968990587526,0.19666715630785864,39.37144558816513,-101.52676371035832,-70.41181587384918,84.04907446872188,-28.228076475895456,-21.9272326450012,-20.00907594159996,34.5315295492095,134.160447553195,-62.38679327655069,-43.708761057369586,49.29599674009883,39.99,1.7183496862812755,34.505494505494504,-2.150817059947754,6.545555787032875,1.3028667625834573,0.0024889973402501793,0.00010071733,5.1301007173299995,0.31499999999999995,0.00010448198649999999,8.571428571428571,-20.4,71.0,10.0,60.39,71.0,8.131868131868133,9.201943434005159,893.7310183231442,1.0720924192786272,0.005292336272863838,11.928093737573258,-0.150050760381534,-1511972.4373099543,0.5736141393041501,3.4793157659290825,73.0,34.505494505494504,0.21978021978021978,1.0508057556256367,-0.00027284591966593316,11.433397127420992,0.2671322443263623,0.1344543765066095,25.111598481238488,0.953494446998247,0.8821213282993365,0.9537911926920878,0.8850084799632685,0.7148500096690482,0.4802635100695176,0.3069055430011418,0.21113617692177775,0.19929138300569202,0.2186758359016979,0.23900559276868386,0.21386409079480032,3.4692673872782667,0.1592407810940814,0.10075545871981405,0.05609105805885849,0.032674248145217105,0.023160107989143544,0.026139925515942165,2.555630340451492,0.02316752111843405,0.019804447728331148,0.011265462536050834,0.004459820214330637,0.0032762951098701744,0.005069833101646178,0.002584895669029536,1.0035588464707599,1.60707752130752,0.7891138613596516,8.947052527914897,591.5015102128897,80.04974893726835,0.06968929036365834,0.483180266144013,0.004428722185326545,0.48311526285887035,0.46821956653526436,0.4325065588569558,0.3707074939203374,0.28531658122207876,0.18494918366283983,7.194611693279173,16.878689056703003,4.406896454084302,15.202813159609809,13.722757984337822,12.427075497598686,11.196596411511619,9.797707867649281,8.206784613288336,2.0765848292410873,7.194274169079047,16.87177172389654,4.406894228755734,15.195134998044539,13.714767848353139,12.4195468314896,11.19045786177787,9.793552670419267,8.204700328980252,51.757580819878015,284.65668110327476,19.420716743440597,230.892127608798,188.094857134221,154.24514349956337,125.22634715622615,95.91367390827637,67.31710748836865,17.0,6
30372.70303764062,25.43819754845472,19.0,6690.022695515555,1.5714637295777059,91.0,364.0,-10.28,1.85,0.002197802197802198,0.004395604395604396,0.006593406593406593,0.008791208791208791,0.01098901098901099,0.013186813186813187,0.015384615384615385,0.017582417582417582,0.01978021978021978,0.02197802197802198,0.9948339105614112,0.8791208791208791,-0.06149999999999878,0.5410579109149869,8.650901242755,0.9992640603540561,0.14855820495547067,1.225817085942478,0.29358588761964444,1.225817085942478,0.2935858876196444,0.18388895407359943,0.322436789082703,0.5988279471877952,0.5386249897360291,0.5988279471877953,0.322436789082703,0.1838889540735995,8.258550226256718,-75.2912669008737,55.10255889310963,16.65561571917877,-110.62191253115876,-44.10443188996378,109.57996531366126,64.34744461570368,71.71457878867032,95.02476557087614,79.0508364489199,25.474172591380885,29.6,2.025464996482736,40.65934065934066,-2.672834847138401,6.062756258188926,1.0417699158832223,-0.04880885591825993,8.0261747e-05,4.159919738253,0.27999999999999986,1.8285240000000002e-05,11.428571428571429,-24.33,75.0,14.0,53.93,75.0,17.142857142857142,8.170262755219078,789.3424512062643,0.28023667514290235,0.007732457856718591,13.237069680956084,-0.2716324422436715,-1135888.866058416,0.5160864568291321,3.151811506304288,74.0,40.65934065934066,0.0,0.954924020694029,-0.0002454087367935134,12.709897789627188,0.2899178950070801,0.1970086614919874,16.53427472348836,0.5077394884088978,0.46658020465254924,0.48564174376600977,0.5260089886120377,0.47988107855520884,0.45296974546305624,0.36843335661947046,0.293626608465563,0.2315276257557672,0.14744503016223895,0.1060249224331698,0.06534963012947229,2.435870029189947,0.046704163193285755,0.04275695925165296,0.04381450994784551,0.046115347406589756,0.05390404921773903,0.053066450225645344,1.0567459218521966,0.05399734661173192,0.04793215754543269,0.036935654511916396,0.026662303867738775,0.014039760947828706,0.007004137681081208,0.0029353129018274454,0.5161517678041049,0.40148244664312366,0.5591932796104806,7.720696041759622,472.963541810983,59.609147369242685,0.09940258224111193,0.10225928566404419,0.042496890133921335,0.12021033348597883,0.1293878511780787,0.12788294758312185,0.11525038093610071,0.09743962863089832,0.09225986990953246,5.7784608796955315,12.187750209116459,4.121737088500184,10.597204125898037,9.232075765333397,7.984490165655243,6.736226979571185,5.525426655930669,5.006844440317811,2.0683723491212263,5.777605841939676,12.187321206824482,4.121518002028733,10.596522295624803,9.231169033271122,7.983465986472463,6.73524099568804,5.5245674264001385,5.00599434337931,33.380729264815464,148.53079819831376,16.986910641046915,112.28628476167354,85.21448172082371,63.73572915716274,45.363471269996815,30.520845248841454,25.059979365945647,11.0,6
28813.26424628961,26.21403439815525,20.0,6346.533974953659,1.771737819833282,91.0,364.0,-9.9,0.26,0.002197802197802198,0.004395604395604396,0.006593406593406593,0.008791208791208791,0.01098901098901099,0.013186813186813187,0.015384615384615385,0.017582417582417582,0.01978021978021978,0.02197802197802198,0.9845676087061853,0.8791208791208791,-0.5124999999999993,0.5333583329440738,9.020895194545,1.0987998855186847,0.21320345553383382,1.1849657052217943,0.616977205357959,1.1849657052217943,0.616977205357959,0.5729582636688206,0.25709472804644595,0.3508544763827285,0.1187455433995166,0.3508544763827284,0.25709472804644595,0.5729582636688206,2.42205184846602,-7.836889927171239,48.56883921084207,6.866074459653614,17.29295205408774,-47.41503804371194,5.55574413885494,-75.36775024200725,-8.958182047811814,-1.9545532735501585,56.940036554806056,53.56626617029735,33.71,2.4954637345218176,40.879120879120876,-3.078267072115094,5.964777947886991,0.8909575265519709,0.019757895912367845,2.3239561e-05,5.149976760439,0.2900000000000005,1.274344000000004e-05,6.153846153846153,-18.94,73.0,13.0,52.650000000000006,73.0,8.791208791208792,7.9577544248582335,722.3151432892349,0.4403344126619187,0.012481166385215752,11.550030094827417,-0.38729686894129595,-1125307.1836028192,0.4625897204768604,3.390184224101224,70.0,40.879120879120876,0.0,1.2340000671253577,-0.0002807704360452209,13.234039877463749,0.2922902033593533,0.026794937346645203,18.179235596815005,0.4194279596229685,0.43908268286778507,0.20163118832806734,0.11752036170406202,0.10411535675731408,0.06561644539031918,0.05857903060801031,0.053355242565573176,0.05084644863118632,0.05664985401776898,0.04962486994947047,0.05290799404228492,2.568433296932369,0.056643393771290754,0.0507362031338744,0.049059688175200955,0.04752479942013294,0.044313462904210676,0.03933086404126554,2.0565126542419754,0.03512910427216549,0.029349772220380384,0.02526745892054085,0.021301462229456378,0.01766024295440646,0.01418147523049282,0.007193789625253901,1.0197709672220405,0.6155280794327886,0.912938680006228,7.338264598601141,404.4947170545948,53.850127319082766,0.009506132296163062,0.01817252272541409,0.013669527479347335,0.02815007883553975,0.0676282804063847,0.0947692229617544,0.09997843278571265,0.07565909109910153,0.02937304145515268,4.770326599462059,12.275955600250702,2.22144622662852,11.0288039462221,10.13340069377944,9.410009985926179,8.653249399873589,7.747830733114656,6.609215547883116,2.0681283148939147,4.770317127716356,12.275942149535584,2.2214041689482307,11.02876802082924,10.13317502248821,9.409532758304719,8.652671812185547,7.7474613113541935,6.609150276912727,22.755925498984023,150.69875565874435,4.93463648182058,121.63372405726571,102.68123603637892,88.5393067296096,74.86872948939032,60.023156770930036,43.68086738281558,13.0,6
27389.0041499396,23.60350671500465,18.0,6032.820297343524,1.554233102049055,91.0,364.0,-9.48,2.49,0.002197802197802198,0.004395604395604396,0.006593406593406593,0.008791208791208791,0.01098901098901099,0.013186813186813187,0.015384615384615385,0.017582417582417582,0.01978021978021978,0.02197802197802198,0.9935283520380775,0.8791208791208791,-1.3080000000000016,0.5827238709628397,7.515958026095,1.0569380238635002,0.13200960365153183,1.0644711901328288,0.457026311421229,1.0644711901328288,0.457026311421229,0.2670639956873717,0.44962845359149306,0.38847492046350635,0.28989445692347404,0.3884749204635063,0.44962845359149306,0.2670639956873717,-1.7114829277910948,-47.08454346479563,22.548714815492293,57.81959949290043,-37.27380082687879,7.888097337681007,-11.554571051336453,-6.406869640902121,80.73501013235021,50.90999145943211,-0.9389139915806456,114.64692374335904,28.48,2.4084348637243007,42.637362637362635,-2.4147558457565053,5.723372477732416,0.8760823976072025,0.012402725463986807,0.00023671429,3.9702367142900004,0.1800000000000006,0.00013053941000000003,9.23076923076923,-25.68,79.0,11.0,54.16,79.0,5.054945054945055,7.758583215790804,733.423683072009,-0.042467220419669924,0.009405141491845747,13.710349109462214,-0.2482939522494706,-1052128.805080836,0.5039070155964853,2.8051759950369615,81.0,42.637362637362635,0.0,0.937911306699235,-0.0002354884213779998,13.798627726230386,0.237260256383778,0.14944001877595753,20.648305600171856,0.3165477896278737,0.2834590052438531,0.2600749338391041,0.22249818133247445,0.24265390521748295,0.23793185477370296,0.24230223779454435,0.22654480995535498,0.20439713823617145,0.17980631715740017,0.1620288887834766,0.12722788497530996,1.7390856510133177,0.11112160941317387,0.09144885884545421,0.07308765749915005,0.06208719033636947,0.05373083719882443,0.05130538414675882,0.9069388308707186,0.05059145902082663,0.04971094948531079,0.047998845883634705,0.04888775523061172,0.04739722533810073,0.04639635525701495,0.023460269237651182,0.4489658934127718,0.3955482884358579,0.3530257482326837,7.373233193229111,397.74140851366997,54.36456772173555,0.0392902727371517,0.018084559516326565,0.0037808171609857023,0.021587615322341682,0.062091909811632984,0.1012361637176109,0.13312636096277378,0.14424739426302582,0.11363137558743536,4.846969694724138,13.469017923101308,3.0350095498795557,11.641272616720924,10.033960354708432,8.661470505289468,7.4942326458787525,6.480269955489563,5.658044219720512,2.022041708417062,4.8468104456479875,13.469005782222064,3.0350071949307957,11.641252600630274,10.03376823504492,8.66087885570253,7.493050134796354,6.478664321082627,5.656903066413178,23.491571496042443,181.4141167615314,9.211268673281698,135.51876211168113,100.67650499459647,75.01082255315515,56.14580032257166,41.97309138526902,32.000552302794816,9.0,6
29067.287447844887,24.47762560847164,17.0,6402.486221992266,1.6166992566076481,91.0,364.0,-10.17,2.3,0.002197802197802198,0.004395604395604396,0.006593406593406593,0.008791208791208791,0.01098901098901099,0.013186813186813187,0.015384615384615385,0.017582417582417582,0.01978021978021978,0.02197802197802198,0.9915370757421015,0.21978021978021978,-2.3569999999999993,0.5125899946282293,7.8259390743849995,0.959168098451197,0.15565107081171847,1.5360235351004081,0.2544233429147488,1.5360235351004081,0.2544233429147488,0.040695726488261176,0.6228288334495056,0.2486857901997114,0.5324872519414333,0.24868579019971132,0.6228288334495056,0.04069572648826125,39.106536375352064,-89.46847540440709,17.20395595488141,-7.871866821395716,-125.16914801615663,31.812139371888634,-74.2735812890702,87.69137748157458,16.885271417491207,157.44711819950405,2.529050819848473,27.78572920888661,25.88,1.9749540729707393,34.94505494505494,-2.6386529400498704,5.834114829587135,1.0832180631661499,0.021719609824427284,0.00020881316,3.47979118684,0.2749999999999999,0.00011113921499999999,9.23076923076923,-25.46,75.0,9.0,51.34,75.0,13.186813186813188,7.992755985079347,811.0738404142749,0.04373800411555302,0.010964749736320252,11.48604818589733,-0.2783555977848615,-1259410.383470608,0.5551429964690087,4.141703355683301,75.0,34.94505494505494,0.0,1.211120583060465,-0.00028211154803793224,11.44269844637428,0.25689383431411295,0.011792231251122162,18.790359135916578,0.9681433631956334,1.236818088581915,1.0211238024714042,0.8399143272838625,0.6557360874576987,0.48477996216282915,0.40173073039090185,0.3003000978380078,0.2078430225994878,0.1572330224432599,0.10550591649548854,0.06679208841662213,2.6148281094137324,0.05475654394553061,0.02737736301350507,0.02231144746821417,0.011755926750690203,0.009121740013772323,0.006614682280300504,0.8903417854990635,0.004933879160909873,0.006841672200772802,0.009098152071212964,0.015730343939961013,0.0199292112243352,0.019245998918893264,0.012043766929021392,0.7889356489538418,0.5172652304644939,0.5441984997444074,7.54464438519059,491.7810006774321,56.9216588989879,0.016407103533506752,0.05444495771690357,0.015654339884465625,0.08367674553083652,0.10547127010667526,0.11639683859941219,0.11271584557409796,0.08868263932388455,0.03659001882806007,6.566922009700635,13.91994927032315,3.924798475442376,12.055984766375579,10.315440931442094,8.765502675141356,7.479507149255618,6.492647718364721,6.201152367446434,2.0625756698516753,6.566901513533173,13.919842794907893,3.9247672560901727,12.055694376075458,10.314901716509615,8.764729826062771,7.478657789598508,6.492042035004793,6.20104441645185,43.12419548844428,193.76202343494919,15.403798014477582,145.33976688933743,106.39719742125301,76.82048892387434,55.93032233392243,42.146609784269174,38.452951854808674,11.0,6
15084.412197256965,13.327428778737145,25.0,3322.5577526997718,0.8203605823252,91.0,364.0,-4.15,0.0009281147,0.002197802197802198,0.004395604395604396,0.006593406593406593,0.008791208791208791,0.01098901098901099,0.013186813186813187,0.015384615384615385,0.017582417582417582,0.01978021978021978,0.02197802197802198,0.9958295487093992,0.43956043956043955,-2.223499999999998,0.33027638073882054,0.00081829306,5.234344136482084,0.2240535698158277,1.3258771249771562,0.11954813642705105,1.3258771249771562,0.11954813642705105,0.38539364043536495,0.2727440738183332,0.6081674294742867,0.2984606369685781,0.6081674294742867,0.2727440738183332,0.38539364043536495,14.36839244087888,-104.97444863121981,76.73633517272731,31.952799769629003,-28.470068966439673,-60.49753572970274,81.2756105580475,-12.212279235284205,111.89458948325435,36.67927778755781,61.71760615318473,44.25298753038842,22.18,0.49506407096319066,38.68131868131868,-0.49236544303549634,3.235040125192408,0.6094646761906022,-0.006782270988039651,0.00047226994,0.000403842179,0.00058998889,9.791439999999965e-06,11.208791208791208,-32.05,117.0,17.0,54.23,117.0,4.835164835164835,5.757825481871228,658.714360151934,0.32789164270914406,0.009773191023080467,13.4940028489389,0.03623523512129074,-844436.8508667555,0.5749144015237602,2.7776582742036733,73.0,38.68131868131868,0.21978021978021978,0.8163811189091625,-0.0002400232120620837,12.417535007471283,0.10505932082264535,0.1016596673332552,2.5849784838691807,0.11344428730309959,0.1875211158082244,0.22838868961304162,0.25260185598135876,0.3002771710930572,0.25066763295236183,0.24046953822183534,0.2157359704508125,0.17213699954330278,0.13875627319352593,0.109411127810534,0.08331389133560325,1.1040447278971581,0.0689509673398233,0.05955967903396008,0.044713436349621535,0.039343458950963944,0.036669512318507146,0.026681515117158626,0.42892371838836035,0.023955555476608475,0.019740269148886037,0.013222954602848846,0.009572222319677108,0.006147063915934976,0.003161577892166701,0.0009375679014387776,0.09915678176307785,0.06544084828762212,0.17824712425972083,5.736735182156319,276.6969629905334,32.9101305501901,0.06329144591127468,0.13635634455685594,0.010252294140469615,0.08978932984115587,0.04467099335922982,0.0006214306816224501,0.04206450702496607,0.07977330359936485,0.09783007609503476,4.067262035779434,9.17638404574532,2.869426028878554,8.211558123742702,7.169559817731364,6.1172336052331024,5.170560161220032,4.441792967254933,4.055709865745327,2.0594928590816464,4.066769560789882,9.17537089726123,2.8694077133914946,8.211067208094903,7.16942065179471,6.1172335736685,5.1703890528706316,4.441076556870893,4.054529786709579,16.53861466056713,84.18743110230834,8.233500625670604,67.42162469585142,51.40059248238049,37.42054659481709,26.732922958044465,19.723160983988226,16.43921179131522,6.0,3
13766.562593160914,13.993143237288507,34.0,3032.282509506809,1.0029710139452115,91.0,364.0,-3.66,0.00091839491,0.002197802197802198,0.004395604395604396,0.006593406593406593,0.008791208791208791,0.01098901098901099,0.013186813186813187,0.015384615384615385,0.017582417582417582,0.01978021978021978,0.02197802197802198,0.9945239901860655,0.43956043956043955,-1.2489999999999997,0.3769396936716494,0.0008126065855,1.7301960406818955,0.2956993977973351,1.585533303113878,0.8354213139063826,1.585533303113878,0.8354213139063829,0.6494339951000632,0.3074284061458663,0.1756615993752533,0.518133274798263,0.17566159937525327,0.3074284061458663,0.6494339951000632,25.653057429807625,15.146007413712807,-34.545457704349204,-15.37480886483052,9.923486443634506,-84.59079150374993,-48.98664741127272,5.056400851126404,-148.693251227341,13.788981944365329,33.59883303746988,39.292849768711164,20.11,0.8412148464037493,35.824175824175825,-0.2600667157305369,3.2219905996344287,0.35863346366568455,0.0020498705451762115,0.00045989853,0.00041348024000000005,0.0005633361,1.3580475500000003e-05,3.7362637362637363,-12.75,116.0,12.0,32.86,116.0,4.835164835164835,5.500561927969776,547.4559975483652,0.4193508066188168,0.008567073922731943,8.4814421536317,0.12526276139929596,-737871.8991538417,0.39692906555276886,5.712150160507929,75.0,35.824175824175825,0.21978021978021978,1.8372659514443084,-0.00034509049397165264,11.293697171574124,0.1505921965934962,0.07942117788258336,3.206167342118143,0.1545542909729985,0.08705095158953978,0.051862869913130626,0.034541359241723066,0.012134276979164065,0.012974533015800547,0.005333987353472441,0.004909244988776171,0.005516041437324294,0.005073901146021319,0.005779128873904203,0.002618557039689505,0.8753127786283079,0.003930902180177494,0.0040359930430661235,0.004082510735536692,0.003954162513361219,0.0022689481137743842,0.0038635492905426455,0.48703274638666455,0.0037621443819203276,0.0020011409623483627,0.0037371883676314112,0.0021216463195856544,0.0030179227568537846,0.0028243208288141206,0.0009936375331181376,0.2271865306536931,0.12910150946117635,0.13494922840233253,5.494410507670474,162.8195925042208,30.18854682679972,0.04500936354291185,0.021010874854091397,0.0040138971931676795,0.059520575332816746,0.09409276889503088,0.12201031914182148,0.13758197709070197,0.13200682106168635,0.09799299763415358,2.555835218979455,6.764277668799559,0.9904766078651924,6.190634045982528,5.7327313770571005,5.339678039790138,4.928986744301748,4.410253817193948,3.6961823738304225,2.063377315731972,2.555438871068768,6.764245037234996,0.9904684746913759,6.190347905601918,5.731959140846755,5.3382839050241575,4.927066218865154,4.408277773832654,3.6948831528249126,6.530267823769219,45.75501092375827,0.9810277993574608,38.32040719239006,32.85535559233667,28.497275050639967,24.275981525082166,19.432912931266976,13.652161513029366,5.0,3
15621.57289084398,13.680734670230443,30.0,3440.8750860889822,0.9230924169015327,91.0,364.0,-1.95,0.0008942026,0.002197802197802198,0.004395604395604396,0.006593406593406593,0.008791208791208791,0.01098901098901099,0.013186813186813187,0.015384615384615385,0.017582417582417582,0.01978021978021978,0.02197802197802198,0.997013085556036,0.43956043956043955,-0.32649999999999757,0.3830579832581235,0.0007770078105,4.199081977076178,0.29387657697724334,1.7500494662578565,0.19344998025193144,1.750049466257857,0.19344998025193144,0.004787092748575805,0.6935762156035115,0.44387143753709074,0.5394270275296265,0.44387143753709074,0.6935762156035115,0.004787092748575879,47.796052749819346,-108.60560100919953,78.28284970676425,-57.47762974234554,-146.55178460227276,8.9832849824487,-8.035442467286599,27.39207533624715,40.1377406261591,194.47387296524414,-100.70121526583861,122.17158209707277,23.78,0.7153240251072099,32.527472527472526,0.010986122227613972,3.0539736228554366,0.5333044129804476,-0.020637803565991156,0.00043842233,0.000383000802,0.000575670139,2.110646000000001e-05,10.54945054945055,-29.79,116.0,17.0,53.57,116.0,4.175824175824176,5.859447690066371,624.8189881212918,0.42491480068324544,0.006232255512149796,11.801572475310529,0.1353917568161848,-845791.5526329435,0.5086534417526846,3.960196001532537,74.0,32.527472527472526,0.43956043956043955,1.049432786597865,-0.00027549790653207893,10.868120571196862,0.13529293704320822,0.07285404007897414,3.611580163093918,0.2643677788305107,0.258414703243944,0.19793533231164248,0.27569144388370975,0.275508358694561,0.2352284108132647,0.1889673505510251,0.1510725901325956,0.11677652853176304,0.06797891055934256,0.04513168702703604,0.024757536945925137,0.5046011205352045,0.012049519218746672,0.00667850641846779,0.00350813095210401,0.001766786740890828,0.0019292776390651201,0.0019518427614161524,0.3577049898900535,0.0019034170402687615,0.0021037317030583075,0.0018851874345824427,0.002926821662841727,0.003565586413982174,0.003447380543355581,0.002337967487452791,0.16263913265307806,0.13583410915478383,0.1396269496143008,5.859437390888525,242.1202034931232,34.33300653774252,0.07248457500391041,0.0702845966518259,0.020749891433579092,0.04788691215034919,0.026523405176755274,0.005540572122818614,0.016759922044583753,0.044610901916565006,0.07582490537641928,4.386196273306853,6.52664338068197,2.7966849177802144,5.773253442866284,5.172165833781267,4.653326757102754,4.154971816580191,3.7688256757610312,3.896770677184455,2.1200785895615235,4.385597306451816,6.526264926745869,2.796607940227736,5.773054837710456,5.17209782594182,4.653323458607727,4.154938014169254,3.768561640958761,3.896032891838729,19.23346373435742,42.592133894073264,7.82101597134482,33.3281621592121,26.7505959211121,21.653419210428982,17.263509901588744,14.202056841705787,15.17907229428925,4.0,3
17052.55899627235,14.730266074865616,32.0,3756.070263496112,0.863059839521955,91.0,364.0,-3.12,0.00095395055,0.002197802197802198,0.004395604395604396,0.006593406593406593,0.008791208791208791,0.01098901098901099,0.013186813186813187,0.015384615384615385,0.017582417582417582,0.01978021978021978,0.02197802197802198,0.9960174474080478,0.43956043956043955,-3.0794999999999977,0.26139241903373567,0.0008232604935000001,5.24210294375478,0.2157323688813449,1.6023392310358766,0.05686638455438279,1.6023392310358768,0.05686638455438277,0.22064398800876167,0.5313288654802801,0.5870681131103891,0.5322811063764892,0.587068113110389,0.5313288654802801,0.22064398800876173,30.11565192397356,-152.05457204456494,36.35573458561936,33.35470341674042,-90.71925834807557,-33.234876321537485,88.4972502569058,50.454999101655716,79.67311814051466,157.4509078600299,27.36956605031493,70.81853764815075,25.5,0.7629906117667545,35.824175824175825,-0.04828123714857875,3.313481461862401,0.670217720864896,-0.04151793122980174,0.00046272965,0.000411583665,0.000557897298,-1.1037800000000039e-05,13.406593406593407,-38.01,114.0,16.0,63.51,116.0,6.813186813186813,6.121940185934441,680.6323477332246,-0.0698411859837817,0.007943202856307839,13.781492918997616,0.11506956201938234,-838845.5562841385,0.5563765079993235,3.0178666979215274,81.0,35.824175824175825,0.43956043956043955,0.6885896260269024,-0.00023399719021952736,11.289478764461865,0.14662385206727857,0.033320177131806794,2.582446910757242,0.34858195209141435,0.22071732440134237,0.31235069416226124,0.21896652310392498,0.13453923549262936,0.11816445643210177,0.07568931964248654,0.09000595862664083,0.08473976509893683,0.07986238861842226,0.06285588212864707,0.05831525954815865,1.3465513090765515,0.035646897288192314,0.029259539072820178,0.017801624171308768,0.016393945918227085,0.009907342715429904,0.007828700634571995,0.6413455669253388,0.004574368077196797,0.004088166155806848,0.003238963816079351,0.002871399429275891,0.0025991207607841626,0.001982823399786403,0.0011855444891369041,0.2042713152268724,0.2409100716637262,0.25578653770517784,6.121749795793554,304.27884527266275,37.475820562298416,0.03887961310290403,0.15729852823379656,0.03387920938001395,0.119292381939505,0.0841281474153809,0.055057840481328287,0.035819311927131246,0.026017515376620934,0.009093920078001924,4.835629819324114,6.647840071974201,3.7150869796934405,6.143867764292545,5.654755190595308,5.095138141644397,4.41206512958294,3.7227664107418437,3.6928218639967034,2.111343461642011,4.835473516132782,6.645978844050094,3.71493249815653,6.142709535109426,5.65412935122438,5.094840656648749,4.411919727802717,3.7226754945658826,3.69281066666431,23.38180412522153,44.16903479556143,13.800723465859518,37.732880432724265,31.969178720377034,25.957401316641054,19.465035684574797,13.858312837841337,13.636850619829707,4.0,3
15339.810495124837,13.316799201491497,34.0,3378.8128843887307,1.1856871599466998,91.0,364.0,-1.32,0.00097465408,0.002197802197802198,0.004395604395604396,0.006593406593406593,0.008791208791208791,0.01098901098901099,0.013186813186813187,0.015384615384615385,0.017582417582417582,0.01978021978021978,0.02197802197802198,0.9975109046300296,0.43956043956043955,1.9649999999999963,0.33931861606530433,0.000845907402,6.886702989943318,0.30363393201759925,1.2159078164169534,0.3371458779574674,1.2159078164169534,0.3371458779574674,0.49743427939110674,0.4176204216846256,0.3950607826450504,0.43990545484310384,0.39506078264505035,0.4176204216846256,0.49743427939110674,-0.631996140931423,-73.89408878609966,87.17973184076699,81.23029907322334,-16.36462928913369,-32.298097596496284,-28.76113330276335,27.40935385335964,56.58228049952219,62.85481640931368,77.03632288236966,77.62385608879991,39.99,0.9754148612072623,41.75824175824176,0.32703374364698806,3.1626124582500568,0.552328520259579,0.032204551586916284,0.00046942349,0.000420027729,0.0006148612950000001,-3.126703999999997e-05,10.769230769230768,-18.51,113.0,15.0,58.5,112.0,25.274725274725274,5.806364544192397,626.7547907480857,1.2901977833452731,0.004687554958555858,14.319678299535859,0.07337480177008561,-713975.3119659538,0.4944836892369985,2.6187597565382283,84.0,41.75824175824176,0.21978021978021978,0.8189766475411236,-0.0002227163941287072,13.584834265859099,0.15905658651985388,0.04775003080758007,4.154374489557794,0.24560372589334017,0.31245834880371676,0.2311186465207827,0.14884577264092752,0.1323807857061458,0.11629467965090137,0.09975821329983203,0.08791083405509166,0.07637513110943814,0.07086213069488535,0.06788825454771301,0.06284057650694069,0.9150245325424411,0.05989427598950393,0.05365466967910261,0.04695028791777955,0.04185856321176167,0.0363362781291658,0.030330588779431084,0.6382378248145631,0.02566056306672276,0.02296372760203761,0.020990226113417394,0.018975719812256833,0.01754858249322436,0.01729295984024494,0.008059806571731939,0.2314930864536413,0.18922385335820005,0.22137542772239016,5.797147414942182,250.7571481978489,33.60691815057082,0.031180959100281937,0.03707487175179854,0.026263556124680332,0.04576816087323073,0.053788828226169025,0.0594059019078841,0.05752755190341941,0.040911051627508764,0.006539974533539607,3.862888018876655,6.188760378813493,2.4239583907258826,5.602038740642183,5.129883807300015,4.730845474101429,4.398125177748186,4.190285019196072,4.152140199902071,2.1240558338725237,3.862762171577535,6.188649326004529,2.4238161039134334,5.601851776609779,5.129601801149573,4.730472475202079,4.3977489309775875,4.1900853007968415,4.152135049390363,14.920931594170394,38.29938048025631,5.874884505590097,31.380743327106142,26.31281463835695,22.377369838644487,19.340195659914514,17.556814827953755,17.24022546837591,5.0,3
19092.926887037476,14.006144805557142,25.0,4205.490503752748,0.9296814167973709,91.0,364.0,-1.06,0.0009537737,0.002197802197802198,0.004395604395604396,0.006593406593406593,0.008791208791208791,0.01098901098901099,0.013186813186813187,0.015384615384615385,0.017582417582417582,0.01978021978021978,0.02197802197802198,0.9960174474080475,0.43956043956043955,1.6959999999999997,0.3744137478286258,0.0008170421170000001,5.817909079763069,0.13916119346278016,1.4032292103638189,0.025976113891591157,1.4032292103638189,0.025976113891591174,0.12992570156475064,0.34994052281436083,0.6004049614688095,0.34685729713876245,0.6004049614688095,0.34994052281436083,0.12992570156475072,25.68982827765433,-111.88882959642713,-49.96253420046753,18.838482269632088,-72.04102395194418,0.273638284607989,138.66836193945775,28.02014702458171,86.21006152335227,49.03629193015198,-11.596995404593217,19.882448443526734,33.53,0.6550304446812334,37.582417582417584,0.23871319183914974,3.3075620704903135,0.7472056155009555,0.0017181574057224744,0.00043886022,0.00040221914099999997,0.000521158063,9.155950000000056e-06,11.868131868131869,-24.35,115.0,13.0,57.88,114.0,6.813186813186813,6.477845064124924,711.820122801506,1.4496492057500627,0.003853210697525279,13.166427382532092,0.07702321238536645,-958591.0687945287,0.5880775492591165,3.1204673571215293,77.0,37.582417582417584,0.43956043956043955,0.853610226514213,-0.00024688945587791314,11.783278393932923,0.1330087739387138,0.08788825957553552,5.0611118666617365,0.21020020794246647,0.28718208339871415,0.262495088849047,0.35022570884952764,0.3923616772298213,0.32730259769996106,0.31485288622136726,0.2831639587656836,0.22061485913315768,0.1448092136246722,0.09871953592322279,0.05694561523704033,1.6756928655369656,0.027655965140543175,0.018533218320596557,0.012964101193689006,0.009619462575506537,0.007168534881178561,0.010666849862051266,1.1904100135051587,0.016432539510347594,0.015649920524529008,0.010925659279921203,0.012152538454606418,0.007820255380730633,0.006541178650265825,0.003924000770359498,0.3106629235628157,0.20920657205075077,0.21384780882488152,6.473445194550549,339.23134943743383,41.9054926868496,0.07943910717280686,0.20776375178050235,0.007116508835210157,0.2108282856314587,0.21010314817877507,0.2047030349895172,0.19246736806333012,0.1728888031137788,0.1436623125779474,4.573485903771105,9.409951980079276,3.639452645005689,8.840688859506928,8.411640220773744,7.928837522703163,7.143475241182768,5.913884243256389,4.5907864684806965,2.094999301908553,4.572795943429423,9.407658076845903,3.639445687263502,8.8381746387242,8.40901586815389,7.926194618408743,7.14088193668135,5.911356553651122,4.588538061205357,20.910462740244583,88.50403049084397,13.245564910540905,78.11333094458763,70.71154787086394,62.824561128891716,50.99219483362199,34.94413630439407,21.05468153913022,9.0,3
13807.992090868422,11.353422347717043,8.0,3041.4079495304895,0.9341614466705412,91.0,364.0,-1.33,0.0008655054,0.002197802197802198,0.004395604395604396,0.006593406593406593,0.008791208791208791,0.01098901098901099,0.013186813186813187,0.015384615384615385,0.017582417582417582,0.01978021978021978,0.02197802197802198,0.9970130855560355,0.43956043956043955,-2.571499999999997,0.2434292633547171,0.275793586875,10.489308687534407,0.10029516917868078,1.2148142997812157,0.11733862140343396,1.2148142997812157,0.11733862140343396,0.1506912849484251,0.4436926589953275,0.07921652522154449,0.15072433082006084,0.07921652522154443,0.4436926589953275,0.15069128494842515,20.014838413495987,-58.83106545341338,-56.16000290176085,86.21114111562184,-43.69805178039286,66.12498980292764,-85.9853648927674,3.204412107963194,59.16758503483111,42.09389429951301,28.09071934829727,-20.556166047289345,34.55,0.2571761474907104,40.879120879120876,-0.47059845701424335,2.7651198601558127,0.7627706483211925,-0.025262258648392086,0.00040821109,0.00040044028000000003,0.0005715698150000001,-3.779145999999997e-05,9.67032967032967,-22.56,111.0,16.0,57.11,112.0,25.274725274725274,5.508832486520713,725.1400995812389,1.5114505265368097,0.007877159485379735,13.474300450543115,0.02047945313075633,-931254.7743184495,0.7122098246989258,3.3302494718195446,81.0,40.879120879120876,0.43956043956043955,1.0481515579535852,-0.00024043619009314932,12.511315241109765,0.12195637786992441,0.10310586651040762,4.9346233619146656,0.3458136163707607,0.22113193682590135,0.1788412583927064,0.16383633709487777,0.12976169504296473,0.1021336370727878,0.13191509807129928,0.18599096927112047,0.20704729743645342,0.18834980823596503,0.14632297981648565,0.09691497660608453,1.8648492818378257,0.0574786186494961,0.0394716377474691,0.026527284129225382,0.01919646686436426,0.013219116870992672,0.013282761818781269,1.5059320734490271,0.015403998921525707,0.018014376469912493,0.020920462212766507,0.023413356565124707,0.02588395333677722,0.027328827332219564,0.014765215391963814,0.9690909236345024,0.6463761874513703,0.5216738901070531,5.488694968460335,346.2978743378214,30.125772456801798,0.08261520601259281,0.09350237074708767,0.022945686979217558,0.11922107153378482,0.13489628988877514,0.13845412661082476,0.12959153450330324,0.11500777607297426,0.10544187779033411,5.126894074898572,10.182432256102098,3.0157521759462775,10.072608628786382,9.878276813322874,9.487395212248893,8.826076566944655,7.8409090112129896,6.546127610546662,2.0898976858760467,5.126228397463927,10.182002944252824,3.0156648822728567,10.071903043854435,9.877355708468059,9.486384894585907,8.82512513224343,7.840065518448415,6.545278351909062,26.278217582965578,103.67318395677317,9.094234682173761,101.44323092480423,97.56215579160656,89.99149836822765,77.88283359975462,61.466627333563814,42.8406687039694,14.0,4
6396.261586714445,8.859626172765147,32.0,1408.8681909062655,0.7172748335393752,91.0,364.0,-1.9,0.00099842021,0.002197802197802198,0.004395604395604396,0.006593406593406593,0.008791208791208791,0.01098901098901099,0.013186813186813187,0.015384615384615385,0.017582417582417582,0.01978021978021978,0.02197802197802198,0.9926547355667868,0.43956043956043955,0.6640000000000015,0.2781730576966777,0.0009136059945,1.8460236532945569,0.24738843049261475,0.9784690975100189,0.6230141917726049,0.9784690975100189,0.6230141917726049,0.5079343135627474,0.43884246040174824,0.4630329434894576,0.2244292272929535,0.4630329434894576,0.43884246040174824,0.5079343135627474,-16.55046185754673,-12.051531998226698,66.27315995030817,41.42656427251016,-11.99752449168069,4.044689128232824,62.031750940464576,-55.14052094851645,-15.415732231477174,42.73594479138221,56.404601736752234,52.880640724849364,8.91,0.4613644551769857,43.51648351648352,-0.9812342840882974,2.5239132942568574,0.33229863186852165,-0.01913996094264318,0.00045833074,0.00045042924,0.000673301424,1.4013314999999991e-05,6.593406593406593,-14.65,111.0,19.0,23.560000000000002,112.0,25.714285714285715,3.7493623155143037,546.3071460803698,-1.2422835930099234,0.011708006297559224,13.027635303419041,-0.1580743577389022,-489290.7222444322,0.4885106954846059,2.721104727446284,90.0,43.51648351648352,0.21978021978021978,1.0070023146300435,-0.00024979864888112973,14.575724500391601,0.07564547269148758,0.015264770964783432,3.0331723842665794,0.041887449898419964,0.03071633077062354,0.030387081848023426,0.02546792774129745,0.020811469379411005,0.017290213702090117,0.017683384747875668,0.0155150840191359,0.016629560963626958,0.015619507727319107,0.013151219966616192,0.012773765699384513,0.23994098005693318,0.011964031784157603,0.011586682171111667,0.012145977587832466,0.01129380499293315,0.01006642278698366,0.010388472314690355,0.13159318844854234,0.008540718397229969,0.008607696812976483,0.008434473601184336,0.008227939430300507,0.00880756606487516,0.00863009925271151,0.004456467640488258,0.11360732067034697,0.07831681061418512,0.04882382292522629,3.618687200177505,150.86357886830882,13.094897052728507,0.02871474284610284,0.1989830182768644,0.0149837267604621,0.15757929051481365,0.11753855735073877,0.07891710012195614,0.04227665492632208,0.008819487111803784,0.017347064544295823,1.7997603004773177,5.436798580568708,1.0869939902735206,4.831793470456851,4.291597853862579,3.7987633018067024,3.340518413466087,2.9037740482858125,2.4389580432497255,2.051056851608397,1.7995312174890123,5.433156040839556,1.0868907133760588,4.829223219975477,4.289987975136271,3.797943484895701,3.340250882067726,2.903760654762245,2.438896352058493,3.2383126027174867,29.519184564111356,1.1813314228231182,23.32139690835031,18.403996826813803,14.4243747144617,11.157275955154223,8.431825940145261,5.948215416084226,12.0,4
9351.60269307047,10.199423024888496,22.0,2059.824381733584,0.5803016365485981,91.0,364.0,-1.04,0.00095777544,0.002197802197802198,0.004395604395604396,0.006593406593406593,0.008791208791208791,0.01098901098901099,0.013186813186813187,0.015384615384615385,0.017582417582417582,0.01978021978021978,0.02197802197802198,0.9970130855560357,0.43956043956043955,1.9605000000000015,0.32323649893670714,0.0008381390960000001,3.937255617552248,0.13043033150988395,1.561843155880488,0.2651484553263642,1.5618431558804882,0.2651484553263642,0.1450006438676561,0.2539262312268914,0.7015021990466446,0.4541550848337731,0.7015021990466446,0.2539262312268914,0.14500064386765613,28.12586917706541,-108.75531409222016,59.657978083867334,-4.315120054728572,-134.0268918853112,-70.6638246978735,-24.13332686716953,82.85250281509138,283.8703148130584,14.68754520261805,141.49833255021449,41.56086893689687,16.23,0.30828463029196834,34.94505494505494,-0.7401805509312407,2.7277072057772562,0.5134648811846806,-0.0057467839122467305,0.00046610654,0.00042013532699999997,0.00056464378,-6.192919999999981e-06,11.208791208791208,-24.54,110.0,16.0,40.769999999999996,110.0,13.186813186813186,4.5335386787589265,617.1815061607738,-0.8536773999915033,0.009881337914898898,12.14349975255272,-0.04528640527539422,-721565.1231592547,0.6062476680647715,3.6804314851344277,74.0,34.94505494505494,0.21978021978021978,1.0214336437667921,-0.0002683308372805862,11.255037953266013,0.05430252129814683,0.041450821789555316,4.464566298870894,0.29446715999742606,0.40481357860107947,0.4637938046123498,0.38606926760832605,0.2282276070269206,0.13485194744109635,0.07341947774513621,0.041515911490688735,0.03875354453720573,0.03959820165065798,0.03561136470445848,0.02949118200232791,0.3465053312285634,0.021603796861675826,0.01491647529735693,0.010186378465401758,0.00768604487107103,0.005800081742816332,0.0058428464768417124,0.20661801457879816,0.005831298052527861,0.006138973307912962,0.0065233845637116565,0.004444495279835252,0.0035603801513366877,0.0013408810951823218,0.00016151812963609017,0.02643662874772803,0.1772212091774058,0.21271102508766115,4.472706753614231,233.11305605784497,20.005105703826352,0.04871099595275174,0.02635669562218445,0.008288627321937797,0.004457304632568703,0.02870084140029982,0.04546504416709372,0.05535422957642153,0.06362034885659969,0.07117759493481846,4.213291248939337,6.910245124908396,2.55721604411514,6.014915746244179,5.163288238200942,4.317591581373121,3.4563740324941956,2.776581852657088,3.1067617219275467,2.0798868115884774,4.2130096590516,6.910194860560456,2.5572026112408466,6.01491409471919,5.163208468815403,4.317352197041949,3.455930751876864,2.7758528843791472,3.1059462562661175,17.749450387262083,47.75079301091615,6.539285194937004,36.17919156685157,26.658721692447102,18.63952999330294,11.943457361768186,7.70535923571603,9.646902146813511,12.0,4
10293.278804539992,10.345869557097942,20.0,2267.2420274317165,0.47578034961567417,91.0,364.0,-0.01,0.00099630746,0.002197802197802198,0.004395604395604396,0.006593406593406593,0.008791208791208791,0.01098901098901099,0.013186813186813187,0.015384615384615385,0.017582417582417582,0.01978021978021978,0.02197802197802198,0.9916590974187989,0.43956043956043955,-0.48900000000000077,0.22248325484030085,0.0008515478735,12.655816592168632,0.3047093211727342,1.5086346570656652,0.1987817963920716,1.5086346570656657,0.19878179639207164,0.5723622612151582,0.2572216590456796,0.2307927273617322,0.34498840137928655,0.23079272736173212,0.2572216590456796,0.5723622612151582,24.462149258427914,-157.78830361193445,126.95387559386894,92.15295578003736,39.07849077770818,-55.35762972920236,-1.1931743768991754,27.828950330853708,-32.65722492537584,74.92074645398733,53.528600917526234,83.25645318172555,27.87,0.2862244986425199,36.26373626373626,-0.7876542633361995,2.80744650149341,0.5432046540827437,0.027666759789581497,0.00056960978,0.00041920290999999997,0.0005977457799999999,0.0,12.967032967032967,-35.15,106.0,17.0,63.019999999999996,107.0,4.835164835164835,4.75632113920084,637.605461736462,-1.5935442387503593,0.011264527787468346,14.862825217608302,-0.04182938980362463,-732566.0834896477,0.696951978261037,2.391511560400355,61.0,36.26373626373626,0.21978021978021978,0.5536681235194101,-0.00021133160024224955,11.977640217184158,0.055273398608112756,0.05363475761901152,3.9167936893030912,0.47856470229225057,0.4482304043420636,0.3187502351326548,0.28456122922002214,0.24125495040969047,0.17295982683090239,0.14324653010409322,0.16982064765807098,0.18144182066804837,0.17029927619138696,0.1640864467642519,0.14513821831925589,0.37052645830025516,0.11114214876858251,0.08079424809651713,0.06187975427929334,0.038169065744803055,0.021667534033862085,0.013748493572934345,0.29044321022215935,0.008580753731194955,0.0032639967169203845,0.0019278072340071463,0.0014633589164324016,0.001224187224472829,0.0014931753584271614,0.0006876487316923111,0.2358157246592856,0.4472739989148104,0.48615621497023725,4.690649373024708,246.6149129535656,22.002191540657083,0.061369363548978,0.22474254666373752,0.022067386272371325,0.1968437282819201,0.17525762034195275,0.1622924543743615,0.15773700085792078,0.14869295118055692,0.11275359775706117,4.225189845956259,6.115362482037726,3.0936256285086414,5.39586173183619,4.825472675783641,4.46150457293243,4.387992273988139,4.562721474685949,4.64794984711471,2.1098546420061672,4.224744138476254,6.111231387734693,3.0935469221960403,5.392270057752146,4.822289011584292,4.458551806758573,4.385156238395612,4.560297979499754,4.646582013425189,17.848463035589468,37.3471490744337,9.570032559828594,29.07657637573033,23.254471311246608,19.878684213550134,19.229595235139954,20.796317661829537,21.59072440748649,7.0,4
7698.887384291833,8.89058290194374,21.0,1695.790172751505,0.5584484691300996,91.0,364.0,-0.62,0.00089873182,0.002197802197802198,0.004395604395604396,0.006593406593406593,0.008791208791208791,0.01098901098901099,0.013186813186813187,0.015384615384615385,0.017582417582417582,0.01978021978021978,0.02197802197802198,0.9963273677833933,0.43956043956043955,1.1370000000000005,0.4026411300425406,0.000796053802,3.356804221571661,0.2006647338044785,1.5988366693985,0.6061759447463009,1.5988366693985,0.606175944746301,0.6810755886832528,0.058486756498741556,0.3247903733149252,0.25984935232850515,0.32479037331492533,0.058486756498741556,0.6810755886832528,36.49761648781955,-19.315777038007443,-26.51279745244254,1.493881899590181,4.310102566945546,-106.61712629334414,49.011836053581646,-57.51760840855,-121.3964308777031,-80.31194320556648,127.83318386535034,5.05181735394627,14.25,0.25831206393014655,34.285714285714285,-0.9433861772783211,2.5177819893485105,0.2978002308464099,0.017403025947577096,0.00039539592,0.00038368695,0.0006090732610000001,4.399240000000013e-06,3.7362637362637363,-14.89,113.0,16.0,29.14,114.0,5.934065934065934,4.113469534812213,529.0776137399848,-1.2227936643767805,0.011062314187918565,8.429345058354961,-0.13140288650171666,-694408.8352771746,0.5316997170132168,5.500231685553106,69.0,34.285714285714285,0.21978021978021978,1.7507234598699608,-0.00034618249076308024,10.703324081546892,0.02953294825217967,0.03171636180615247,3.9309026897042174,0.057686303557459566,0.032371270014657706,0.024806188872722127,0.007443895967739837,0.005413408794895633,0.004206347308271434,0.0037652786576554175,0.004948611261600507,0.0037089119753389637,0.0029388269964641094,0.0029063531416749014,0.0015263066833453227,0.6971067572192512,0.0018737840301596264,0.0009269254880146184,0.0008355885025857657,0.0005801734761605561,0.000738650459085906,0.0007938747788790462,0.42986099595674965,0.0005662213001170044,0.0005836088322516126,0.0004385836991597776,0.00043786669125129234,0.00046857666520765833,0.0004539731211733008,0.00024597659374034624,0.13027222134275845,0.100644601733196,0.12088162348403736,4.003829933244968,135.20130480427008,16.030654134348403,0.01518115607910028,0.08100918635254148,0.009168701139881344,0.03132417187174032,0.014507084281606821,0.053910468814637534,0.08065462896346959,0.08514935656517797,0.05998571945339061,2.314821535299821,7.990179034044852,0.9701721605815005,7.086712846004353,6.204428581731412,5.377760787938843,4.628830629469014,3.9507916148943885,3.279551677479179,2.0337228528029367,2.314771753929083,7.989768363839868,0.9701288347878257,7.0866436172549045,6.204411621605332,5.377490562859669,4.628127896583809,3.949873918417694,3.2790030373145678,5.358168272787924,63.8363985078164,0.9411499560867845,50.22051775797968,38.49472357031131,28.917404753644803,21.41956782713727,15.601503971396347,10.75186091871816,12.0,4
8595.83849871742,9.196998458694555,21.0,1893.3564975148502,0.45309020987531445,91.0,364.0,3.4815054e-05,0.06,0.002197802197802198,0.004395604395604396,0.006593406593406593,0.008791208791208791,0.01098901098901099,0.013186813186813187,0.015384615384615385,0.017582417582417582,0.01978021978021978,0.02197802197802198,0.9933404533394292,0.43956043956043955,-1.5624999999999982,0.32062327720331557,0.000821049855,6.908048401557952,0.1367327326669969,1.6903593014962894,0.2529547452813897,1.6903593014962894,0.2529547452813897,0.11528256425731179,0.33953001052335463,0.6250750335830721,0.3183407685283357,0.625075033583072,0.33953001052335463,0.11528256425731183,40.18797267544434,-101.36096056153161,13.781156981003706,21.039407843382563,-159.1470555711189,-34.13896671408692,-42.570877706389275,-2.954324763679483,239.1892546500379,10.702748152645375,126.66474841479331,111.1182465051343,18.08,0.21919831238103035,32.747252747252745,-0.7534385257581747,2.549006538987487,0.45821018032931055,0.003282630517511019,0.00052018462,0.00040972454000000005,0.000572424585,3.020700999999999e-05,10.989010989010989,-25.57,110.0,17.0,43.65,111.0,6.153846153846153,4.346487402999563,596.3734404931979,-1.5424234380830613,0.009964628513511768,11.834527446371421,-0.05534389871923743,-728751.4335971319,0.6276059408747892,4.006230314728488,58.0,32.747252747252745,0.21978021978021978,1.077905570623649,-0.000274807143976721,10.828058017682045,0.03346153050006462,0.07229107873982034,2.5943464551210815,0.25228956174791733,0.3555103288855233,0.3887271149047573,0.2460140453069662,0.14820671634725752,0.09839049230148741,0.08950741571181642,0.07727800231802999,0.06272127039518542,0.045025322981619514,0.034613818216994816,0.028736911930833744,0.5637234484078462,0.02116786536590095,0.010255055604714043,0.005635055138116234,0.004171517215376924,0.0025947748902119413,0.0017796459606161158,0.09500340653916249,0.0013904983075245267,0.0019364143899390043,0.0024158624091642654,0.0023537286363201266,0.002284269182291125,0.0030447653660330034,0.001483558240340076,0.09743529022645796,0.21922398786102626,0.2589054073580599,4.280687226642147,208.02742186950698,18.32428313233724,0.04060785544685086,0.12394170520804881,0.0023913920532953694,0.08085128247982824,0.043686521550648685,0.012421508070187022,0.014939138350626036,0.04232803570687091,0.06277956810343527,4.271506198221639,6.529967525028225,2.469373477283313,5.668632407166985,4.820649400085706,4.004473584357603,3.2770408125078903,2.911243918420294,3.46002237067244,2.096422089137398,4.271313170855292,6.528791184563447,2.4693723193464217,5.668055789925249,4.820451444250994,4.0044543191245285,3.277006760595363,2.9109361878839506,3.459452779180904,18.244116203521887,42.62511433163338,6.097799651554326,32.126856437705136,23.236752126381486,16.035654393955088,10.738773308987716,8.473549489932346,11.96781353138248,13.0,4
12442.161304869907,13.069343667789582,60.0,2740.5641640682616,0.788231035085546,91.0,364.0,-8.21,0.00075075165,0.002197802197802198,0.004395604395604396,0.006593406593406593,0.008791208791208791,0.01098901098901099,0.013186813186813187,0.015384615384615385,0.017582417582417582,0.01978021978021978,0.02197802197802198,0.9900436185201195,0.21978021978021978,0.371999999999999,0.0789183336495508,7.370654258785,1.3240113540866414,0.38636541425645016,1.2884107629893904,0.6424511144173146,1.2884107629893906,0.6424511144173146,0.5613831895766646,0.29485710454187,0.46728013375617233,0.18654249312337656,0.4672801337561724,0.29485710454187,0.5613831895766646,0.5342960108132404,-15.056148935240078,79.40531604977646,61.272677046556,-13.4541038657788,-85.67288725140638,20.048024797301977,-69.93818719155045,22.97208297783437,50.15442654712697,67.38672936261192,50.52191365721359,18.72,1.1578854303350894,41.53846153846154,-2.5541222429180506,3.8641781066493137,0.3253431761209592,-0.027268666549211458,0.0002689787,0.0005004681,0.000501696945,-2.6689214999999996e-05,7.472527472527473,-14.64,119.0,16.0,33.36,120.0,16.703296703296704,5.229283838275806,562.7057711203425,-0.16201370429324516,0.02172646483603422,12.34287637453087,-0.4740597867401934,-708141.0921046606,0.4715677898420512,3.0757911086721466,71.0,41.53846153846154,0.0,1.100530579555776,-0.0002641517437950614,13.574736362415262,0.10981868023051433,0.10865212979953116,1.9151663883849783,0.17530096719437907,0.1100904477712736,0.09381521370012268,0.06815850964793219,0.053651814450746474,0.041951611178666456,0.03530887176556276,0.030108615862057,0.03146287729971541,0.025003196170015944,0.02370895022653802,0.020892778911049202,0.20545861029688897,0.017341080092705755,0.017034266102677196,0.014500088863798413,0.014295249455759926,0.011759962652728747,0.011268240305507889,0.139100970080642,0.010425901592557168,0.009181137247356244,0.00901581649160062,0.008209835378984846,0.007777226865502962,0.007382156355471168,0.0035590491532708096,0.2386682049009776,0.20280429619321538,0.1422160539415614,4.563098621494369,147.7058019589155,20.82186902948381,0.06411634721912399,0.25407834814996244,0.02281183193318048,0.19130262495086772,0.1323981183358026,0.07616838013959565,0.021809401423974695,0.028764226355516672,0.06467716755071505,3.284862382611472,5.409152662745695,1.6020599629106753,4.977520643809634,4.613979554110859,4.360391957425638,4.249759100251034,4.236642020933586,4.086448960518905,2.085080096522573,3.2842365881152946,5.403182092238817,1.601897545127405,4.973843088119889,4.612079581275045,4.35972664283543,4.249703137888105,4.236544373994256,4.0859370982583245,10.786209966715193,29.194376721890237,2.5660757450852065,24.73911506523799,21.271278064014187,19.007216400249096,18.059976760176006,17.948308232822388,16.69488197092366,2.0,1
12556.119710189736,11.734250840586403,23.0,2765.6651344030256,0.6844123673091522,91.0,364.0,-7.09,0.00075530165,0.002197802197802198,0.004395604395604396,0.006593406593406593,0.008791208791208791,0.01098901098901099,0.013186813186813187,0.015384615384615385,0.017582417582417582,0.01978021978021978,0.02197802197802198,0.9918469961174472,0.21978021978021978,1.0624999999999991,0.14876940045474474,5.22570457441,7.943009410368264,0.23218209235567466,0.9713979524151181,0.9673768223225682,0.9713979524151181,0.9673768223225682,0.504449450214871,0.059659416435205836,0.13915582824824227,0.3381064534764061,0.13915582824824227,0.059659416435205836,0.504449450214871,-10.604273320697079,69.11410023648884,46.06793982907499,12.281309876672244,13.660505877599114,-132.41430026786637,-102.51623432542908,43.943226506352424,34.674389139096796,-28.92084866774346,14.582653800922074,73.7176536293176,29.11,0.5852660553186672,45.05494505494505,-1.884823667827648,3.498707619905538,0.41494307632894206,-0.03422842696132159,0.00035962553,0.00036091508,0.00043527523,-5.1662634999999964e-05,7.472527472527473,-14.04,131.0,16.0,43.15,131.0,34.065934065934066,5.253176895453121,601.8314256661683,1.0312268056689082,0.01654262519834762,13.361737494971893,-0.2552241691875832,-760064.0918191792,0.5967571184026272,2.890456754524222,61.0,45.05494505494505,0.0,1.1098191751072604,-0.00024279559968526626,14.729332884734003,0.09971335722919661,0.2028643457785766,1.0390458177483646,0.2730370844545215,0.21435657453618442,0.1172749438135224,0.10775672348754527,0.05100461654920547,0.03170491482857374,0.015393125955184737,0.008968559319590874,0.008401801252699887,0.005275797463000422,0.010494018891289016,0.01252789825184768,0.7805623056616575,0.013809110560378505,0.017815179599577707,0.019376316645847987,0.02691964612029954,0.028717587688794465,0.033733389877731036,0.7941922179585033,0.03617198506532029,0.03961265384639541,0.044467626971339824,0.04460337452129222,0.04626456010342121,0.0467348425149597,0.023912277469712324,0.47206291839491726,0.342434035302617,0.27092600248437476,4.903397519691753,188.3841566533397,24.04330723611923,0.10015128311270705,0.02311069688177652,0.02966151863369528,0.03452155084279847,0.08572010653729924,0.1299587603264285,0.16414628865865374,0.1805489177295363,0.16310400348271195,4.151450563220708,7.856643133948801,1.6498611831323227,7.411972004379294,7.05004226015646,6.786838982732487,6.57182844403561,6.269954048796478,5.625520137396363,2.081659748588335,4.150242342244174,7.856609143257318,1.6495945313679754,7.411891611203567,7.049521113758526,6.785594601665483,6.569778161685149,6.267353976147035,5.623155155275364,17.22451149935641,61.72630722991449,2.7211621179191305,54.936137256229806,49.69574793332725,46.044294098151745,43.16198509375509,39.27972586232605,31.619873900299897,2.0,1
19186.114204263587,13.81546525807737,3.0,4226.016344551451,0.6827932431411501,91.0,364.0,-8.12,0.00077613024,0.002197802197802198,0.004395604395604396,0.006593406593406593,0.008791208791208791,0.01098901098901099,0.013186813186813187,0.015384615384615385,0.017582417582417582,0.01978021978021978,0.02197802197802198,0.9911612783448048,0.21978021978021978,2.0465000000000018,0.12710968555117297,6.095687700765,13.147374644231377,0.10853156173194718,1.448267245587924,0.17080887181322663,1.448267245587924,0.17080887181322663,0.0592830272101111,0.41659671509682816,0.11653541784293416,0.5903038540273039,0.11653541784293416,0.41659671509682816,0.0592830272101111,30.962895702824536,-88.2656683887318,68.10966575738836,58.378780780300914,-135.61210480843397,90.41565036364317,-183.2460061874934,197.74143955022154,61.290671320147105,-41.8537622491833,138.41807332170833,-35.87457498549574,36.44,0.4101873814263575,41.098901098901095,-1.7674683406191716,3.8868860837807775,0.740645114286538,-0.039535774402907495,0.00027417337,0.0004982243,0.000524953375,-3.694227699999999e-05,12.527472527472527,-39.99,123.0,19.0,76.43,123.0,14.945054945054945,6.493634110836125,742.7139304665532,1.56029826845188,0.013644363608724204,14.176465906899345,-0.1409174255948782,-1067822.356252302,0.7378720865278268,3.5055231726562286,69.0,41.098901098901095,0.21978021978021978,0.9648390211617303,-0.00022571824043935072,12.086470212321736,0.1094624068532063,0.1423520508273874,4.3046320510585225,0.8088847862214203,0.665348312655919,0.8438138358897226,0.6695858213566019,0.4387513879623757,0.4143305679362997,0.2948528452073141,0.21217048684230513,0.17028237549109615,0.1333842495981248,0.14984883822174588,0.11907091213371492,0.7623301104688155,0.10107088961895429,0.0925979679940945,0.047788352914513214,0.030901384775033465,0.016461266721176832,0.0037267318730456055,1.120947544122312,0.006376158833875372,0.007743365144806785,0.01580115486921976,0.022676020672006636,0.029481854578985316,0.036364205418865723,0.017970401954656157,0.9208630775344434,0.9027378551191065,0.7345121284722419,6.248466982414437,336.25288188608823,39.04333963032339,0.12672628911712489,0.22182474919763637,0.033965882968739376,0.23405258810311189,0.2385372060570389,0.23218459767835942,0.21317443646722042,0.18840539195390085,0.1696318423728553,6.998667625752366,8.675109602787515,4.509558917418223,8.41116686606114,8.161658718847303,7.85106516042253,7.400625109095967,6.850912674219746,6.612127076402728,2.1387300228120076,6.997520202428919,8.67227308155247,4.509431000521061,8.407909813665167,8.158172163190887,7.847631137215955,7.397554235354991,6.848321537286888,6.609950795017408,48.96528898340086,75.20832040101956,20.334967948460374,70.69294743472703,66.55577304426268,61.585314465801375,54.72380866501856,46.89950787806745,43.691449512551266,6.0,1
14401.071502167724,13.603406858579305,59.0,3172.0421810942125,0.7386381774513524,91.0,364.0,-8.13,0.00073028845,0.002197802197802198,0.004395604395604396,0.006593406593406593,0.008791208791208791,0.01098901098901099,0.013186813186813187,0.015384615384615385,0.017582417582417582,0.01978021978021978,0.02197802197802198,0.9891700020488288,0.21978021978021978,1.1620000000000008,0.05840471629724779,7.460665152065,5.392267675179262,0.5133251185837578,1.0539964660610117,0.06688766569618172,1.0539964660610117,0.06688766569618172,0.49157686856276195,0.8106773066233717,0.2846478191538983,0.8030152156881343,0.2846478191538982,0.8106773066233717,0.49157686856276195,-11.680997655858457,-139.96754261943644,171.34699982564086,55.614348693216755,-22.693152047744025,111.3381394438987,-98.69695496990407,184.58197647085524,-23.435138412504802,132.1155511383716,107.59868916642414,49.673610373303376,26.92,1.1043147587666688,44.175824175824175,-2.721470629861801,4.018289565497105,0.5346631188560903,-0.03475692707070483,0.00024252276,0.00053091045,0.000501364465,-2.3552750000000128e-06,16.043956043956044,-30.32,123.0,17.0,57.24,121.0,15.604395604395606,5.625896070686946,649.8178254239211,-0.3053175880739066,0.023141107610835758,16.649799542164693,-0.3803595636788493,-619811.630899711,0.5709064779951032,2.2577349260821338,72.0,44.175824175824175,0.0,0.4579601762967727,-0.00017387518893153894,13.87991977103531,0.0907234395856632,0.008451969923254126,1.80126809181172,0.08336818222931641,0.1536314814322999,0.1133699063335874,0.10317848411838713,0.0635633141111259,0.061274770277948996,0.06277754145522885,0.05451554498244131,0.05742283989172597,0.05110239509947204,0.04237367803564551,0.03496061537424597,0.5251550176109562,0.03419294101377141,0.028689742716344502,0.02577576860240908,0.022661276558186765,0.018374219543827553,0.017642751837875507,0.12529800015145492,0.015616814953196341,0.01020809157334855,0.011024871104426773,0.01205376925196851,0.008821883181296052,0.007764606063734683,0.005315610580068165,0.10593961732274525,0.21746097949524595,0.22053501241114315,4.92385054697748,242.737055960665,24.244304208970433,0.048313887072315584,0.24283712005046704,0.0038042270324500096,0.19089681742450118,0.14574550514518148,0.10768393310771189,0.0780898624313262,0.058074749845512495,0.05147901882471004,3.047779216353664,5.203254192348749,3.277145353189259,4.733754621585345,4.245545305316537,3.760548859543651,3.3255054470411465,3.0248217106932005,2.9191522711683153,2.1193050899874093,3.047396252533188,5.197584470051489,3.277143145147407,4.72990393374726,4.24304291602445,3.759006769821718,3.324588463507294,3.024264159247886,2.9186983216646385,9.286623919953318,27.01488432332042,10.73966719378664,22.371991222477806,18.003413187225267,14.130131895565507,11.05288845168579,9.146173704911323,8.518799892887978,4.0,1
12448.176796582606,12.189955458090587,43.0,2741.8891622428646,0.84723926439638,91.0,364.0,-7.89,0.00067423329,0.002197802197802198,0.004395604395604396,0.006593406593406593,0.008791208791208791,0.01098901098901099,0.013186813186813187,0.015384615384615385,0.017582417582417582,0.01978021978021978,0.02197802197802198,0.9926547355667868,0.21978021978021978,0.3755000000000006,0.09569748326811457,5.790616310955,3.874951866448747,0.3491760105550673,1.6234959528084856,0.6103681151878099,1.6234959528084856,0.6103681151878099,0.5363952807443552,0.3699570047249747,0.4997342730753041,0.21021646513644338,0.4997342730753041,0.3699570047249747,0.5363952807443552,32.107666708643634,-16.626555533037532,-15.21963971204377,36.236465024127924,19.6361418731912,-21.797500035893922,-53.50155168391736,-208.24876944449494,144.1830785094461,-28.125880427840567,-109.71965528855375,23.969047649058854,19.37,1.079194195599232,36.92307692307692,-2.2937994993173763,3.6191141366598076,0.3012639695812695,0.021168596460286355,0.00026973554,0.00042111921,0.000462831465,-4.624460499999997e-05,4.835164835164835,-22.84,124.0,16.0,42.21,125.0,7.472527472527473,5.230547803257282,545.6540555077611,-0.4690343401041839,0.017763827941270533,9.305074729000424,-0.4325870219478664,-817802.5203978688,0.4796018678000148,4.700435331125884,68.0,36.92307692307692,0.0,1.565501755022582,-0.0003278264963372327,11.404635142389736,0.08586727964067553,0.019146615175851707,2.7277294943999464,0.08149134059777192,0.06385808693683102,0.021527032177530814,0.011718773527335928,0.013159722899169264,0.009984411124451784,0.008596215539767338,0.004855120554779054,0.007974837935039888,0.007038672109487584,0.0064955660830445135,0.00692904438524693,0.8077183037844288,0.007616851600815649,0.005696607687486871,0.006194110781063487,0.006160895098649257,0.005724458953746279,0.004026879860400063,0.6390046998961496,0.0031964427544283504,0.0025646604080042158,0.001503662497756885,0.000975561569380053,0.001237449753378469,0.001543768857128726,0.0006774315002954148,0.4749181241820132,0.26654869334470377,0.1998448564793627,4.700756766637785,136.77384218989636,22.097114179090923,0.02771875865305331,0.10915489460035835,0.01046459444599816,0.1448000721954776,0.17454011859458796,0.1933688155492799,0.19264920460098348,0.1627653225279736,0.10162753070339627,3.1562628020854158,7.045238541210986,1.2880095577750135,6.769501525383478,6.520521768659398,6.273416934521964,5.966630849509248,5.483486997536952,4.626069580828455,2.0741650801104896,3.1561410846549327,7.044392898720902,1.2879670466214834,6.7679527067837455,6.518185321280922,6.270436072197852,5.963519931909516,5.481070798843888,4.624953146970193,9.961226546246815,49.62347131154948,1.6588591131828667,45.805183841261425,42.48673988256207,39.31836853552003,35.56356997828207,30.042137101939176,21.39019161166949,5.0,1
13469.065703967497,11.512015152540801,6.0,2966.7545603452636,0.8205104652918632,91.0,364.0,-6.33,0.00075354873,0.002197802197802198,0.004395604395604396,0.006593406593406593,0.008791208791208791,0.01098901098901099,0.013186813186813187,0.015384615384615385,0.017582417582417582,0.01978021978021978,0.02197802197802198,0.9961394690847449,0.21978021978021978,0.6980000000000004,0.19790033658264913,1.38567159751,9.887411414222356,0.16101731949097445,1.6091867033788492,0.44116240822314623,1.6091867033788492,0.44116240822314623,0.6827476968511254,0.16660814491375245,0.08900735557249928,0.15846368541209843,0.08900735557249935,0.16660814491375245,0.6827476968511252,41.4989502325622,-24.375686793651578,-76.55496577159971,35.33324374755693,91.7846212481592,-107.43577493880446,-160.39465598626742,-59.91091297078835,-50.297284120483965,45.51792208117125,-6.015186910652799,3.411205589155449,30.0,0.37601441550207754,34.505494505494504,-1.514468759351077,3.287978154695948,0.4229454987728212,0.009185899740881022,0.00032615697,0.00036216190000000004,0.000463540135,-4.787764499999996e-05,6.153846153846153,-15.08,121.0,18.0,45.08,122.0,11.428571428571429,5.440803452296542,597.9410253708331,1.5673621890369975,0.012964410092296352,9.58690129469796,-0.18153961632213375,-988213.244633164,0.6296892372752935,4.968361521089572,62.0,34.505494505494504,0.21978021978021978,1.6150594621568064,-0.000321919186076537,10.85477094021379,0.10582795250864485,0.09389368390535813,2.6164032932942383,0.44183136780355237,0.21021500901353696,0.09951428886327124,0.060376275148967956,0.04999452505452111,0.03228041603313635,0.02401756777339681,0.021619093422909613,0.023285316324209243,0.021098781477399492,0.024011046705250394,0.024759467879883288,2.2835082944608325,0.019589654484699154,0.016575599930316647,0.011978217927261024,0.00890861491363492,0.004125609432121059,0.0019783711839008555,1.6583207941911025,0.0018116292250464332,0.0014224568216090925,0.0033079978734613536,0.0020243576911709166,0.0023427122416531583,0.0026241032938705195,0.0021680082478478177,1.0300319772855246,0.8086537780462806,0.7309802311512428,5.225775213637837,192.01725644286083,27.308726583471575,0.04729732187708465,0.2100263862164826,0.00020150898463523393,0.22787424269838402,0.24004870772668208,0.24415671822584187,0.23420824356532657,0.19944830776884248,0.13103834475073767,4.983269806877641,9.813794797637135,1.8049414435695084,9.458343306709942,9.137928362286821,8.855647737684603,8.563041459310103,8.096318258522489,7.108198534726076,2.0827780068596717,4.983045347122739,9.811547138307116,1.8049414323209796,9.455597888927986,9.134774839710317,8.85228130771405,8.559837938448936,8.093861236505898,7.10699059808629,24.830740931481582,96.26645724722255,3.2578135741089094,89.4083314370994,83.44411137220466,78.36288435090356,73.27082553250975,65.51058971581278,50.50931536128692,5.0,1
17282.21978726352,16.84789762792074,67.0,3806.6563408069424,0.924188523721337,91.0,364.0,-8.6,0.00066875509,0.002197802197802198,0.004395604395604396,0.006593406593406593,0.008791208791208791,0.01098901098901099,0.013186813186813187,0.015384615384615385,0.017582417582417582,0.01978021978021978,0.02197802197802198,0.9886721829748348,0.21978021978021978,-1.2604999999999986,0.06446816326426943,7.8555948277550005,4.479096183021999,0.3911858071523179,1.2377848973783878,0.3849655117158486,1.2377848973783878,0.3849655117158486,0.37611617171922057,0.4942453910553455,0.21292586832165739,0.623677727846367,0.21292586832165733,0.4942453910553455,0.37611617171922057,0.7259949942055854,-56.67276810410348,73.91685106219822,80.55013174290029,-16.124119963258387,48.33759243167687,-72.02789460462914,99.07484073846734,-8.504992726491755,-5.0978391086684525,-1.1188132771257433,40.34930764787262,29.27,1.5378995591747402,43.51648351648352,-3.3195156846896396,4.409490611064204,0.5249456344096256,0.02515608735352421,0.00016583487,0.00073782875,0.0006353939899999999,6.535790000000009e-07,9.23076923076923,-17.7,116.0,17.0,46.97,115.0,3.956043956043956,6.163026904967103,627.0812435965383,0.6193601321945977,0.022448297686695737,13.94365135757921,-0.4782741786379976,-835478.7544130194,0.5396879630611017,2.7743861051179164,89.0,43.51648351648352,0.0,0.8962435558795985,-0.0002305982196302198,13.796518868426451,0.09981706884346653,0.0192104970405881,4.12819561513566,0.32030662227714374,0.30994989420639624,0.209450068640732,0.19846114472542362,0.13406841503659353,0.0946679196681247,0.13670076957278895,0.1095633464920502,0.11612770674173144,0.10912083279474216,0.09374430702434637,0.08842892604111746,0.7538236945672296,0.06479955662608912,0.04223524240850082,0.0343810006483591,0.022141752912533404,0.0170071329839597,0.017093152626269845,0.37495893240360584,0.010437267580434286,0.01399314419874034,0.012598420345841148,0.01552276996720022,0.016429226636150415,0.020386194243049088,0.011849675582224111,0.4597038492042337,0.3954311127038663,0.4433228993733425,5.192659843514485,238.32531802197002,26.963716250447874,0.06252812345481777,0.08754085407868452,0.02038012897080345,0.06832809715848387,0.032578315185919755,0.015868380717429666,0.06630746159275358,0.09869399327666259,0.09418568252017724,3.780611039627293,7.713212228764984,2.451960382724183,7.213815945816999,6.736073536401979,6.3373504914867445,6.028232755982633,5.65164022755604,4.906215739249999,2.0777884774205857,3.7800939230036312,7.712715441712917,2.4518756837963984,7.213492342219703,6.735994755134144,6.337330624674768,6.027868070955029,5.650778420485163,4.905311604503084,14.289110066728982,59.48597948483688,6.011694368792056,52.0344717712623,45.3736253411947,40.16175944644068,36.3351934808391,31.931296757420796,24.062081937272627,5.0,5
20956.10327834263,18.53657782497199,23.0,4615.881779370624,0.9491139401097825,91.0,364.0,-8.98,0.00064254848,0.002197802197802198,0.004395604395604396,0.006593406593406593,0.008791208791208791,0.01098901098901099,0.013186813186813187,0.015384615384615385,0.017582417582417582,0.01978021978021978,0.02197802197802198,0.9901656401968169,0.21978021978021978,-2.7594999999999956,0.10996027173967543,7.990588395325,5.469507844319146,0.21203955163160604,1.3806306675827407,0.22898843372256472,1.3806306675827407,0.22898843372256472,0.18373177097943444,0.7014226973482357,0.4603367752026448,0.46950533603477806,0.4603367752026448,0.7014226973482357,0.18373177097943444,16.624229732339042,-111.74735574712278,8.733130038869735,66.11449856177018,-107.08863290746768,50.32556663712085,-72.15389061768927,29.024314466880217,172.3114910989481,113.30351228747917,36.01223497305986,136.3859833494981,26.0,1.266787161810353,38.9010989010989,-3.469618837021266,4.652406246004217,0.613225366484489,-0.019667726306321666,0.00014604341,0.00069632987,0.0006043036085,-5.56184999999992e-07,11.648351648351648,-37.91,110.0,13.0,63.91,110.0,7.9120879120879115,6.786558026165493,666.9346292783817,0.07222811738899108,0.021328934332731773,13.434746691653258,-0.43162956876231334,-991403.2211420767,0.591190796124389,3.1280769758305054,95.0,38.9010989010989,0.0,0.8630126697167148,-0.00024126526852002086,12.387618730237106,0.0982275081829278,0.16342145440817807,3.4556800819820475,0.36446808683056725,0.41604534959287154,0.5242285644329525,0.4518513442174928,0.400902201921808,0.3189927636292044,0.2804962205215369,0.25332199337378886,0.24747054207387156,0.22209113637271025,0.1824270716757941,0.14123199042614973,0.5616024019600746,0.09453214859751223,0.06472920857810002,0.0310977400100746,0.02173579105161045,0.020363052657068285,0.016201281804320372,0.2317654404237311,0.008702919994667864,0.008042444504880277,0.00615168334751547,0.005139995648579512,0.009828850043105849,0.013958312639255531,0.007327795568914458,0.10295964038079201,0.24468954358505887,0.2294517812690594,5.832590759542321,278.404316383958,34.019114968298474,0.09057094986915226,0.08628203246569369,0.021758115632824582,0.11510689660800842,0.133760196531436,0.14289186520450917,0.1450763923653908,0.1457092476891809,0.1400718908152704,5.114226942001838,8.578566271135166,3.5651679215621455,7.579866826615528,6.563111505388382,5.573152842193157,4.6773608257795125,4.080973751815322,4.333546795777644,2.0487614063054544,5.113424891140699,8.578132353789576,3.565101526371985,7.578992776852332,6.561748306814673,5.571320715710418,4.675110387457718,4.078371682196642,4.331282454031152,26.147114117337267,73.5843546791315,12.709948893339856,57.441131511579826,43.056540841985225,31.03961451730404,21.85665713491505,16.63311557814347,18.76000769659812,4.0,5
20246.76536872767,19.245883745545633,37.0,4459.639949058957,1.1136957330410056,91.0,364.0,-8.53,0.00058446904,0.002197802197802198,0.004395604395604396,0.006593406593406593,0.008791208791208791,0.01098901098901099,0.013186813186813187,0.015384615384615385,0.017582417582417582,0.01978021978021978,0.02197802197802198,0.9875545231501494,0.21978021978021978,1.7655000000000012,0.07400993888239901,7.660504119775,4.602634345424977,0.3779522779697526,1.2764768214187352,0.13306106382591582,1.2764768214187354,0.13306106382591584,0.17354211652736584,0.7012866686384729,0.37548573420753334,0.6148510261727287,0.37548573420753334,0.7012866686384729,0.1735421165273659,7.7873199670128255,-108.17873550832167,54.36498953648976,64.02626942710059,-80.27203162289672,76.49409743283998,-7.302165234840279,100.25747720925509,47.27963246839121,117.01700513477181,-0.020872098202020857,30.770913564328417,26.97,1.4117642255137435,41.098901098901095,-3.762903955793565,4.542092207450279,0.7160996275898406,0.025992623609537434,4.6287768e-05,0.0009379241920000001,0.0008417137930000001,-3.815616999999996e-05,13.406593406593407,-29.04,107.0,16.0,56.01,106.0,20.0,6.670711013510861,705.5630441800015,0.39796660280617674,0.02243160252948003,14.611099040852304,-0.5027864923025271,-878089.4251649824,0.5984003025014784,2.836109944456242,101.0,41.098901098901095,0.0,0.7393748710405734,-0.00021660798227229688,12.92954421097017,0.16655775353545077,0.09379843626097628,1.4548582382563966,0.39084846076652535,0.40631292801977076,0.4490150731544363,0.417243543965051,0.3993055817833257,0.41054835072917883,0.40931253865107237,0.3705971700377355,0.31285740245902305,0.25165575408621055,0.162390212940677,0.08827659153651268,0.6121664420358942,0.04577143266222855,0.023873923187143656,0.02703595371133678,0.02348225766297024,0.018263100952314096,0.014763173541168751,0.14677620268606884,0.007313281600732223,0.006794011111860192,0.0062943357595758465,0.010715990227004894,0.0140600977929099,0.017241641479253226,0.011256644063491805,0.3923349989497141,0.27852881926429357,0.2577479019968209,5.5080794516099925,325.10923092578764,30.338939245248238,0.059560615110333004,0.0437856866000136,0.020707493827649564,0.03674634279940211,0.040110642110529386,0.05236483486289634,0.06678089422590455,0.07414741910148406,0.07278774294354534,4.59699832192619,7.004258438123855,3.749671762626591,6.381242632652823,5.812134547757089,5.399189364313863,5.163562781493097,4.8778602117575005,4.430226907714117,2.1158556415972702,4.596612459727259,7.004121578162259,3.7496145838123924,6.381136829991722,5.811996140537344,5.398935424302621,5.163130921309968,4.877296628839333,4.429628923319806,21.128846104919887,49.05771908167818,14.059609527138582,40.7189072430768,33.77929913762099,29.148503715789726,26.657920910587112,23.788022405687517,19.62161239831138,5.0,5
15501.350889193413,15.956903225890239,36.0,3414.3944689853333,0.9904803150248419,91.0,364.0,-7.41,0.00068280636,0.002197802197802198,0.004395604395604396,0.006593406593406593,0.008791208791208791,0.01098901098901099,0.013186813186813187,0.015384615384615385,0.017582417582417582,0.01978021978021978,0.02197802197802198,0.9920348948160955,0.21978021978021978,-1.3150000000000013,0.10286466213668802,6.79562113874,3.6448491552205953,0.31058909396713125,1.652956798776523,0.5739632281677319,1.6529567987765232,0.5739632281677319,0.6570097212320068,0.42455074611029625,0.3437740585586982,0.12658463350920848,0.3437740585586982,0.42455074611029625,0.6570097212320068,32.131653252189345,-22.89935858339459,-16.94424030201308,-27.331330579414605,16.19370757808667,-3.0101786495351703,-132.45536792692405,-175.5943143880992,73.27160394998435,-34.840630561875564,115.42918662817131,30.05255196649005,25.01,1.4635450655519247,34.285714285714285,-3.091360034303057,4.07058634573158,0.39146641428998774,0.023568717348700433,0.0001389848,0.00075144055,0.0006415810299999999,2.046213999999999e-05,5.274725274725275,-15.49,108.0,17.0,40.5,109.0,4.835164835164835,5.836857292513869,568.4173937100927,0.3112942937974499,0.020330069341203225,9.272330821992545,-0.5795266150470851,-917294.7854943953,0.48169281325643515,4.871727927880566,84.0,34.285714285714285,0.0,1.5822348628772487,-0.0003285128348212014,11.20997887904377,0.09918055239582768,0.041429722222642275,3.855055303909745,0.25954947897707314,0.15763599745881135,0.0838975230414835,0.05659639071616537,0.03964271578781526,0.01232762985302752,0.006682235383797881,0.009135323408947524,0.006197836238262306,0.008415976271498073,0.009741248224955482,0.004550374580683687,0.363021502268814,0.005174968998255008,0.007727099989103,0.007114847928001301,0.006274956885409532,0.0031393086345489654,0.004989784437382001,0.41622055439651595,0.003717186000474273,0.0019349167725694497,0.0024529270306339504,0.0020405909669719904,0.0014202568983219652,0.0012016760331141853,0.00048711265052104143,0.5162117184792184,0.295350784156209,0.24827399872353162,4.950999514389608,177.72575208765443,24.51239619148613,0.01181554277732377,0.08709424520202505,0.014361570644380945,0.12786581682220827,0.1620536394551898,0.1854283178535194,0.18824198151757596,0.1571208265708428,0.08787276686309554,3.7193787701058683,8.087086191337532,1.4875132015334773,7.426120320821329,6.816563572080961,6.2777560285512575,5.824869704346075,5.43352335588037,4.943381489784508,2.04622069123654,3.719360002535802,8.086617195006504,1.4874438712183402,7.425019417631436,6.814637007952842,6.2750168998138705,5.821827207071939,5.4312511546378675,4.942600421881981,13.833638828463119,65.39337765857485,2.212489270025002,55.13091335220386,46.43927755016047,39.37583709294967,33.893672029003056,29.49848910475517,24.42929893038793,3.0,5
18200.220787940012,16.2154493227604,17.0,4008.859204392073,0.9026991879168846,91.0,364.0,-7.2,0.00066463619,0.002197802197802198,0.004395604395604396,0.006593406593406593,0.008791208791208791,0.01098901098901099,0.013186813186813187,0.015384615384615385,0.017582417582417582,0.01978021978021978,0.02197802197802198,0.9871787257528528,0.21978021978021978,-3.0924999999999994,0.11486025271716954,6.56060318642,8.865199630462593,0.21503252470803363,1.2489561244638852,0.08696335929824248,1.2489561244638852,0.0869633592982425,0.49815614231471994,0.3645804024117726,0.42944231496614516,0.0002043250406631632,0.4294423149661451,0.3645804024117726,0.49815614231471994,9.550880565530306,-99.1161654054406,-0.507018642613655,73.73220608308827,39.03007950617215,-24.805119449096466,58.78744119953587,-91.79959292892391,61.53747588074771,82.19680913048616,-9.710943883938286,79.73579998019038,32.3,1.0324031351574174,39.34065934065934,-2.94619711093022,4.125713105885009,0.6553124329147004,-0.0038093316418942877,0.00013440487,0.0007788361100000001,0.0006225882450000001,-5.044124499999997e-05,10.769230769230768,-32.05,110.0,17.0,64.35,111.0,9.670329670329672,6.324593682460543,680.7752441056458,0.7027506972582311,0.01796774992688444,14.192535674093818,-0.34526435187577276,-943067.3107446285,0.644609634012312,2.464039518569838,93.0,39.34065934065934,0.0,0.7216295079750021,-0.00022538140526414297,12.979086167256543,0.12739171912348157,0.15325030343495522,3.085195108649609,0.1279179392627318,0.21662074953271596,0.25870930074264403,0.23258080696489336,0.2512275863179698,0.2964839928974502,0.32046719185721123,0.334488417149725,0.2897606578155089,0.24423923282146873,0.20971020986778624,0.17795958716540689,1.026103250920685,0.15205628000256777,0.12674425387472651,0.09511973146676005,0.07236133360041352,0.061038398885727374,0.05115798787187804,0.450227761127189,0.040731002751343205,0.03111369895633187,0.020399741136763846,0.01511532684088079,0.010690751991083214,0.006058382646143972,0.0021152988285142002,0.40723240815110934,0.18868041357691726,0.1844029363487628,5.596463868530399,297.511844543274,31.320407831766232,0.0884906963827512,0.11491317076215721,0.013190677792207816,0.1516483274044265,0.18606466065357116,0.21607024158167532,0.23587060445484687,0.23194656941322733,0.1841895163706556,4.460056812633601,9.040397958623299,3.186572587367302,8.591347819865558,8.10944512841335,7.603829934499418,7.058908151391382,6.3844254733369254,5.499386368042451,2.0708092055149345,4.459178867075539,9.039667594190933,3.186545286133577,8.590009321689012,8.10731029582579,7.6007593912379745,7.054966289624196,6.38021076560413,5.496300996767761,19.88427616857309,81.71559021346567,10.15407086058012,73.7882601467041,65.72848023280288,57.77154332349227,49.7725493477338,40.70708941353084,30.20932464707029,4.0,5
23107.624491511568,16.854100894045434,5.0,5089.785130288891,0.9250187254349556,91.0,364.0,-7.17,0.00070879668,0.002197802197802198,0.004395604395604396,0.006593406593406593,0.008791208791208791,0.01098901098901099,0.013186813186813187,0.015384615384615385,0.017582417582417582,0.01978021978021978,0.02197802197802198,0.9885501612981374,0.21978021978021978,-3.9494999999999987,0.0997902462669025,6.36563536216,13.827696144356967,0.14487798858821915,0.9673743946382448,0.22405569609608636,0.9673743946382448,0.22405569609608636,0.26123055315255156,0.23238499112524727,0.34122305122707164,0.009841614504657443,0.3412230512270716,0.23238499112524727,0.26123055315255156,-4.0581100515035535,-60.544306000232325,50.96459653439488,59.9085279189863,-10.077578980137224,-4.25816009367131,9.467679873359806,-43.103161826688904,113.15056805501175,27.90546248884771,28.176067018711425,93.15105507098683,39.99,0.6677713116118967,42.637362637362635,-2.5368014861443435,4.376222192710356,0.9802219433285647,0.0080406801752423,0.00021432734,0.0006783718500000001,0.0006563534550000001,5.137662999999998e-05,12.747252747252746,-39.9,116.0,17.0,79.89,117.0,20.65934065934066,7.126428831710313,823.3824471527005,1.7389742048057908,0.017288628481479676,15.934920843297798,-0.2089588850158457,-1019422.3187051343,0.7417618590338186,2.3867880027855364,89.0,42.637362637362635,0.21978021978021978,0.6713879351742171,-0.0001888596183181622,13.634892769677117,0.1671718778216642,0.1849704230207845,3.6133040819551288,0.5568927895218831,0.4636630247297875,0.5102403814731966,0.45636766586826727,0.45636572037396345,0.5048601730787233,0.5200082225827987,0.5019252942455804,0.45586209474170925,0.41166207356103107,0.38245202571587905,0.32719652724793596,2.606622533800501,0.2600226765005984,0.22466272378979718,0.18500794529413328,0.15405252983648376,0.1444816096365349,0.13472547143436212,1.426382522664834,0.11871745650491049,0.10594203172861787,0.09363476351551467,0.08110059512148084,0.06536021897932541,0.05676828207854444,0.027441508817572947,0.8748637073616871,0.7989825483895904,0.8243979266774594,6.659626574615718,445.0207622711684,44.35062611332788,0.08192720361579318,0.16737504690582927,0.004148649499278487,0.19114206812964007,0.21281901998179958,0.2314828478312112,0.2428973087687477,0.23462406738132938,0.18539141441075108,6.552535778878676,11.2909721987659,4.348895738990356,10.876260766874573,10.390861844402172,9.851436860479785,9.270316263002805,8.569496971700659,7.688519999751405,2.098039717470127,6.552023585640766,11.289731563991136,4.348893760178076,10.874581048428771,10.388682203926873,9.848716866027766,9.26713356510454,8.566284485994625,7.686284525701615,42.92901306679288,127.45803878697774,18.912876937315804,118.2565129788462,107.9247179341869,96.99722390717977,85.8797645134872,73.3812298949922,59.07896981004011,7.0,5
15929.043200337528,11.526490172102106,6.0,3508.5998238628918,0.8282841064092815,91.0,364.0,-3.02,0.00080032496,0.002197802197802198,0.004395604395604396,0.006593406593406593,0.008791208791208791,0.01098901098901099,0.013186813186813187,0.015384615384615385,0.017582417582417582,0.01978021978021978,0.02197802197802198,0.9990043618520116,0.21978021978021978,-2.2249999999999996,0.3082733006483272,0.0006834890155,12.243699754959655,0.1268910119390142,1.2149008064149638,0.15505952209492693,1.2149008064149638,0.15505952209492693,0.1961152542750944,0.3301666598124262,0.09564223861862103,0.19903893636009368,0.095642238618621,0.3301666598124262,0.1961152542750945,16.817367888506194,-66.76420900988714,61.91183207377514,27.170533822663433,-30.98893489172905,25.01898398130771,-38.551449736196965,14.439673650177038,-11.97451514390891,51.3786697088682,24.366229682617764,30.653167718053087,36.77,0.2303432659115355,40.21978021978022,-1.3797271753805482,3.36451312884706,0.679560400995249,-0.005924590345198245,0.00038758857,0.00034175235000000003,0.00049101112,-2.443420000000006e-06,9.67032967032967,-34.13,125.0,17.0,70.9,125.0,19.78021978021978,5.916830752572527,698.896253238067,0.4945531816824923,0.012676618362779396,13.594678045256448,-0.11405488858836138,-1020794.6321353295,0.7376700687131296,3.142218099793641,63.0,40.21978021978022,0.21978021978021978,0.9847663312261419,-0.0002379129794133898,12.590156357700565,0.0815842175380167,0.09541322146137883,5.192542858457115,0.34671567637608297,0.1813745601191387,0.1349949401457764,0.0807248824657647,0.07517169215940314,0.09714345878843225,0.0888825100842169,0.0858340294528954,0.08379821010685214,0.07573385519072925,0.0616955726778011,0.05325815092329987,2.818558227515283,0.031230143107145295,0.020065324828889484,0.010764278723194543,0.006600469921133431,0.00272519928320452,0.006739506010862696,1.7207442350812598,0.006662209882933651,0.009992911151467467,0.014840726096459951,0.020828393396549648,0.022484775913041374,0.02550070926683983,0.013048129381212603,1.0265587608707007,0.9011078177165062,0.7698064106806619,5.7537152411380585,308.520422051843,33.10523907610439,0.0726332440984962,0.14792703387165376,0.01619031833296001,0.11082304639835246,0.07892348381771513,0.05239932320279817,0.034909561417228084,0.03302351258404269,0.053452079555401,5.59722899789288,11.888270561453256,3.3480481712799044,10.903087098004686,10.090627326102451,9.40317837439466,8.739733335870584,7.98852139843494,7.034896999209001,2.0893103420523356,5.5967577102019215,11.887350189801175,3.3480090248986767,10.902523860054755,10.09031867276686,9.403032375335696,8.73966361507405,7.9884531406818375,7.034693928286504,31.32369686670466,141.30909453496602,11.20916443080299,118.86502651906322,101.81453091798758,88.41701785161128,76.38172010464923,63.815383580869515,49.48691866467101,8.0,2
14587.750905836616,11.770665470972279,14.0,3213.1609924750255,0.7903908774373193,91.0,364.0,-2.67,0.00086393824,0.002197802197802198,0.004395604395604396,0.006593406593406593,0.008791208791208791,0.01098901098901099,0.013186813186813187,0.015384615384615385,0.017582417582417582,0.01978021978021978,0.02197802197802198,0.9975109046300296,0.21978021978021978,-0.5025000000000013,0.4687859243806728,0.000748812052,8.903873444478966,0.16561208988264736,1.080828308877534,0.35877816965465686,1.080828308877534,0.3587781696546568,0.5974193957230354,0.2443722763658165,0.14797876352684636,0.05568239582398719,0.14797876352684636,0.2443722763658165,0.5974193957230353,-1.0669754977126225,-41.518799287819334,64.0511533623852,28.806321910916303,62.19627712497464,-28.20790631621746,-39.577989976042815,-95.63238581284986,-12.887162774273358,30.886125510980754,80.00480043094343,90.24772805775419,36.06,0.29822838578922406,40.879120879120876,-1.3343371198603675,3.3615104900809003,0.6498638253942608,0.027621424521167375,0.00040826039,0.000373894652,0.000472938395,-5.926925000000001e-05,8.571428571428571,-20.19,116.0,17.0,56.25,117.0,18.24175824175824,5.6622425770924645,674.9286180053947,0.207607656888538,0.009513267230144024,13.68780022641377,-0.13113865543210831,-865643.1561197287,0.6362191790660848,2.648644201209118,69.0,40.879120879120876,0.21978021978021978,0.9125341599074097,-0.0002359610640043953,13.491583086105573,0.1034382896610847,0.13280304802344817,6.106221519209268,0.5358915814947527,0.3167698927461074,0.25167137022703145,0.11759548556994863,0.10916251276793512,0.06361311411352454,0.06596433892381705,0.051241866159338643,0.06516596471765367,0.05639164756608226,0.07060818873684568,0.07315533110966886,0.8007094726718198,0.08412760329823087,0.08716095262632552,0.07526227903967427,0.06519837909704393,0.04802710120388185,0.036961760367625246,0.892900661965313,0.02723418612166471,0.024512443813631695,0.018093066752220506,0.019359933397091748,0.014418885815731796,0.017372897492711974,0.006806967966056143,0.7438731928623817,0.8978919072125571,0.4097384361060875,5.502775250035336,295.0381767289944,30.280535452401452,0.01332803073799281,0.17283736965667312,0.019437215864613253,0.20123418542210786,0.22001060967374564,0.22245832847532987,0.1968186497822127,0.13457105846289388,0.04921089518781384,4.6297627477742695,10.547476988370725,2.366878241680398,9.213901340218795,8.210349130508831,7.557880603570418,7.170409636179161,6.862395572532522,6.266094420523027,2.07005472456951,4.629743563554572,10.546060784191422,2.366798429435749,9.211703572624513,8.207400817340293,7.554605979792585,7.167707916043236,6.861075981516174,6.2659011781789715,21.43452546427499,111.21939806386017,5.601734805579527,84.85548270990323,67.3614281764781,57.07207150991789,51.37603676970887,47.07436362413813,39.26151757470462,5.0,2
15167.813003740088,10.723215014784026,3.0,3340.9279743920897,0.5306655765601624,91.0,364.0,1.1241402e-05,0.00082735377,0.002197802197802198,0.004395604395604396,0.006593406593406593,0.008791208791208791,0.01098901098901099,0.013186813186813187,0.015384615384615385,0.017582417582417582,0.01978021978021978,0.02197802197802198,0.9980087237040236,0.21978021978021978,-2.2764999999999986,0.36899829633034753,0.0006899382394999999,11.86827778431564,0.0776305221189828,1.420559897801891,0.16639847715192135,1.420559897801891,0.16639847715192138,0.19333191822112542,0.6153844530903816,0.23632039824120937,0.4107145465926059,0.23632039824120943,0.6153844530903816,0.1933319182211253,39.276519826999554,-95.81662095673101,48.58714598545752,-87.36545801393481,-170.83971862515014,46.97237228307605,-44.35305559106501,54.021147522795474,80.50999058231253,214.50096828253388,-51.74517130353961,109.14949360006455,38.22,0.2403023427912297,36.26373626373626,-1.1780510693848625,3.170953919068048,0.683466965974798,-0.014515139775881045,0.00040544379,0.000345084275,0.00042450991500000003,-1.1567519999999988e-05,11.868131868131869,-35.41,112.0,17.0,73.63,113.0,5.274725274725275,5.773720876131156,707.0073099662281,0.2794299295966588,0.008750619997883029,12.969322440441562,-0.09599888835808464,-987882.3191539742,0.7066383209277305,4.026024588968841,50.0,36.26373626373626,0.21978021978021978,1.0677819232702594,-0.00025102093313579115,11.289603492825526,0.044455668116733515,0.32592798685003077,7.570893128724103,0.5874460089983132,0.7280046123097794,0.6899715976242936,0.4049844657467646,0.3078840400776402,0.3616224344426036,0.343332890936352,0.21012452367740966,0.15243773115513523,0.14228340120343655,0.1080147066802325,0.05939160307733789,0.6721407775330709,0.029339347771678407,0.01719212446675276,0.00820026269323199,0.0016410676413046324,0.002300438328757061,0.002000809002731147,0.27197714533089606,0.0010849921974714783,0.0028360984623535777,0.004227596685084511,0.004190774650852544,0.0058869824475815,0.011004595459803241,0.006167052099511679,0.45803712965047133,0.3295981352573009,0.27486791797690496,5.652260471120727,310.29400255255825,31.948048433393904,0.101545579812942,0.17961022942883847,0.019345091598824263,0.19545897364818443,0.2036615599516101,0.20246155962997836,0.1920734882714299,0.179317757694499,0.16368046052425267,6.043625279536676,11.543298474770854,3.7958954817988975,9.957419276514687,8.546089856816534,7.271796305442033,6.051251926516528,5.005741487078432,5.063973659865337,2.0607016416069186,6.04277212996446,11.541901049789486,3.795846187106679,9.955500712567233,8.54366278652081,7.268977288774026,6.048202844917921,5.002528658312076,5.061327684970862,36.51509501467522,133.21547984313165,14.408448276172315,99.11199443792667,72.99417380978053,52.83803082471258,36.58075765327324,25.02529297723362,25.6170379346525,8.0,2
12939.867500759781,12.037334477107377,17.0,2850.191079462507,0.9073311223060407,91.0,364.0,-4.41,0.00084881317,0.002197802197802198,0.004395604395604396,0.006593406593406593,0.008791208791208791,0.01098901098901099,0.013186813186813187,0.015384615384615385,0.017582417582417582,0.01978021978021978,0.02197802197802198,0.9975109046300298,0.21978021978021978,-1.7185000000000015,0.5206503645565663,0.00078206895575,2.3914157732356056,0.1793101410152913,1.355938496473069,0.7709212011357801,1.355938496473069,0.7709212011357801,0.48162824876057286,0.1598490897133935,0.321538961926473,0.19501179473814917,0.3215389619264731,0.1598490897133935,0.48162824876057286,16.19666907107824,20.467189893228856,30.439742639368315,-12.579155278901538,0.05465230915938275,-83.89270964655843,-22.908870389189516,-51.72940424590383,-0.3673246514309857,-42.88758334020535,-4.818582403595507,41.893578114919656,19.44,0.42252335218587755,39.12087912087912,-1.6700449627769611,3.5465728521810815,0.42140843813886475,0.01702840043090308,0.000361156,0.00041846266999999996,0.0005835427200000001,-2.5001244999999997e-05,4.615384615384615,-19.03,116.0,18.0,38.47,116.0,7.6923076923076925,5.33284813513746,574.323574944008,-1.0463107268846445,0.012618565807393876,9.514314091207295,-0.27638654299842386,-832478.6166696846,0.504550090376978,4.8005568216467935,72.0,39.12087912087912,0.0,1.6433018090819769,-0.000323440671926937,12.050312409042718,0.1093402360095177,0.19994776092256442,4.554448870766959,0.21448235186730116,0.03418283250134817,0.045187152503805915,0.014348760930448132,0.017961987928230592,0.0117814542323202,0.01156867807342586,0.007176149430777346,0.006025090812992282,0.003180173035182292,0.006622443707906124,0.006357933369213586,0.9143940612690661,0.01419632852807243,0.011892022969005041,0.012586253793487032,0.008796586856974868,0.007086519399336107,0.005547169833761074,1.2840927627884977,0.004336748325813239,0.004918582313852601,0.0033054758314581545,0.004589221458973821,0.0036855045026520203,0.005115011366201978,0.002047380155834861,0.23178098566701755,0.21531428101378255,0.2052099094534892,5.064604530932536,191.3194309150446,25.65021905474238,0.010747443278323296,0.00532809971348646,0.010205591539167223,0.038493804445067614,0.07021940327958283,0.09765157217332662,0.11298638768341608,0.10458614231123843,0.06521909121046314,3.147050446743743,10.288292090825443,1.2496249398043544,8.93504836173915,7.808618050597907,6.880423935699312,6.079967334091695,5.324495562921523,4.471543872138486,2.034937789505214,3.147032094976627,10.28829071116747,1.2495832649657133,8.934965442218386,7.808302318399725,6.879730932630729,6.078917408537505,5.323468299746646,4.471068224775924,9.903811006812976,105.84892575749483,1.561458336082372,79.83360745363682,60.96958509552652,47.33069770539609,36.95323685982033,28.33931473840745,19.99045107060093,5.0,2
8841.88249776819,9.07805308378132,17.0,1947.5512109621566,0.8356503109174642,91.0,364.0,5.7938041e-06,0.0008408217,0.002197802197802198,0.004395604395604396,0.006593406593406593,0.008791208791208791,0.01098901098901099,0.013186813186813187,0.015384615384615385,0.017582417582417582,0.01978021978021978,0.02197802197802198,0.9968251868573872,0.21978021978021978,-1.3655000000000008,0.57013180938699,0.000702438537,2.787250167971293,0.08739404498695537,1.3105339625524395,0.6351042224577162,1.3105339625524395,0.6351042224577162,0.3391838933393339,0.05493098256717775,0.4732267276220965,0.5669698289640486,0.4732267276220965,0.05493098256717775,0.3391838933393339,19.06929975124284,5.5676097178532045,-26.850902049957217,-1.9797548329611554,-73.48637860986564,-148.45187036840213,59.32832122808268,66.50966786180987,2.0946109504860533,2.9899234481737653,85.29667460105757,9.841254754411624,10.96,0.39678087898750364,38.9010989010989,-1.277689906912787,2.809059244389396,0.3132617802557714,0.02702778476255507,0.00039490719,0.00035250511,0.000479387825,1.0918605000000001e-05,4.835164835164835,-16.43,120.0,16.0,27.39,120.0,6.153846153846153,4.40825461904184,540.0810921693034,-1.5411212349173373,0.010409999009275589,9.89453952220477,-0.23486784388194887,-691796.1514223613,0.5161499948565438,4.6377702494014565,62.0,38.9010989010989,0.0,1.540626777636625,-0.0003154708427365992,11.938839181042423,0.07523293316727064,0.032487523992602234,5.935275944668321,0.1079006981840466,0.054972712013567446,0.02017410690098812,0.037626413462426414,0.016363826252016184,0.012302174958025562,0.015257008488945857,0.01294963444209768,0.006921306566113786,0.006576681134103611,0.0027263690820577397,0.0035507053108809507,1.0040981692032616,0.006498063756861436,0.0030190715474576,0.0023557097335958634,0.00335768522445417,0.001271638485644892,0.001873634985177381,0.2250720711790678,0.0021020584569976645,0.0016649854690848915,0.0014970557695353876,0.001976861164909104,0.00214435503609054,0.002624834764984311,0.0025352176068482047,0.26966490824228384,0.18056573050879532,0.11219241206292191,4.2190303729739735,142.22084823612022,17.800217288076908,0.04695295797668103,0.06673957339141076,0.021208060261534933,0.046498489999494325,0.03468847081931956,0.02904605494273078,0.027757948932264707,0.03100444388979288,0.04071197134102856,2.577084357950124,9.200358966115465,1.2612716691603472,7.747811474009892,6.415099643086014,5.263356352052546,4.31429238115313,3.5265814185570656,2.969618441468128,2.0136111938356396,2.5766565948392195,9.200116897883676,1.2610933516621485,7.747671942411288,6.415005856639144,5.263276205500159,4.3142030835771985,3.5264451259265392,2.9693393580554446,6.639159207728443,84.64215093472475,1.5903564416064715,60.026420527227096,41.15230014071452,27.702076415384152,18.61234824634701,12.435815226171046,8.81697622329712,7.0,2
12684.48390149562,11.137649705661405,16.0,2793.939185351458,0.8291326793727556,91.0,364.0,-0.46,0.00089889534,0.002197802197802198,0.004395604395604396,0.006593406593406593,0.008791208791208791,0.01098901098901099,0.013186813186813187,0.015384615384615385,0.017582417582417582,0.01978021978021978,0.02197802197802198,0.9985065427780178,0.21978021978021978,0.06950000000000323,0.6089227455480228,0.000750624813,6.98484542975886,0.1733908131694757,1.1852133746704663,0.4861207721142025,1.1852133746704663,0.4861207721142025,0.5659813073948647,0.18775154029490593,0.3508016959170035,0.021408586454455016,0.3508016959170034,0.18775154029490593,0.5659813073948647,6.596287250339355,-31.878674332198255,67.1708858168298,26.214815194631733,33.63649659436805,-29.940024467339153,55.06984622847168,-116.04908505504501,-32.27709127793092,-59.00453786650024,66.08116456376969,53.149680828096194,31.51,0.4118302159628011,40.21978021978022,-0.9063051100554389,3.0168740448574325,0.4960467037013643,0.023063493500242286,0.00043316747,0.00038063134000000003,0.000490614595,1.2749004999999976e-05,6.813186813186813,-16.86,115.0,15.0,48.370000000000005,115.0,5.714285714285714,5.279960851814497,607.8482532519274,0.09050713826150385,0.004600803698837462,12.029957157768987,-0.07877378691094178,-810044.5860978954,0.5525415606570057,3.1773254916236486,71.0,40.21978021978022,0.21978021978021978,1.1414609193262244,-0.0002707107808942476,12.998451197219,0.09815143107174373,0.18121195121871306,5.7329486479303435,0.1551689867638988,0.22902306673274456,0.13339436508685631,0.0818942132017549,0.04999980421422903,0.04397479961746654,0.030327995368970663,0.01117694066789154,0.02749483235750838,0.008148187547733027,0.010574107842779264,0.009527134035353308,1.0604159457701494,0.025103103033521985,0.023887883240400466,0.01933043020966832,0.03067585571299158,0.0192591396608565,0.017816472122729146,0.991994517808284,0.012291969913269078,0.014741046079632612,0.00785350658675601,0.007145877753025758,0.009816617904529597,0.005019089557621096,0.003278341538051447,0.31353819201546235,0.3720241824748198,0.4078650459179324,5.201595682497927,225.20520348041939,27.05659764418107,0.0018455698441629722,0.4019001337058803,0.015047110890363976,0.38655841119284995,0.36080100154156725,0.3199954873449049,0.25718156000424564,0.16950608995758523,0.07239771276654382,3.4474924200583312,10.818898867145231,1.7193438219721273,9.24247585361696,7.910080108385716,6.8908540742023385,6.197938687584145,5.683779915928207,4.940284729135209,2.0273634713243274,3.4474919260574928,10.811431402919947,1.7192779771193416,9.234388582869393,7.901847249749009,6.8834201353709235,6.19260055390674,5.681251782677489,4.9397542222374495,11.885200580231603,116.88704898004356,2.955916762607575,85.27393249942858,62.43918995836597,47.381472760029865,38.348301620246055,32.276621818176146,24.40117177611271,9.0,2
20985.528474271636,16.99051733219936,14.0,4622.363100059832,1.1412678296484455,91.0,364.0,-6.63,0.0009390754,0.002197802197802198,0.004395604395604396,0.006593406593406593,0.008791208791208791,0.01098901098901099,0.013186813186813187,0.015384615384615385,0.017582417582417582,0.01978021978021978,0.02197802197802198,0.9975109046300296,0.21978021978021978,0.7029999999999994,0.5155086527242067,3.1408448295799998,2.276833016505625,0.07082005497296817,1.326078097312132,0.7255256397264978,1.326078097312132,0.7255256397264978,0.5692862399747454,0.25944551431565027,0.21139141081149426,0.10185363923560153,0.21139141081149426,0.25944551431565027,0.5692862399747454,14.557734934524484,17.99876234488797,38.410607569340605,41.57856039142931,30.681245275092586,-22.16999240212909,-166.47642617731137,-38.709992867994224,83.29709392877062,-126.60824197899882,1.1768079046594035,2.370039633472936,26.63,1.0051216923495476,38.46153846153846,-2.0849390599057123,4.6517239161807735,0.5853364210367582,0.019958066780154177,0.00031187454,0.00063677545,0.000794314256,4.172642749999997e-05,3.956043956043956,-20.51,102.0,14.0,47.14,102.0,5.4945054945054945,6.791320976275146,624.8797163076326,-0.5116777907023454,0.011496732119563771,9.261791006434645,-0.25654503241879206,-1116719.8502157126,0.5476802498148123,4.934098394853125,87.0,38.46153846153846,0.0,1.6877999282197453,-0.0003287337577864899,11.983074463246847,0.12738199807604011,0.2897674216800401,13.055784553916801,0.11329603267449695,0.08525316017679199,0.0443235639618691,0.01047509803314161,0.04624527225224924,0.02600132710826664,0.022648049371503498,0.02144873958223035,0.023141870240628047,0.015715350666006645,0.018788254415766658,0.011452352382681793,1.7330245691280755,0.015595453285387946,0.016149338249151636,0.019639692463671546,0.015443483716120759,0.006138479315648532,0.014889931773863494,0.6240947360621046,0.010436799113564694,0.005981208794065545,0.009979251714506775,0.010774036124804978,0.007537406972590993,0.009750265150658938,0.004183698848318642,0.7168568386681001,0.5916334991615214,0.5743495328807242,6.463363653646164,265.74273515068825,41.77506971927429,0.03150311935778627,0.2120429031893661,0.009201189276895906,0.23695680257953863,0.2548404426667427,0.2614361099165669,0.24791487331369852,0.2020622798213692,0.1205895561871556,3.9343007357203654,15.50431754450366,1.531694993033279,13.650889315345985,11.851133837333816,10.115322830923732,8.49617340913052,7.059647286771014,5.742782794739827,2.000225540161625,3.9341746062624803,15.502867487275088,1.5316673561185234,13.648832571818678,11.848393544239656,10.111943786149062,8.49255561145209,7.056754965895211,5.741516558061848,15.477729832560541,240.33890032801102,2.3460048897991075,186.2906305735385,140.38442957917997,102.25140713423862,72.12350081360638,49.79779064868672,32.96501238649837,7.0,6
17852.373102036043,13.943634638029963,12.0,3932.240771373578,0.8760940604457155,91.0,364.0,-1.77,0.00091613715,0.002197802197802198,0.004395604395604396,0.006593406593406593,0.008791208791208791,0.01098901098901099,0.013186813186813187,0.015384615384615385,0.017582417582417582,0.01978021978021978,0.02197802197802198,0.9965152664820416,0.21978021978021978,1.512500000000001,0.5001364319407214,0.0008454679905000001,6.418452361989912,0.03604570504047573,0.691879452046966,0.7203193519632753,0.691879452046966,0.7203193519632751,0.4783925990407699,0.2945354533015104,0.2303197965370396,0.09784725330824995,0.23031979653703955,0.2945354533015104,0.4783925990407699,-23.704999424194238,53.84934416547095,24.55797744037868,8.950678487777296,18.916279883948775,-34.96117406263417,-32.759248018255406,-112.40610569650683,19.06781157605432,91.60942309671543,78.39902680375653,21.705415395765804,39.83,0.4132875227221275,45.05494505494505,-1.3775627761176776,3.8623803792036067,0.7372772575138917,0.02905376093264318,0.00047414888,0.0004115876,0.00057541829,4.4004684999999995e-05,7.032967032967033,-19.12,113.0,15.0,58.95,114.0,5.274725274725275,6.263863411636596,700.1185113114578,-0.009424960659189623,0.008353965597902604,14.119026743915903,-0.1197016152673215,-859635.7969926253,0.6003213073794533,2.4851486778015124,74.0,45.05494505494505,0.21978021978021978,0.971899717713119,-0.00022692221124323163,15.382021420256285,0.1063890820397857,0.27150082025551414,12.076658987741142,0.2327307195876372,0.2302036854969586,0.14079904751317765,0.06631264453204629,0.026028242082462436,0.00522229669010478,0.008295705962561944,0.05525789374642584,0.009279329898034268,0.02243897223567635,0.023343226796789976,0.013429226252776712,0.7880972127343965,0.03969883295183163,0.034868478231634456,0.044357795774688125,0.051866212287459836,0.033338157475068145,0.06606349837673121,1.3607658092307728,0.044702055920780276,0.024008192303398183,0.08006591282885114,0.03868693731307631,0.04826954708580749,0.062308603245086185,0.018079148996739566,0.8395211440266347,0.44384172805032546,0.3341407921423609,6.110507805206915,334.72387491130684,37.33830563749462,0.020158386828882633,0.37312624883612816,0.02104243212147832,0.3618307356944828,0.3380465424522329,0.29791804681223255,0.23597446869256458,0.14916186285183694,0.05015951049926234,4.154523566201569,16.097559855207493,1.825608024611139,13.885694485285185,11.81571818700558,9.959417080540504,8.323914421899003,6.892236670870051,5.681792162736076,1.996933905719383,4.154474660118252,16.093234917020794,1.82548675031483,13.880979427165295,11.81088145778589,9.954960242087635,8.320568932063688,6.890622400477075,5.681570751476705,17.259659701564665,258.9922100944173,3.3324018755749987,192.68158985738614,139.49692080987055,99.1012334215455,69.23186735322346,47.48067706595645,32.28024620403557,11.0,6
21887.33547105639,17.22946490888905,11.0,4820.999002435328,1.1453664685699256,91.0,364.0,-6.07,0.00088721865,0.002197802197802198,0.004395604395604396,0.006593406593406593,0.008791208791208791,0.01098901098901099,0.013186813186813187,0.015384615384615385,0.017582417582417582,0.01978021978021978,0.02197802197802198,0.9965152664820416,0.21978021978021978,-1.9179999999999975,0.533575566558023,1.9757914757600001,3.4201249712905337,0.1543277692870236,1.2193004454319745,0.4934223655268253,1.2193004454319745,0.49342236552682534,0.5437431414761754,0.13642444515021385,0.3198675824696939,0.29112073937355115,0.319867582469694,0.13642444515021385,0.5437431414761754,16.842021098471744,-16.36298070091509,30.09767085654147,-9.880969387092497,38.25889785279397,-48.50376998760579,-20.10273239805498,-173.43497239997058,60.56345117683675,-52.51122963885942,83.16112223236215,26.58118127254167,33.13,0.799737158335764,39.56043956043956,-1.6099066445308248,4.547080568063403,0.8299816889398426,0.02323841963854625,0.00029285078,0.0005943678699999999,0.00072516368,-1.9675147499999984e-05,6.593406593406593,-20.79,101.0,14.0,53.92,103.0,12.307692307692308,6.935707173916856,724.4241507731605,0.21272057837020453,0.00945595835639421,11.202057985471443,-0.16397946224124746,-1096374.1987027666,0.5544504200550247,3.7040380227450016,93.0,39.56043956043956,0.21978021978021978,1.3186971465322745,-0.00028806420981330707,12.352754160141494,0.1879169238830286,0.2671504712084177,15.859274942806852,0.6693029852257678,0.3746429170861023,0.17579050872102234,0.08372991178382368,0.048198904596500156,0.04860650350100594,0.03971950912362344,0.05037395847920986,0.04936812579438558,0.05693766532327592,0.035402989039223634,0.03644304566274901,2.2070231902625084,0.033531134656489665,0.02865144842449135,0.021010257698098108,0.020941953634974475,0.024952380829633383,0.026731102260711848,1.2234947717579432,0.02884199646273928,0.024577551225206603,0.01819087532630668,0.01676712370814227,0.010520448856678818,0.0058088600449649535,0.0035084724892636815,1.5061661799803983,1.3417076167502273,0.549492170828752,6.746275609417186,376.8116867786885,45.512234598217226,0.014886932892815747,0.3170134616514088,0.014053908868522981,0.3212722676588738,0.3179696421200442,0.3021898044521455,0.2647976382488129,0.1963550049361071,0.10140122742962443,5.332066306017029,18.060522486571028,2.2267599336013846,15.515875725973576,13.184558595521834,11.180510049657919,9.634749030818721,8.56028021914093,7.475966566650783,2.0091423865644487,5.33204552409215,18.057740028947958,2.2267155834407677,15.51254923195699,13.180723829344071,11.176425470273887,9.631109546549666,8.558027935351229,7.475278850769118,28.430709470991133,326.08197495306945,4.958262289537959,240.6391836738894,173.73148066543865,124.91248629258689,92.75827109764013,73.239842142252,55.879793896756055,13.0,6
19898.60608821821,16.122567805721534,15.0,4382.952882867447,1.12480861247774,91.0,364.0,-3.91,0.00098695784,0.002197802197802198,0.004395604395604396,0.006593406593406593,0.008791208791208791,0.01098901098901099,0.013186813186813187,0.015384615384615385,0.017582417582417582,0.01978021978021978,0.02197802197802198,0.9950218092600596,0.21978021978021978,-2.145999999999999,0.6463344946889154,0.000900116465,1.8935832042127094,0.03457282084364127,0.9188499709490451,0.6153793686774692,0.918849970949045,0.6153793686774691,0.36901377971884913,0.2182178093938181,0.47311655621968507,0.37498993576905204,0.47311655621968507,0.2182178093938181,0.36901377971884913,-8.089869420882328,-5.938303461558015,25.662483372801738,28.360966935267022,-51.89768389989035,-73.37959287905073,57.52154239458132,8.527171705160171,29.055799481282804,51.51982411465967,76.99329958888538,83.87473277022417,28.3,1.0199891599442321,42.1978021978022,-1.5886769385860806,4.422544709663567,0.588821287611131,0.009626486216652012,0.00047173667,0.000449815041,0.00063334429185,2.5598385e-05,5.934065934065934,-18.54,102.0,14.0,46.84,102.0,9.230769230769232,6.613108209751764,631.2730024441556,-0.8504558710630133,0.008045075337830087,12.050597899644933,-0.18087592480599396,-896501.7926976436,0.48629403483629813,3.200444647112794,93.0,42.1978021978022,0.21978021978021978,1.177703681939425,-0.0002702781344332216,13.846184885992763,0.13935365975826441,0.2565404941987553,12.18471880503945,0.11503023905045807,0.10252444446937674,0.11367815818923,0.03418705584442524,0.05841562522015467,0.047256323477858866,0.056340247641830106,0.04836631958482304,0.020827808867958746,0.03400018859102519,0.021750810028468324,0.026745574906619773,1.2786113174691918,0.01487824748554661,0.022103090016449577,0.011827939980043977,0.021855081763985373,0.00833367213008608,0.02758473559843712,0.2013664825928668,0.012127670141100852,0.02846680412076703,0.007341507823714808,0.01971968773625055,0.007974612086333085,0.01929745733679413,0.0031897014725248657,0.3008014772386542,0.17970968155486472,0.3398411072590111,6.419447466775543,267.32486457545343,41.20930577869093,0.041971785394185036,0.07999718779353712,0.0015417760558853752,0.11103215869444502,0.1285828934258203,0.13459205904762056,0.13214411816725574,0.12163170253872099,0.09575355201918,3.3319908155291706,15.509950675491817,1.8817844561027661,13.10550543995829,10.756697245775381,8.507992684067696,6.4926964716240265,4.904456376526864,3.950365357623272,1.9535594045277784,3.331726453957703,15.50974436946445,1.8817838245017884,13.105035089480378,10.75592869429646,8.506928028953268,6.491351585353614,4.902947896744625,3.94920469411067,11.100401164001571,240.5521704061342,3.541110362156578,171.74194469651195,115.69000207678992,72.36782448979075,42.13764540467288,24.03889807819255,15.596217715985754,9.0,6
24017.31948268708,17.17251154494283,11.0,5290.1584763627925,0.9863261739227674,91.0,364.0,-7.98,0.00087261178,0.002197802197802198,0.004395604395604396,0.006593406593406593,0.008791208791208791,0.01098901098901099,0.013186813186813187,0.015384615384615385,0.017582417582417582,0.01978021978021978,0.02197802197802198,0.9970130855560355,0.21978021978021978,0.20400000000000773,0.34551806110137734,3.175772574045,5.151557439324055,0.010203272654405755,1.2160561639331748,0.12963187001987272,1.2160561639331748,0.12963187001987272,0.22887039519527952,0.33761319683938945,0.39089748639199523,0.14043053257802618,0.3908974863919952,0.33761319683938945,0.22887039519527955,15.90580221197145,-96.97479141229584,44.9454839037092,25.898890369048246,-62.84686990319085,7.159486940421817,-8.856087490189442,-14.355989125867294,120.6420003019955,36.325527717288665,126.72818318476001,57.953712542115,33.09,0.4841906089475033,39.56043956043956,-2.1972602924762468,4.858971539320118,0.780738300974745,0.08808551730848013,0.00036298703,0.00048469626000000005,0.000655482443,3.8112199999999964e-06,10.54945054945055,-39.99,107.0,14.0,73.08000000000001,107.0,20.0,7.265350476361564,720.9233175875272,-0.5727359381842936,0.018030731483867694,13.327274571870957,-0.1948788945536526,-1168342.5345326485,0.670257721291226,3.0753919837007313,91.0,39.56043956043956,0.21978021978021978,0.9165671658577628,-0.00024351797012165082,12.350999959376184,0.14292068987380135,0.19025284428484088,12.438907782994004,0.3349043488137717,0.2667586333529322,0.3098803936400531,0.17810966470940626,0.08054825039907819,0.1491158292409422,0.10158235470020903,0.04449633309152165,0.09645913528185479,0.08136427966015915,0.03358990696067473,0.05861039631130061,2.7292862960623236,0.069583461618903,0.02738610584227073,0.03356097531202069,0.04688629064993927,0.016566805709003127,0.01750267769056951,1.5973458979280977,0.028276597684737333,0.009372679468516715,0.012861845164390213,0.02529514312197963,0.009475106368043185,0.011847658779396308,0.01359151034594397,0.2662450021228478,0.7106639424315401,0.7833377278584627,6.925125612685623,354.4551886425342,47.957364751474415,0.057587736925226035,0.08450541735330386,0.062102657278591974,0.06554826526871624,0.04681188244135327,0.02572213014847708,0.0033650075096545782,0.010629494359334654,0.003395528097450974,6.072595541505351,17.064579244729646,3.938418603737216,15.120764667313422,13.142812050218723,11.063803211681181,8.90560771503466,7.041471598779372,6.265775709617586,2.015329763663517,6.072322476883659,17.064370004019946,3.937928942759423,15.120622591321903,13.142728683003268,11.063773311073732,8.905607079296129,7.04146357586732,6.265774789570935,36.87310026326649,291.1927236340957,15.507284358222345,228.6332275491943,172.7313172350368,122.40707987882742,79.30983745080931,49.58220929026619,39.2599337136227,9.0,6
24250.043078599636,17.732713034261227,12.0,5341.4191803082895,1.016041906029555,91.0,364.0,-7.18,0.00087909068,0.002197802197802198,0.004395604395604396,0.006593406593406593,0.008791208791208791,0.01098901098901099,0.013186813186813187,0.015384615384615385,0.017582417582417582,0.01978021978021978,0.02197802197802198,0.9965152664820416,0.21978021978021978,-3.3229999999999986,0.4545966854772296,3.6307977339199997,5.114261789439766,0.16460525064430542,1.0689573820181766,0.18398071700962307,1.0689573820181766,0.18398071700962307,0.09614484813713187,0.3945911050786435,0.5813238018051026,0.08429376218415965,0.5813238018051026,0.3945911050786435,0.09614484813713194,3.5402551298654963,-63.02637624816201,99.61402623130459,14.433370774223713,-92.97139777031774,39.09723351643429,83.53898635523389,-45.4988213580451,122.1740813331366,54.245895818749446,30.104516651046133,-5.968146058924927,36.31,0.6186000282579979,42.1978021978022,-2.0152933282669494,4.802826552256546,0.9024993976755943,-0.052950518888039644,0.00038194487,0.00053047882,0.0006558693380000001,7.106124999999984e-06,10.989010989010989,-35.75,93.0,14.0,72.06,93.0,15.164835164835166,7.300465599874042,767.8649322394924,0.163903710985079,0.009921980247053984,13.837198051401735,-0.1664753523380332,-1124603.4319159898,0.6490710584978546,2.924916367028824,95.0,42.1978021978022,0.21978021978021978,0.9054515804615872,-0.00023282956608370532,13.101553922801841,0.10728416708403632,0.44628253733274337,10.622029780547832,0.14431024360591618,0.1862625897993473,0.33376122261619345,0.4310337615337196,0.4536279049823605,0.4691992917445989,0.43654422083610495,0.4087428649905377,0.3217735923945331,0.24611175616767073,0.1950635916939668,0.12469299830314287,1.9504695171661632,0.09125773464480871,0.0674601199757191,0.036178326173009145,0.04212545006500939,0.02312815908225919,0.020377458940956685,0.8079976233208996,0.027644009903651682,0.022351783058106034,0.03432650500846827,0.032414021189001926,0.033303622289717505,0.03846680388179386,0.017136780021802023,0.26393566870095936,0.30385063928556,0.14031414421714,7.01679348249519,409.7347265447198,49.23539077598698,0.13300617676725604,0.1595896992558961,0.03912888345077828,0.17885404409090044,0.1961130054463805,0.2103473080896099,0.21905964257149937,0.21923354345723364,0.2013711018389402,5.118191357211004,16.517590925725976,3.8538254020618763,14.048712240104958,11.680548866648712,9.569777703888946,7.860100357986966,6.513211604926881,5.458429893244247,1.9903480280751615,5.116462852984586,16.51681994566498,3.8536267541184213,14.047573699261633,11.678902410554825,9.567465668181383,7.857047187755925,6.5095208782196385,5.454714161054325,26.178192125971176,272.8053411175165,14.85043916005728,197.3343268361872,136.39676151526328,91.53639931182941,61.73319051062329,42.37386206397738,29.753906578806582,8.0,6
13296.731309272993,8.820777585313584,2.0,2928.7954425711437,0.27071444648069626,91.0,364.0,3.396477e-05,0.00086745064,0.002197802197802198,0.004395604395604396,0.006593406593406593,0.008791208791208791,0.01098901098901099,0.013186813186813187,0.015384615384615385,0.017582417582417582,0.01978021978021978,0.02197802197802198,0.9995021809260058,1.098901098901099,-2.711999999999998,0.33451670473219064,0.000706811505,17.432848936272116,0.0031196629441702095,1.5149912101151695,0.11162564916024327,1.51499121011517,0.11162564916024327,0.035840905202168497,0.4805501421309864,0.43227494420814955,0.036217213371962674,0.43227494420814955,0.4805501421309864,0.03584090520216843,39.20224974683803,-143.72518711763723,12.169850185543515,38.40986530584303,-153.5565851050701,36.16969473028934,-65.66410116998941,-38.04084312794426,279.7928010762535,121.91471450854316,124.46648745074428,50.97384980417071,39.55,0.014646232918173244,32.747252747252745,-0.3461468741701461,2.2488508656436026,0.7470924831206674,0.021741910666189343,0.00044362716,0.00034551838999999997,0.00046419174500000003,1.3245565000000005e-05,12.967032967032967,-37.29,120.0,16.0,76.84,121.0,20.439560439560438,5.4058843212841206,732.0662542418286,0.665333005140642,0.003953260312662101,13.949429321728942,0.011703302890564224,-919279.2847421921,0.7803866211128149,3.536987726429018,51.0,32.747252747252745,0.6593406593406593,0.8194739625612429,-0.00023047710887963055,10.662300980441868,0.020784105447380408,0.14432601600934314,2.7460011716741732,0.9917971726491862,1.2406932147531307,1.1956111044536315,0.8517578477737993,0.5342915650909299,0.4640702435175827,0.4578287807289852,0.428137833622084,0.3756744425333287,0.2828675022598531,0.1609276374165388,0.07877750733482371,1.4824412890776735,0.03199319712091325,0.011736555722192078,0.0076529303423470306,0.004184230746267465,0.005246233242987347,0.008301806491701836,0.25588158251982984,0.01033160360234579,0.010124596827071446,0.008284834311703385,0.006007974763741236,0.006705677573301147,0.005692773476287904,0.0017368976385277745,0.06583747650519947,0.24691192646374074,0.45909292948400626,5.394790787102658,339.17998733678303,29.103767636607717,0.03573159863295956,0.24999220448545062,0.010624483802833385,0.2642878840732363,0.265334190159876,0.2529587818697278,0.2299851970281568,0.19569985379384303,0.13274697072533762,6.872046918182858,10.41434649151102,4.318288774968632,9.33146218162671,8.135238750498454,6.802170843792851,5.386005811887979,4.330390816102441,5.174835825982409,2.0954480516265535,6.871954023315759,10.411345577923365,4.3182757049966165,9.327718818739212,8.130910606761327,6.797465707366279,5.381093328947102,4.3259665032694645,5.173132906434387,47.22375209856564,108.3961167429444,18.647505064364022,87.00633836146164,66.11170729514386,46.205540042820544,28.956165414839006,18.71398618740944,26.761304067634285,11.0,4
11548.177208338528,7.064557037250006,3.0,2543.6513674754465,0.24882625171085337,91.0,364.0,-0.27,0.00079791269,0.002197802197802198,0.004395604395604396,0.006593406593406593,0.008791208791208791,0.01098901098901099,0.013186813186813187,0.015384615384615385,0.017582417582417582,0.01978021978021978,0.02197802197802198,0.9990043618520118,0.8791208791208791,3.9989999999999988,0.20994984071390282,0.0006342682975,33.39310811101361,0.10914173919656017,0.6350465338510685,0.35002792340298694,0.6350465338510685,0.35002792340298694,0.29457199783099336,0.3330685302877756,0.1251835121586703,0.1204698080423946,0.1251835121586703,0.3330685302877756,0.2945719978309933,-25.678508228612706,-2.713374261050397,105.93968991940642,97.82012355138667,-11.720051098510586,60.42007275501687,-132.96066924158131,-45.639349264154895,6.801397589436231,85.47347820124399,154.71862062212412,37.699189064247555,39.99,0.06552868599178872,47.03296703296703,-0.6979871611305921,2.106967264999083,0.6325645532297465,0.025859638592863405,0.00039251931,0.00031921299699999995,0.00039533549,-1.5600722000000022e-05,13.626373626373626,-39.99,122.0,15.0,79.98,123.0,12.087912087912088,5.037917153853928,690.3627864037873,1.915535220816346,0.006749904656191867,18.78100348890127,-0.03281444358018477,-584367.9960360174,0.8581533650114407,1.9922356218454185,40.0,47.03296703296703,0.6593406593406593,0.5504057080325551,-0.000129203449377703,15.354200756858484,0.013472009458554313,0.031664725869408786,2.6959477046244524,0.5746688381682264,0.415504059158254,0.27318649575309495,0.20329358343086426,0.25999733714893913,0.22462988908772707,0.19934150640734935,0.26374402344912407,0.2635342012589222,0.27200667522140415,0.2566010615000193,0.22701920584734764,1.6561730094583602,0.1977150544676928,0.16438009145314408,0.12645467206091104,0.10812279009516526,0.10321947089128329,0.10102912799232278,1.090618875534837,0.11278164677619881,0.13836518879173088,0.170198376652563,0.20542427110071915,0.23848006330254026,0.259948953527965,0.13244166051712647,0.7966044336560999,0.7350631683777898,0.7252138221534108,4.989330934302967,287.1843071663049,24.893423171992517,0.023456110845501886,0.2581360277647569,0.019274761464304666,0.2817941290503081,0.29515804833416376,0.2897599820362147,0.2511421279033153,0.16722812680737797,0.05268078493707803,5.59403998578328,7.525534192098128,3.1357181813505566,7.105419800170308,6.811803487646025,6.696999180173674,6.7962268904792325,7.065727396183922,7.05816642011865,2.126872228563769,5.593990809199298,7.5211056811886285,3.135658941342782,7.099829758908663,6.805405827782066,6.690727701233792,6.791585056411001,7.063748182855086,7.057969817800934,31.29273317340621,56.56703066760786,9.832356996422934,50.40758260548504,46.31354848081011,44.765837172057225,46.12562757846521,49.896538390788535,49.81493794898894,13.0,4
10062.157504192812,7.605896823372901,5.0,2216.3342520248484,0.2056616103752955,91.0,364.0,0.0001131428,0.0009343972,0.002197802197802198,0.004395604395604396,0.006593406593406593,0.008791208791208791,0.01098901098901099,0.013186813186813187,0.015384615384615385,0.017582417582417582,0.01978021978021978,0.02197802197802198,0.9975109046300296,0.8791208791208791,2.3809999999999967,0.44366129282761646,0.000673453175,27.04244078251619,0.045355408539379395,1.2299548983871358,0.9958894969617378,1.2299548983871358,0.9958894969617378,0.3427798494457046,0.08103584199315124,0.12149378973971897,0.15886474393293018,0.12149378973971894,0.08103584199315124,0.34277984944570467,20.97996552394524,78.26135221870896,-35.04079654874017,-16.811950505799178,-2.130500504155337,-122.71986879649089,-189.92672420840415,-83.43186518070131,134.26459494001614,-98.70180363637671,32.956029460325176,59.40266419690883,39.99,0.022390677164387536,41.53846153846154,-0.31120917222632966,1.9364442953103262,0.3965661318920264,-0.0467394524240969,0.00049723496,0.00033435071,0.00039316167999999994,2.7589449999999946e-06,7.032967032967033,-17.87,127.0,16.0,57.86,127.0,12.087912087912088,4.702619682405419,576.190059322791,2.6670532017398108,0.0039171298010651405,10.834735631462543,0.022060784711568235,-870702.5940876312,0.7010644169387784,4.987706256921041,45.0,41.53846153846154,0.6593406593406593,1.688220926542983,-0.00029576358018830744,11.987587315710947,0.02095042326515717,0.6270897710519875,1.4617034545653194,0.25413132525700494,0.16599967592344247,0.10651872225251513,0.05955185059419991,0.02183967779853888,0.0036247450325318526,0.00720878844364897,0.000824306198647355,0.0037214144525819304,0.00481875951396573,0.013586756459253129,0.005520590327999907,0.2274309754406945,0.011811985166884191,0.006084009567788733,0.0028101530558377356,0.003913727188467112,0.0015376591237953787,0.002053544944961244,0.1906953877776355,0.0035388526602880286,0.004571946009821891,0.0014828558773471313,0.0019021665189382056,0.0013091915766926272,0.00033269577824538885,0.0004576057211626959,0.11023303493956613,0.11890833407772111,0.25235345131389986,4.692310809022462,180.04102387897998,22.017780728469035,0.15181555992706147,0.02690060045017493,0.0389170815548277,0.0925151971891696,0.15182745247020085,0.2052804509506896,0.25008744956795054,0.27422186528208525,0.24972167247142324,4.898424085492791,9.48027066967645,1.683990192994567,8.67743402613665,8.08010949128886,7.698371049715626,7.467032946477332,7.232005663359291,6.643073794858508,2.07302145615191,4.89607093056258,9.480232503901101,1.6835404452715514,8.676940832819087,8.078682925817347,7.6956336162500065,7.4628437804463355,7.226804846089458,6.6383784563878185,23.97151055709993,89.87480832802295,2.834308430865134,75.28930221624319,65.26511781589274,59.222776755557156,55.69403729134655,52.22670828346207,44.068068530233916,4.0,4
6672.903212820364,5.416307536437418,4.0,1469.8024697842213,0.17694991082789074,91.0,364.0,0.00012231742,0.00089344723,0.002197802197802198,0.004395604395604396,0.006593406593406593,0.008791208791208791,0.01098901098901099,0.013186813186813187,0.015384615384615385,0.017582417582417582,0.01978021978021978,0.02197802197802198,0.9990043618520118,2.4175824175824174,0.9815000000000023,0.29159109938050265,0.000640816945,28.744545361096353,0.05186014715117189,0.9841180210038623,0.4842429205953836,0.9841180210038623,0.4842429205953836,0.24734522137897202,0.3120554459029361,0.3659407345179982,0.15200399088504174,0.36594073451799825,0.3120554459029361,0.24734522137897197,14.16209185119327,3.550949067173224,-43.950720517573956,55.645695763639104,36.712342925619545,-3.624816550997591,-300.2620848837274,20.060257330987053,50.58517448732632,92.47207331714569,-55.40859925938775,75.90070541831527,34.84,0.005224405779137113,43.73626373626374,0.053453958892091626,1.2730550868612527,0.44346531215403656,-0.043170316200396484,0.00048395663,0.00032463909,0.00038440936,-7.858934999999982e-06,9.010989010989011,-17.25,134.0,18.0,52.09,133.0,31.428571428571427,3.8295850097442603,601.1051386320719,2.8638195953411496,-0.0006253826468739466,13.727625147516434,0.03615347696735879,-629803.5133794692,0.7460828557650758,3.475111187840272,46.0,43.73626373626374,1.3186813186813187,1.2199212623837568,-0.00023512630180063038,13.009127159679492,0.02261737375751982,0.19407159983090816,2.9583787965896984,0.12025105338642293,0.20587377152487152,0.11139515128224238,0.101376682785363,0.021219442391480117,0.010602323357947457,0.016463924309007016,0.003999803355078405,0.032985040512367815,0.024228406309805373,0.03910140354835874,0.030829893543123123,0.5740980784076605,0.030639239355391413,0.029180329225650923,0.008056312673229146,0.019134628090330275,0.0034305108633352482,0.002397376848355628,0.3709710417469675,0.004025113311909915,0.00022917372012088962,0.00881974367448842,0.010994197871570775,0.00627182756540744,0.019750330340037103,0.0034206720662351858,0.15823914739517458,0.21012269333417632,0.2836126376741494,3.829211932126075,201.3332517179326,14.66286402113671,0.11620901350354028,0.03785663527289094,0.032305069828682344,0.028732167132064026,0.08820200052727671,0.14090233713016012,0.18508456782274796,0.21137513868171606,0.19539818323652033,4.359110991007317,10.595641335983258,1.8084432296891755,9.6735584839691,8.63621363575358,7.688990188846955,6.973253639109656,6.4260422634008885,5.783581811663959,2.0689505402119535,4.357561714663525,10.595573707731115,1.8081546663579364,9.673515814084478,8.635763218701578,7.687699048192248,6.970796942825829,6.42256488653573,5.780280107589772,18.988344097101326,112.26618219596287,3.2694232974719806,93.57690820534248,74.57640636947905,59.10071665557599,48.592010018109924,41.24933972176171,33.41163812219803,16.0,4
11558.77751515776,6.132813781898604,2.0,2545.98623681889,0.13864802208166158,91.0,364.0,9.4859029e-05,0.00089514583,0.002197802197802198,0.004395604395604396,0.006593406593406593,0.008791208791208791,0.01098901098901099,0.013186813186813187,0.015384615384615385,0.017582417582417582,0.01978021978021978,0.02197802197802198,0.9995021809260058,1.3186813186813187,-2.9114999999999984,0.17532805943595725,0.00066628038,29.268224530095793,0.008390281943997694,1.0732519121777915,0.04902951085654972,1.0732519121777917,0.04902951085654972,0.15762478568102348,0.07902652425675756,0.44130463484258986,0.05460331024858639,0.44130463484258986,0.07902652425675756,0.15762478568102345,18.244925437530675,-98.47502132226226,30.149763079761648,23.279304869893835,-127.61801789094568,-80.72446746348207,133.52773324520604,-42.85353787636217,177.4524182120756,133.56401832434608,84.10146901076162,87.50436068832423,39.84,0.00519656584340924,40.43956043956044,-0.17680924096471345,1.6203355920559517,0.7379603979271128,-0.05065895519297352,0.00049275369,0.0003351738,0.00040612557,-1.2332835000000028e-05,14.285714285714285,-37.89,131.0,17.0,77.73,131.0,31.86813186813187,5.040228826821293,735.2186989022953,0.5105797518477289,0.0021667092565541748,16.053803197491785,0.01830815476686643,-778088.3151057777,0.8546387402472807,3.2772805273193626,29.0,40.43956043956044,1.098901098901099,0.8378904551721599,-0.00018636774907578743,11.412609894368195,0.010913327446531618,0.21274684142221795,1.4948093282797283,0.43763484122950413,0.9713058929803244,0.32542896935272003,0.4870959266110362,0.32143487172650215,0.21714953966274003,0.32689441948461795,0.22605625529889176,0.27918031534928306,0.28040521458419787,0.06075396395475008,0.07453194185401267,0.6920293716122875,0.04003073892754107,0.0050536809345516865,0.026272991734764023,0.004961103280979451,0.028511960170976392,0.015355302406393262,0.6769652351625497,0.029309699741156638,0.010392739328448135,0.015126452631600241,0.017498114975691283,0.005587737311979597,0.005320985472828369,0.01301320675251256,0.01726230399844288,0.6650454390167881,0.46166496296422965,5.037126672918781,335.0340206589092,25.37264511902983,0.13132519062749376,0.019555153185241012,0.04469085366300242,0.020570679885675593,0.052442002574325734,0.07468457200864971,0.08600792301286724,0.09487745314011753,0.11975360788025828,7.130448310991506,7.645136691099967,4.727233632616019,7.195079901204129,6.7908873506464,6.283386842191342,5.5508200382208654,4.852470673208115,5.472785478805818,2.155588454260193,7.1292388661082375,7.645111681433232,4.727022376183014,7.195050495433694,6.790684858358196,6.282942974699608,5.550153667592755,4.85154304353063,5.4714751183229815,50.826046810028274,58.44773262158686,22.344740544934908,51.76875163184065,46.113400845535274,39.475372423327165,30.80420573389331,23.537469903230452,29.937039970427488,12.0,4
6183.940118537774,5.468552857556357,3.0,1362.101347695545,0.21801878441720096,91.0,364.0,0.00011304921,0.00090365893,0.002197802197802198,0.004395604395604396,0.006593406593406593,0.008791208791208791,0.01098901098901099,0.013186813186813187,0.015384615384615385,0.017582417582417582,0.01978021978021978,0.02197802197802198,0.9985065427780175,0.8791208791208791,1.7955000000000014,0.34708481362440924,0.000662889135,27.640763231003323,0.009615033966878156,0.6899624623335164,0.5226313231878752,0.6899624623335164,0.5226313231878752,0.09569926983729123,0.04676360457382224,0.2446542222762242,0.3012089618317863,0.24465422227622416,0.04676360457382224,0.09569926983729127,-15.46315097498874,14.229787867425756,48.590078455705424,61.45583415619555,-84.8715173361515,-102.94989639237377,61.795959505640326,55.34171147405039,10.142271540263426,56.07315422697901,112.47913141686868,86.41014171478031,35.42,0.03000911655096003,45.494505494505496,-0.31600748238448195,1.4924905645433955,0.4425450011348471,0.00934129565883259,0.00050503251,0.00033061235999999996,0.00039170504,-3.9457420000000014e-05,12.527472527472527,-16.31,127.0,18.0,51.730000000000004,128.0,12.087912087912088,3.6866078152685975,601.7455098865778,1.583598978844744,0.004027637631922617,16.859790877627752,0.0011863973619498053,-524810.9034547658,0.8217186390882246,2.3105214726289387,36.0,45.494505494505496,0.6593406593406593,0.757975553197331,-0.00016947360256026165,14.714133153274211,0.009403442633562742,0.15973515463015706,1.8859398970452161,0.1908091071199165,0.15283758227633842,0.06093023220907521,0.049388509455151164,0.07039112935939429,0.07762938337173612,0.07302661514221984,0.034901480236502594,0.02678377538990961,0.026161612191053167,0.03133178475133108,0.030112655642408698,0.9061519021021511,0.009755385455705966,0.016226775046616446,0.01680889934753128,0.018888117550512347,0.020076552961496342,0.013782121004307162,0.11775980519429588,0.019335260309946943,0.012120985263551072,0.018543505312339847,0.021548725506315793,0.020762735491366223,0.0208026724083711,0.004539845360419785,0.09351553847952811,0.0942476741984426,0.15815183811903463,3.673039130567019,200.9154305152206,13.491216454676524,0.06181885905366711,0.0954745610681205,0.0008294878527509555,0.04489692705418404,0.00016172902566746573,0.04131067605502319,0.07962706776805052,0.11041690767254143,0.114596453152814,3.9857535715093864,8.198768723857953,2.258610962224777,7.505069635239192,6.740810021056325,5.905435125544501,5.088142317093477,4.496314964310454,4.25742344654588,2.082669816011484,3.985274138809667,8.198212804965495,2.258610809907682,7.504935342541628,6.740810019116181,5.9052906321415435,5.08751921559772,4.494958994783173,4.255880878986557,15.88240996146513,67.21069319550021,5.101322790631834,56.32405449573042,45.43851971381709,34.87245745005867,25.882851769076037,20.204656364782153,18.112522056123385,11.0,4
16434.583598836172,12.165487507731223,22.0,3619.952334545412,0.6626475813046593,91.0,364.0,-0.46,0.00083073151,0.002197802197802198,0.004395604395604396,0.006593406593406593,0.008791208791208791,0.01098901098901099,0.013186813186813187,0.015384615384615385,0.017582417582417582,0.01978021978021978,0.02197802197802198,0.9995021809260058,0.43956043956043955,2.229999999999997,0.4030744266024251,0.0006956782534999999,7.15588569476696,0.26012406574763086,0.8906822790055078,0.2796637232894972,0.8906822790055078,0.2796637232894971,0.4726035200908181,0.5317813050409106,0.3300371765721169,0.21208324256088212,0.3300371765721169,0.5317813050409106,0.4726035200908181,-23.88485463282352,-79.21715476765887,144.24718998028922,112.746358354204,-1.0047590107939597,49.41402493086216,33.191046186774365,-31.79177566331422,-20.54382155218916,74.99555221599077,82.20410657707347,128.57010684623143,24.49,0.25105132310400063,43.956043956043956,-0.6793756424610173,3.1764145894764466,0.7551232533425057,0.03262260752033048,0.00040937009,0.00035118055600000004,0.00042949941000000006,1.3299781999999995e-05,14.725274725274724,-39.11,119.0,16.0,63.599999999999994,119.0,5.934065934065934,6.009988681643759,725.2286381327116,-0.012837235845048226,0.010798665765903511,16.754647074393834,0.0027232377606910183,-712790.9289432231,0.6282851659474683,2.1231225314034945,56.0,43.956043956043956,0.43956043956043955,0.5254054365064166,-0.00017167750078452958,14.39972895316339,0.05224916979940086,0.03775960254150106,6.348871790589512,0.5355127140367419,0.20901467951924407,0.1966006287478905,0.142566121366995,0.18923924201320938,0.17726145671982715,0.1698975721098969,0.2311415405704898,0.24084393372441912,0.22747712187523078,0.19910424176398836,0.1527955588197578,1.3168165560663394,0.12361064093489053,0.08540578901097468,0.06830496469368706,0.05830543028930709,0.04560565261246889,0.038008386064020724,0.33534880130737094,0.02627493540559189,0.023292946675774716,0.015812958476073266,0.025611264217233653,0.03216692962456247,0.037638894871508975,0.023046230156712977,0.42748480268551386,0.22820844734780396,0.5388866050019373,5.971466544318638,342.8259570174976,35.65841268991677,0.05461608942553009,0.15511574861571117,0.02518308249944721,0.11725566154632443,0.08827634702429087,0.07143033973492605,0.07013424409069387,0.0780540546584646,0.07464603637677666,3.7368776004986426,8.942026077717843,3.2833799164654325,7.745358420681446,6.607923647824391,5.66195358120003,5.044055914165485,4.725630525264138,4.43570030338252,2.1064169020841783,3.736478460246272,8.940680593730956,3.2832833396166676,7.744470813080536,6.607333972339589,5.661502986153871,5.043568305578267,4.724985865149184,4.43507216972633,13.961271283884354,79.93576947911734,10.779949488204377,59.976828174656305,43.656862222032856,32.0526160622292,25.43758125303363,22.325491425859582,19.669865150681012,7.0,3
13612.501218787522,9.790525673434425,21.0,2998.3482860765466,0.7845650608569225,91.0,364.0,9.8495498e-05,0.00090994433,0.002197802197802198,0.004395604395604396,0.006593406593406593,0.008791208791208791,0.01098901098901099,0.013186813186813187,0.015384615384615385,0.017582417582417582,0.01978021978021978,0.02197802197802198,0.9999999999999998,0.6593406593406593,-0.32349999999999746,0.42174910159145207,0.000724607175,15.074146554623141,0.12532993963146347,1.3086575333641393,0.0668098497168603,1.3086575333641393,0.06680984971686028,0.3270995616615032,0.31991938967625666,0.3657769246695143,0.37717557517829936,0.3657769246695143,0.31991938967625666,0.3270995616615032,14.681357408396606,-105.53435494322093,56.577110241483915,39.417146500568194,-35.74922965541728,-74.08508546450673,49.046671837492944,26.630615730418455,36.277369846401015,151.9442154301675,56.17922459054501,72.90859141314948,39.81,0.19679555017170094,38.9010989010989,0.41288552966585146,2.5065923241745707,0.6301640210214784,-0.03440375042061675,0.00051440351,0.00036098299,0.000472376896,1.5842384999999995e-05,11.868131868131869,-33.16,130.0,18.0,72.97,129.0,24.175824175824175,5.469696983950419,677.521053941394,1.4269101368885448,-0.00014747343398619205,14.205962350243574,0.027629834790605625,-801100.6380239138,0.6430326101701465,2.825049465855615,58.0,38.9010989010989,0.43956043956043955,0.8061230708268277,-0.00022509997139154056,12.434277787716681,0.10157651036087278,0.08835515266047532,4.895342552564529,0.41303069931421127,0.4507081370081332,0.3818941396797062,0.28403005415422555,0.22921863867006464,0.1960139381066232,0.17261891154785533,0.17393197740410535,0.17456794004217058,0.13481396730233486,0.10722076402481523,0.07708170319409302,0.9093705912157843,0.05038197110123822,0.03977806376489438,0.038337774285818214,0.03291710494547074,0.024059840357212148,0.025145138448906233,0.49823769806878754,0.017555256618108465,0.014436361073742934,0.008730125193588198,0.010936606779244037,0.00930780422022827,0.008041228741668367,0.004031726376389857,0.36046629066597496,0.3343067151535848,0.3679677753084785,5.454091183288823,286.0944655437512,29.74711063562887,0.04136271196686968,0.14993925600365954,0.026362383578806936,0.12383425712091733,0.10025314504043652,0.07950989265782307,0.06084188106315596,0.038723646432917265,0.0019957832266854383,5.0184916807000866,7.326736443731605,3.2715339062548794,6.677179533025262,6.223482954585388,5.851336517971242,5.385546768470765,4.8434019757892495,4.768695630470078,2.1360153058706457,5.018321220818245,7.32520205423809,3.2714276890231506,6.676031125827286,6.222675420823777,5.850796289695392,5.385203084461588,4.84324717294979,4.768695212834819,25.18354787531472,53.65858513541392,10.702239124507352,44.56939159301475,38.721689392924375,34.23181722351337,29.0004122608946,23.457043178286135,22.74045403291372,7.0,3
12189.704018284932,9.461282581406099,16.0,2684.956832221351,0.555020906753224,91.0,364.0,5.9261588e-05,0.00089072237,0.002197802197802198,0.004395604395604396,0.006593406593406593,0.008791208791208791,0.01098901098901099,0.013186813186813187,0.015384615384615385,0.017582417582417582,0.01978021978021978,0.02197802197802198,0.9975109046300298,0.8791208791208791,-2.1485000000000003,0.5021969699322933,0.0006991430150000001,10.387695595223457,0.1858277759772804,0.8488567798968778,0.25995217252049996,0.8488567798968778,0.25995217252049996,0.2727280829812323,0.30783638919485,0.6219070943842577,0.002310045763186293,0.6219070943842577,0.30783638919485,0.2727280829812323,-14.140699785162695,-67.64383332816791,95.69792200405601,32.82173398149856,-68.03990957668687,-64.00021419491584,99.92528445787113,-86.77058439114849,188.14917442591755,155.14417143897202,102.53372546548216,108.11708932390597,29.57,0.11231606397007936,42.857142857142854,-0.08922339654814353,2.207633811217519,0.7596066117874947,-0.04539605096922907,0.00048415905,0.00035132952,0.00044778106000000005,-2.304290000000017e-06,13.626373626373626,-28.1,130.0,17.0,57.67,131.0,40.65934065934066,5.175959648407714,736.5489477972989,1.1663649999598225,0.002437017340302067,16.861912217700247,0.06061685906062826,-633643.5005685359,0.6866152036466731,2.2688088020786665,54.0,42.857142857142854,0.6593406593406593,0.6104307214620672,-0.0001694291375754025,13.84989017197582,0.07740798277433902,0.1619053512010445,5.4999404280502535,0.2622265834151368,0.36620545499270335,0.2626601730966708,0.23741413030155079,0.24462866800069613,0.17166218740725728,0.22709186453763086,0.2397534401356112,0.21003196859300793,0.14145820693745725,0.10241081673824033,0.06078345823261291,0.8699777647058651,0.03200186999803541,0.03502637703539189,0.0452766010932175,0.06979800707732031,0.0794139319729662,0.09737982880663551,0.16847625530759275,0.08277464395167078,0.07979279929410768,0.05596223975935544,0.04389244044132854,0.02860236418478855,0.024539941836895438,0.012857245539351393,0.1708812135442698,0.1738869370288191,0.17092955383237518,5.175190573056544,344.8614017515226,26.782597467453318,0.11143367112249451,0.162162897668871,0.036969134960214325,0.17593727064557974,0.1813857822187911,0.17825629722743686,0.1684858529940675,0.15920605614210967,0.1514584822342642,4.7258547696029805,7.975483171546963,3.214999232250012,6.927030407444488,5.945217767457133,5.016633811883452,4.182742704282853,3.6837090315498022,4.062232018638256,2.1017346486803343,4.724540807350424,7.973834398471569,3.214786671993721,6.9247957617866485,5.942450126042023,5.013465816681217,4.17934792133561,3.6802670637888837,4.059407506202,22.321285840319394,63.58203501424844,10.334853346428464,47.952796342458335,35.312713500496855,25.13483949503106,17.46694904757229,13.544365660809252,16.478789301409137,6.0,3
12916.067217979202,9.125981907665393,11.0,2844.948726427137,0.41597423156196117,91.0,364.0,2.7170586e-05,0.00085556628,0.002197802197802198,0.004395604395604396,0.006593406593406593,0.008791208791208791,0.01098901098901099,0.013186813186813187,0.015384615384615385,0.017582417582417582,0.01978021978021978,0.02197802197802198,0.9995021809260058,0.8791208791208791,0.14349999999999596,0.405061157917657,0.0006926465035,13.929099641600835,0.08940191354355678,1.087876307935278,0.07017111830278717,1.087876307935278,0.07017111830278719,0.328789975911322,0.09259733238531916,0.5384091800137505,0.3251757854269288,0.5384091800137505,0.09259733238531916,0.32878997591132203,6.835897251907301,-104.1869919806948,24.20107199150728,42.62169723692574,-65.98996280439678,-104.18676287545719,121.54846848163149,36.64036768727627,110.89672920531747,112.64024083314088,168.78748745701392,32.371331813638875,32.98,0.06024142462715295,40.0,-0.48197007714068324,2.409881997564267,0.6172799160648758,-0.04098932099361236,0.00044914743,0.00035127136,0.00043505510499999996,-1.8798924999999982e-05,13.406593406593407,-39.99,128.0,16.0,72.97,128.0,7.252747252747253,5.327941527328881,679.0733923098767,0.006104858874221902,0.006064371824744775,15.119604414781842,0.0031956892134785506,-801052.5754412365,0.7197464281851205,2.730299228560855,47.0,40.0,0.43956043956043955,0.7241025459490724,-0.0002059493028621494,12.4035044483898,0.04039832953569611,0.20312712031573518,4.460819440904929,0.23618686374060832,0.3164446623358608,0.22036189533837958,0.12346153291191724,0.11341323903779857,0.08143706219939678,0.09493152760055108,0.12096981479254629,0.1211042267768557,0.06824330357065489,0.03121754417352955,0.018573741425028975,1.428094191078475,0.017934125422416035,0.03225724506449162,0.026528843551558365,0.015078428459146743,0.009339889078514525,0.011056756658707444,0.20635642019694775,0.009916345649280029,0.014475924696925973,0.009154387804838755,0.010758847454374935,0.004091165010986528,0.0044762586662914355,0.0015440502489222868,0.2824406568357002,0.4627916951806265,0.44682633163947455,5.306097036747124,280.2450818934536,28.154665763376613,0.10576159231869164,0.048414476725590835,0.03760050082465269,0.07769223162056918,0.09749697958888776,0.10580287990229982,0.10185071901988317,0.0931332565552817,0.09836919064904077,5.271574032764641,9.205527475961885,3.641719213911021,8.56057128047433,7.776294812180618,6.75782190235869,5.525148966458179,4.371123092871163,4.289151932172671,2.083819258978368,5.270512998609212,9.205400162357563,3.641525097442888,8.560218721810074,7.775683593415966,6.756993607707735,5.524210127483297,4.37013080920411,4.288023763879068,27.778307268508673,84.73939214913264,13.260705035306435,73.2773445652277,60.461255344918236,45.656962614603195,30.51689753258902,19.09804328955497,18.38714779959161,6.0,3
13536.48990931447,9.973338581863892,20.0,2981.6057068974605,0.4677917059995038,91.0,364.0,6.9457892e-05,0.00090510075,0.002197802197802198,0.004395604395604396,0.006593406593406593,0.008791208791208791,0.01098901098901099,0.013186813186813187,0.015384615384615385,0.017582417582417582,0.01978021978021978,0.02197802197802198,0.9990043618520116,0.6593406593406593,-2.4194999999999993,0.45834161444201404,0.0006903075749999999,11.882334334618632,0.13964913060784356,1.4851145149752463,0.13819338276112086,1.4851145149752463,0.13819338276112086,0.10983905781796013,0.5174987333926986,0.4632363064858679,0.08340844663462571,0.4632363064858679,0.5174987333926986,0.10983905781796013,27.774088642651414,-100.63352265460502,14.304403234693021,77.56748320991463,-122.72660170024459,96.53808115537377,-24.427212882197278,-64.93434778214679,139.99933376701412,-23.957066153411603,60.90651378664357,110.85133691462599,28.32,0.10560676052307864,39.12087912087912,-0.15937566727743013,2.3449641009297664,0.4905428192195802,-0.062377915408017626,0.00047004111,0.0003524528,0.000416061839,-1.2315955000000026e-05,11.428571428571429,-39.99,129.0,15.0,68.31,129.0,3.956043956043956,5.454404392160396,619.2494718578473,-0.36116385203605933,0.005290458376514939,13.621965520722574,0.07317892517051955,-837330.5899063316,0.6301809583351945,3.2279346435975897,40.0,39.12087912087912,0.43956043956043955,0.879434961225979,-0.00023734101209934143,11.92536323157305,0.06641110252878357,0.1509575572310978,2.7914327773599323,0.23520291688663403,0.05354557848963138,0.013254065157550822,0.005515513907134138,0.026154318781672837,0.014134271114668698,0.015116866612437956,0.027606804266787393,0.017261380101334756,0.015075082332102396,0.022662386470535277,0.019652999372604667,0.842551267908095,0.012736136097144978,0.013405322764428759,0.008671413288940565,0.005428677574543124,0.010409640669848385,0.0019383074197205695,0.28143701404595417,0.0014081684205249044,0.005696788639074399,0.0004908507004919894,0.0011991089881530615,0.00017659965516484614,0.000259252726447139,0.0006513726210945331,0.1059801202236775,0.058627113480764145,0.012577249770746207,5.452075446093763,222.7064399256894,29.725126669898497,0.036735197883437244,0.41259733123244247,0.04629207283689651,0.35581321352344963,0.30411119431563793,0.25398969482011724,0.19926693896521572,0.13286088620053377,0.051003670074704834,4.354842166753368,7.823769774309231,3.1141836241870426,6.932219479208711,6.09693625484982,5.360844615256845,4.830005720333747,4.533995016598982,4.415555816414955,2.105085458924991,4.354687224424922,7.812882753737867,3.1138395413295155,6.923081962897942,6.089347097776088,5.354824387769733,4.8258934867537375,4.5320479692366895,4.415261237289913,18.963300822569632,61.0411369236546,9.695996689147206,47.92906386500282,37.08014807719407,28.67414422385349,23.289247945492146,20.539458795462405,19.494531793514852,4.0,3
15635.337208367291,11.30164376289627,19.0,3443.906874089712,0.6417240285209896,91.0,364.0,2.6449365e-05,0.00090922458,0.002197802197802198,0.004395604395604396,0.006593406593406593,0.008791208791208791,0.01098901098901099,0.013186813186813187,0.015384615384615385,0.017582417582417582,0.01978021978021978,0.02197802197802198,0.9973230059313812,0.6593406593406593,2.626999999999992,0.4330987744921244,0.000758435045,8.928919725326907,0.1549692850844353,1.0977745632657545,0.04805113871214835,1.0977745632657545,0.04805113871214835,0.2755816519139105,0.4105552524660293,0.4357546628945358,0.43678233845931436,0.4357546628945358,0.4105552524660293,0.2755816519139105,-0.9752975392828551,-117.1425805557454,51.8543527118332,103.03535895631825,-50.24254868056216,27.52871041194033,-22.16424430159408,76.16165800386194,134.09019297538973,31.47970136892581,97.48628222330383,99.18107297654498,24.81,0.2286288259751506,41.53846153846154,0.011801695572575132,2.5604637435463324,0.7831622812842745,0.0012572475590088158,0.00045226854,0.00038479403,0.00047900430999999995,2.8836339999999963e-05,14.725274725274724,-38.57,127.0,17.0,63.379999999999995,128.0,29.67032967032967,5.862028529436556,743.9856740470022,0.24929187515210613,0.0036429104015573035,15.985203047694643,0.08715246064234859,-769754.8917714402,0.665250093599988,2.5264690939886503,63.0,41.53846153846154,0.43956043956043955,0.5951693467178699,-0.000187805663091377,12.878613593650888,0.0876760442930814,0.10392260313043081,5.482392837062065,0.14262585492676938,0.2708344842635859,0.3186391411990152,0.35469463797051204,0.49178184108128364,0.40556489837545534,0.43501063478925245,0.4693885146631839,0.366136363997972,0.3446122321755327,0.2548607328022785,0.21028711468756595,1.2679295184322874,0.1791738693793065,0.10428005981582741,0.08890230591661795,0.048531916951321634,0.0364726000025781,0.026884434706131836,0.5528339845039142,0.028161856390917558,0.028450634659751745,0.029671377978445074,0.033215461630553035,0.026858764936597657,0.031190170071299286,0.014153206236281739,0.13397101967913316,0.13629293149627703,0.3628395631838262,5.862016649576298,355.5556757030606,34.36323919990973,0.07546846782289418,0.04615700624665487,0.008602737467636025,0.011945232611726706,0.020750387585533943,0.05226891310826058,0.08281900985941135,0.10994758465499302,0.11995350653119151,4.699092210091522,8.488944895412384,3.8655961018526357,7.479621894738083,6.533656554610359,5.673901784950252,4.922316260256255,4.3558435580266694,4.222298237027764,2.1019326300602703,4.698486150805096,8.488819409559985,3.865586529307856,7.479612356243014,6.533623603714707,5.673661024945369,4.921619487281502,4.35445572151457,4.22059398173748,22.075772109307294,72.06005496812233,14.942759215566358,55.94460099966318,42.68823739501796,32.19042942598414,24.222338377589036,18.961284630630974,17.813413558678633,7.0,3
23472.021072954914,21.542491277303245,42.0,5170.048694483461,0.9798430888731107,91.0,364.0,-9.2,0.00058969884,0.002197802197802198,0.004395604395604396,0.006593406593406593,0.008791208791208791,0.01098901098901099,0.013186813186813187,0.015384615384615385,0.017582417582417582,0.01978021978021978,0.02197802197802198,0.9638935185846271,0.21978021978021978,1.0874999999999995,0.11016907583286578,8.860537098375,17.204978798396667,0.2584581607721975,1.7270917087270874,1.0836962699077435,1.7270917087270874,1.0836962699077435,0.07570553199576269,0.3402435339947916,0.3779326362303461,0.5372558995450756,0.3779326362303461,0.3402435339947916,0.07570553199576253,37.608871155862225,69.54988469789706,-2.7846036088574158,32.063719910086604,-214.4789140692265,-27.13712379853563,-54.91471507436458,45.087308934431114,-20.67535016905523,-55.36537783819842,43.385030889663206,-44.76380917676668,39.99,1.4377613104935898,42.417582417582416,-4.052682484128101,4.80959035621729,0.3506056958621886,-0.02629805290136563,1.8828123e-05,4.390018828123,0.009999999999999787,0.0,5.4945054945054945,-11.88,109.0,13.0,51.870000000000005,109.0,1.978021978021978,7.182399285823632,554.3896261532617,2.6296030666189596,0.021878540038931693,9.531964172591632,-0.6218396293031525,-1139157.0503565427,0.5002169103181671,6.0455166477004845,96.0,42.417582417582416,0.0,1.8547025602175355,-0.0003230707121021569,11.830800897146375,0.1293410414354258,0.3249740372885004,1.43649639903295,0.07084575863868622,0.07065713781770194,0.08795170464363077,0.08719387214696839,0.07965387191888432,0.06423849790649079,0.04118921210433349,0.026751465682834007,0.015253666881817871,0.007488001773615692,0.003283772763916126,0.0015917029753441374,0.549805044418445,0.0007832134547062712,0.001474458904828911,0.0032129290298124995,0.0026086024827759358,0.0023897326823785797,0.0030710942325544387,0.3340820026713228,0.002991905406901688,0.0040741414777537635,0.0051017397049200755,0.005178330408863868,0.006457447395064708,0.006070618841454068,0.0025627587319848872,0.11557609328020645,0.045698703524385265,0.0446407541267889,5.929808106831207,159.17498592143363,35.16262418384111,0.13947966445833068,0.17108314339782363,0.02648809873220048,0.22690230300638564,0.27219991123516657,0.30426834248550944,0.31877961461246374,0.30760848534430296,0.25429732859739906,4.477392171806485,8.688077479852716,2.0507095848863375,8.25548553769218,7.8321398172595,7.391928644315721,6.8719795987317,6.208986376647418,5.445791180185259,2.0708510441262136,4.4752191100946765,8.686392856299385,2.050538510287053,8.252366739786542,7.827408340276188,7.38566380621379,6.864581790807961,6.201361854071847,5.43985059048976,20.027586083356585,75.45342085396899,4.204708182170246,68.10155680793515,61.26832132542523,54.54802985841637,47.122483162692234,38.45688884513742,29.591974446851793,4.0,1
18190.956078255986,18.4991932641183,64.0,4006.818519439644,0.9992214006400226,91.0,364.0,-9.34,0.00065027715,0.002197802197802198,0.004395604395604396,0.006593406593406593,0.008791208791208791,0.01098901098901099,0.013186813186813187,0.015384615384615385,0.017582417582417582,0.01978021978021978,0.02197802197802198,0.9723315853745984,0.21978021978021978,-0.9275000000000011,0.08604291568874722,8.8355609007,3.9066673100163207,0.273660840454639,1.3400086763208983,0.49255024679901693,1.3400086763208983,0.49255024679901693,0.27633208800209613,0.7626424486870256,0.486669153253082,0.6302494715196919,0.4866691532530821,0.7626424486870256,0.2763320880020962,5.428921315289982,-54.966545789018056,53.87892511131702,17.675968605638012,-103.65256120441582,74.29918098703347,-106.30981643448465,97.89502448946509,137.17174637971715,68.36838214703322,53.248466779147215,-10.70825185366788,30.43,1.7538260141052433,43.51648351648352,-3.6168350880653835,4.649616101500862,0.4406849201279854,0.003966018960440512,0.00013726613,0.0007564202100000001,0.00074383667235,1.6208114999999952e-05,7.6923076923076925,-11.38,123.0,16.0,41.81,124.0,2.1978021978021975,6.322983729926422,597.2640480940545,0.7406738875570524,0.023203239792114524,12.22234438073107,-0.641067968116723,-812858.7020152442,0.4204836173436208,3.36085575473975,88.0,43.51648351648352,0.0,1.1216424408965229,-0.0002666781908031829,13.513395761231495,0.09932105294035243,0.0178949738361426,3.2874277104106433,0.1768679164342697,0.22385482652681576,0.2389034256017376,0.22922793302700728,0.16607792754838355,0.11922318922053209,0.08489001590637228,0.06000700591621958,0.0537706741225627,0.05659403907395818,0.05384892299779836,0.04094332544863405,0.9356914256153013,0.03087681382996127,0.024282846829774277,0.01946459055067058,0.01407794302500248,0.0061861455503270674,0.0028109905431045225,0.36090700980963286,0.003916606613112879,0.008655299311068227,0.012559488090999243,0.01609112827798704,0.02174980401964734,0.02702475531512781,0.0156064950492088,0.2035362786230221,0.26209581159660084,0.21639822021049573,5.1863886467033415,200.07095373810537,26.898627194653322,0.023150645275180164,0.18705670306470917,0.0004650535678711034,0.20251301020909254,0.19779792868013213,0.17221800795852704,0.1302666808285697,0.08470533326631657,0.0509644122936297,3.1276821227909717,6.912076284302513,2.0153782607464104,6.2809413272214965,5.60838942164992,4.905327237141204,4.18658216145954,3.494603919977513,3.082990789606946,2.0588077861850644,3.1275964427735206,6.909544728117461,2.0153782070902735,6.277675719300494,5.604900345615841,4.902303158840153,4.184555028496715,3.4935771873594614,3.082569518677693,9.78185950884958,47.7418083498558,4.061749317614406,39.40921243669498,31.414907884284574,24.03257626117415,17.510500786517145,12.205081564038444,9.502234837480826,5.0,1
18541.375179495888,18.893414161764603,70.0,4084.003343501297,1.020120426448564,91.0,364.0,-9.31,0.00066298907,0.002197802197802198,0.004395604395604396,0.006593406593406593,0.008791208791208791,0.01098901098901099,0.013186813186813187,0.015384615384615385,0.017582417582417582,0.01978021978021978,0.02197802197802198,0.9771564672510217,0.21978021978021978,0.29749999999999943,0.08279171544982818,9.045565710455,3.1129945026022288,0.2802052224809206,1.6059685774784507,0.5878083291724749,1.6059685774784507,0.5878083291724749,0.4580594337774387,0.16434654886625893,0.9292345511730118,0.6134507257602246,0.9292345511730119,0.16434654886625893,0.45805943377743885,27.79260216579693,-54.76602503464875,-47.21177224967203,23.39774105792889,-114.23784270029803,-177.91918341774218,249.91171073197137,24.915765987453874,20.822631177525647,92.75401339705373,117.43640925083255,-64.38533693472142,28.28,1.8034455816114416,37.362637362637365,-3.752062093171131,4.692333317531686,0.4090388629094699,-0.004317159872179535,0.00013947722,0.00079738274,0.000746613385,3.905444000000004e-05,6.593406593406593,-14.77,113.0,16.0,43.05,115.0,2.4175824175824174,6.383594216409058,581.7450308222649,0.6411007726995309,0.023776946463752915,10.46026053761329,-0.72630463860916,-869426.8651157242,0.40889976863659006,3.919414087814241,97.0,37.362637362637365,0.0,1.2277660383931377,-0.00030361287771210745,11.605195986782977,0.10730031050823363,0.027279444000178607,2.6190299656753964,0.23683895802517485,0.32442740745711574,0.37268242489954023,0.2600604960686615,0.22725042566724563,0.18159203730413273,0.13826605631963845,0.0851029263282189,0.03136392623261238,0.00813669961494602,0.003207958548468368,0.0018481046359715746,0.9956703947421471,0.00391116373919508,0.007143993279919236,0.00882319599840939,0.009314681228495112,0.011206235065066626,0.010612113907331421,0.4166251627683956,0.009051931360788634,0.007573139642286454,0.005755068476590685,0.003863612803164769,0.0018052603166951204,0.0018213213481130508,0.0003023692719466926,0.2239186735275846,0.11457593095706248,0.12132111547773507,5.164523711704638,185.70364376089933,26.67230516875945,0.024117158932866044,0.13654017760901935,0.003993422005763699,0.14930940808265444,0.1425571795168426,0.11813846628296434,0.08362969159877272,0.05369490275896113,0.03993260147036333,3.4429865633781733,6.367434370496429,2.1996857742479183,5.781817717511355,5.19056477945023,4.589701972362838,3.9654817298728036,3.3140529278536865,2.9726724209327333,2.087103419799876,3.4429020953619425,6.365970251460319,2.199682149313702,5.779889516174702,5.188606766776359,4.58818128433213,3.964599781142871,3.313617911895289,2.9724041968604955,11.853574838247653,40.52557724247776,4.838601558009348,33.40712281918623,26.921640180237425,21.05140749789563,15.7180514246381,10.980063666033296,8.835186709513888,6.0,1
17096.709382142984,18.625270030734328,90.0,3765.7950180931684,1.148774978579913,91.0,364.0,-9.36,0.00065514994,0.002197802197802198,0.004395604395604396,0.006593406593406593,0.008791208791208791,0.01098901098901099,0.013186813186813187,0.015384615384615385,0.017582417582417582,0.01978021978021978,0.02197802197802198,0.9714677012705122,0.21978021978021978,-0.038000000000000256,0.06788223210418494,8.845579096375,-1.7066687308531574,0.4429224234695622,1.7099643886260072,0.6682937327687754,1.7099643886260074,0.6682937327687754,0.6557397399755736,0.9232260987406496,0.4322049870413585,0.5968783353181029,0.4322049870413585,0.9232260987406496,0.6557397399755736,16.445272559300072,-58.48864616008351,161.0171772393134,-29.189009920898577,9.979570124086015,-3.996025153783835,-34.300100957900526,-33.59539251170962,-70.76673040875492,154.4231660596071,-119.24256439372682,68.51099089707236,6.43,2.2378768572799626,35.16483516483517,-3.9632670913798624,4.545743216369352,0.24454882932391364,0.018217934243083704,0.00012112429,0.00082838224,0.00068733964,0.0,1.7582417582417582,-12.05,108.0,17.0,18.48,109.0,2.1978021978021975,6.129860149730931,510.3323104396996,-0.23342979966241817,0.025348633372635376,7.837690208218005,-1.2601128052880903,-699760.3313556802,0.24795916250045047,5.029898228322606,98.0,35.16483516483517,0.0,1.689332071699348,-0.00035858404970893023,11.561269935162736,0.12140408589235041,0.009482213597261544,1.769002543919548,0.03848729440978599,0.018056273627941263,0.013222548756875232,0.007401154543491731,0.009771777857518354,0.00831585221198313,0.018449845787896626,0.015932631562165324,0.019486178905528714,0.013880153740697815,0.011408584188903765,0.007933367723881686,0.5573292491892973,0.006959239101123399,0.004275114094834665,0.003831535904488646,0.004053650885371252,0.0023030988312192488,0.002053518756436285,0.221720546947879,0.0013745231726139946,0.001015138772989323,0.0010233357213884427,0.0009989065761854253,0.0006514464597929696,0.0010163747699290498,0.00034876360561927384,0.06402084469950652,0.025502564624475123,0.06652351892760618,4.676291203255494,111.0251685130568,21.86769941764472,0.02807956060080332,0.01494480821213872,0.013695851510153545,0.0331172203109444,0.03841797673273845,0.03252623519442595,0.017742331239074236,0.0025514273313469804,0.021803084313077908,1.5246013515711005,5.246767080081707,0.8054374945351623,4.660095228241205,4.0653317816864725,3.4809423958009678,2.918565136974679,2.402535021914528,2.011196455149235,2.040519082792878,1.5243427500037163,5.246745795761085,0.8053210423517391,4.6599775520913544,4.065150249898996,3.4807904284671696,2.9185112075245194,2.402533667140674,2.0110782696651284,2.3236208194888923,27.528341445336622,0.6485419812544916,21.71539078599533,16.525446554253865,12.11590200690866,8.517707668446228,5.772168021744413,4.044435806719287,5.0,1
19387.7916894534,17.99649204680354,51.0,4270.4386981174885,0.8850423219289149,91.0,364.0,-9.08,0.00068643527,0.002197802197802198,0.004395604395604396,0.006593406593406593,0.008791208791208791,0.01098901098901099,0.013186813186813187,0.015384615384615385,0.017582417582417582,0.01978021978021978,0.02197802197802198,0.9809511211443255,0.21978021978021978,-1.8149999999999995,0.07543943464519007,8.72562057628,14.03909052815462,0.36691986024256923,1.3870534958524936,0.22292670424482885,1.387053495852494,0.22292670424482885,0.4435017094158636,0.5127480974829705,0.6021003068134851,0.020423158179931844,0.6021003068134851,0.5127480974829705,0.44350170941586364,13.324587329943608,-103.67851944825895,40.846241815596386,76.10094275177923,-35.16919298839236,88.48232855480636,78.28479199678661,-110.31987080666168,51.56705392242899,-73.08472775981777,86.90260852994666,67.91492511937462,39.99,1.381047620446836,39.56043956043956,-3.3826931629364205,4.641941823546207,0.5955691873523536,0.018966547064207036,0.00020922606,0.00067773654,0.00066656156,3.461037000000001e-05,10.10989010989011,-15.75,116.0,16.0,55.74,116.0,8.351648351648352,6.527674255476591,663.5023193476071,1.8384527906547625,0.023391073490837078,13.49022772221793,-0.4575673637315815,-909779.1459249344,0.5481658510617534,2.716253299372447,90.0,39.56043956043956,0.0,0.7703415535635877,-0.0002401023417380211,12.672507672441512,0.10833102037055942,0.002097384300514921,4.029892002369149,0.2915544641982256,0.22495146001180505,0.25161457159334377,0.296858332084688,0.3585663062949793,0.39677262622161097,0.40882783640752807,0.3764328800084464,0.3290223704027787,0.2540592441282863,0.1747088108369143,0.10964590302173177,1.0584759873200955,0.06060247880294579,0.026325244033780636,0.013844299406717041,0.0053344393956988095,0.001689120201907817,0.007306232819980363,0.8636820367814984,0.010620526405874187,0.013312613613438318,0.01610751759079443,0.01871783856925242,0.010967742212798209,0.008638995080437348,0.005577888573387655,0.562571425463661,0.4030948677461914,0.36093682503754526,5.58282349273511,270.38841105796854,31.167918151035053,0.01843066088005008,0.16977841044909522,0.013163102283730906,0.19323861043685608,0.19630815134875323,0.17470264854217912,0.1260390681784279,0.05901507560747365,0.0015267700497266752,3.767837752610262,7.249361558044209,3.2215433514020497,6.838802873687934,6.475248886473614,6.1745128122343225,5.91041292528575,5.537616796782635,4.798486921742204,2.1179147876958146,3.767792674860797,7.247373199345714,3.2215164593248655,6.8360722337171635,6.472272495151283,6.172040785108128,5.9090688861002105,5.537302322328104,4.798486678850343,14.19626164073468,52.52441829059453,10.378168297701018,46.73188358459877,41.89031125149181,38.094087453038156,34.91709510067758,30.661717008860215,23.025474407104195,7.0,1
20409.704876713888,20.347887007267353,63.0,4495.529708527288,1.1326678153198446,91.0,364.0,-9.29,0.00067810276,0.002197802197802198,0.004395604395604396,0.006593406593406593,0.008791208791208791,0.01098901098901099,0.013186813186813187,0.015384615384615385,0.017582417582417582,0.01978021978021978,0.02197802197802198,0.9621873051960698,0.21978021978021978,1.8145000000000024,0.07630474557740786,9.095589669445,3.1478692782331485,0.30133007844203763,0.7952070058331902,0.6406140226253962,0.7952070058331902,0.6406140226253962,0.21605715566101216,0.5386292473042467,0.6703391720775805,0.5082099805380307,0.6703391720775806,0.5386292473042467,0.2160571556610122,-31.35539897035344,-5.604225772067581,26.33524850179067,62.286219600029,-93.38061967536645,29.510461501062824,127.7072706961252,48.369803829470364,62.840424147763066,86.2670509414016,33.765161297405825,12.812013599023626,29.87,1.6969175067318796,46.59340659340659,-3.9227820289742836,4.876357529553182,0.6316927542162692,0.012489528409008762,7.5442894e-05,0.41992455710599996,0.00087646618032,0.0,11.648351648351648,-21.14,110.0,15.0,51.010000000000005,111.0,32.08791208791209,6.697499102988817,682.3500596361207,0.7365254088678544,0.02349466715520055,15.869819806137093,-0.5820789484687875,-699795.508273703,0.4878462593549311,2.188353829468896,107.0,46.59340659340659,0.0,0.7246302203354836,-0.00019022418813382014,15.856972230151035,0.14892342980932705,0.05215398799731817,2.2301164863308385,0.10783128319264368,0.1739438717093156,0.29199132615326767,0.3014471514728261,0.3154114027007049,0.2707820029900591,0.2157644010301235,0.14435855216078283,0.104269892474526,0.08059511172188932,0.057329808603530576,0.042837153452796824,1.0511395054597064,0.04091373808145881,0.04617160597360332,0.05446830116594549,0.05852452292151591,0.06720522900552803,0.08104895218596732,0.3462434133492014,0.10070213883757016,0.11970635969429942,0.12905387937504878,0.13098197799439837,0.1346681136104252,0.1370953138589783,0.06997405536583912,0.16791186297305105,0.07141063927091387,0.08949732663910358,5.428468972711589,286.78851041418625,29.468275387692415,0.012309758269046475,0.1828092582363994,0.008801941591398781,0.17080457418607997,0.14035849339073314,0.09769111893117781,0.05341998014203281,0.018955055097391933,0.0018209917208910492,3.168625128933423,7.260593056644274,2.4294081192953216,6.838461880959293,6.387986111546788,5.863465556374087,5.202519584567817,4.364410040788411,3.486833401903941,2.096232005502599,3.168601217818315,7.258291280273485,2.4293921741707845,6.836328451352409,6.386443928717117,5.862651684695864,5.20224531654682,4.364368878775138,3.4868329263992797,10.04003367755971,52.68279230929411,5.9019463359222515,46.73538669477042,40.78666605464773,34.37068477606726,27.063356333533324,19.047715710020956,12.158003856622164,9.0,1
22046.08498075658,19.76890194689895,41.0,4855.965854792198,0.9014816271582924,91.0,364.0,-9.24,0.00071989394,0.002197802197802198,0.004395604395604396,0.006593406593406593,0.008791208791208791,0.01098901098901099,0.013186813186813187,0.015384615384615385,0.017582417582417582,0.01978021978021978,0.02197802197802198,0.9710508843191917,0.21978021978021978,0.04350000000000165,0.08323055626167764,8.960553081615,11.496262139293878,0.36355538253532427,0.913742575583679,0.4296049947412142,0.913742575583679,0.4296049947412142,0.24634471487026566,0.6753383851920655,0.5012166366919657,0.14475809663480926,0.5012166366919657,0.6753383851920655,0.24634471487026569,-21.249625360425018,-39.60548061280421,99.13949579092011,36.021531845323096,-61.93969179413749,57.14027534668064,112.64915309262183,-84.11450453452959,28.787729763904554,167.47452988598008,-26.368173452375245,83.27996739348903,39.77,1.3849982456069092,45.27472527472528,-3.6889443600272527,4.903775897646612,0.6875369988886463,0.005903618932621107,9.7250971e-05,0.000844940319,0.0007403485475,5.345046499999998e-05,12.967032967032967,-32.46,116.0,18.0,72.23,117.0,7.252747252747253,6.960814178215134,703.720436941273,1.461090106405433,0.022953238750378132,16.27649065416138,-0.42501617932171587,-814542.5910352243,0.5885244442991872,2.210854652201219,100.0,45.27472527472528,0.0,0.6428613637964781,-0.00018170004184791622,14.957228354200833,0.1066078079476418,0.01317284183865058,3.2267019875566203,0.2825605356778398,0.23060072343508015,0.24603203750201477,0.23705713562448333,0.32554607223575555,0.4134124260273882,0.4504123710916032,0.4462492371982355,0.41238571833455023,0.3127258433714209,0.19631191303471954,0.09797430429057481,1.8388285113187086,0.034521064228868054,0.02704635455419171,0.06324616303121271,0.11423198465619856,0.15044569868282615,0.14913579139936076,0.9160973527571402,0.12193423805330758,0.08494104252575409,0.061533528398017304,0.06517321081267391,0.0861964386061028,0.11556708484524443,0.06731584700491057,0.6387297660451405,0.43421025348304,0.393683818537162,5.902933468392131,312.1417974954454,34.84462353226395,0.011088989076276012,0.26018974807414214,0.0012316362984082696,0.2638000479825988,0.23946281061915498,0.18824633264694063,0.12166946139134406,0.06222692190585644,0.030030270572924254,3.9955014605259382,8.148448302552959,3.305955318114818,7.734161080648663,7.299377455613075,6.825841396370287,6.267364370313188,5.560683180229187,4.746007725320008,2.103506537721172,3.995486072480565,8.14429315744315,3.305955088691266,7.729660869411081,7.295448499019289,6.823245128723374,6.266183263553339,5.560334993601906,4.74591271639571,15.963908955386172,66.32951103437532,10.929339048443675,59.74765715610487,53.2235688018428,46.556674086647256,39.26505269243597,30.917325241073907,22.52368751164651,7.0,1
16459.69288135368,17.73542235463419,96.0,3625.4830135140264,1.0559056376708156,91.0,364.0,-9.31,0.00065340561,0.002197802197802198,0.004395604395604396,0.006593406593406593,0.008791208791208791,0.01098901098901099,0.013186813186813187,0.015384615384615385,0.017582417582417582,0.01978021978021978,0.02197802197802198,0.9721123994891308,0.21978021978021978,-0.9025000000000007,0.06932233720149104,9.04553859892,-1.666311191311947,0.3975770307080709,1.5831431376916107,1.090523915659195,1.5831431376916107,1.090523915659195,0.3199195130464916,0.6077969333364981,0.6714921382241379,0.8618749630697444,0.6714921382241379,0.6077969333364981,0.31991951304649163,15.62195657918091,20.763706000802593,45.85266403933286,-19.24382723838225,-141.28329589615007,-38.83345661280088,-36.63376178294876,76.20976158901755,51.57800179783686,32.603259114890015,-2.843942153223079,34.602904947428705,7.85,2.160905655500813,38.24175824175824,-3.818851394024097,4.500788499962186,0.22702273929155994,-0.001364127774317184,0.00011877749,0.00078942792,0.0006768076249999999,4.273384999999984e-06,1.3186813186813187,-11.6,114.0,15.0,19.45,117.0,2.6373626373626373,6.014578055839687,503.7909840043989,-0.34236555044825356,0.026747823320433687,7.3764595704860785,-1.2688215496966053,-684560.2255802909,0.2481567428662104,6.578978082841339,91.0,38.24175824175824,0.0,2.035475243353679,-0.00036825181283153536,11.660556390113321,0.11204489975594079,0.015306265192704697,2.137047031738526,0.08657359308787678,0.029604123505111084,0.03286332143461596,0.022851312943323897,0.02941266741827823,0.0176587669134811,0.009678893856055866,0.006878349587303928,0.0047834204408498384,0.0031567099475717677,0.0013768948998484488,0.0010373975515647837,0.4374412466516706,0.0012885308752480687,0.001134474998629359,0.0009787766197466412,0.0008949771602047026,0.0010214641228426925,0.0016394857759402734,0.16034656057314153,0.0022542497284479953,0.0021643361012887814,0.0028511669790112527,0.003637534095941876,0.004600926698026509,0.004374661078453122,0.0018697242597480465,0.07255914810265038,0.06252444367215396,0.10028163855255946,4.646667969647553,103.06832363836821,21.591523220148513,0.003300719158169549,0.15604821745801614,0.0021049537592294307,0.09605708102623062,0.050138163573307054,0.01937695615839353,0.0043073818106723226,0.0016876983643719897,0.0019230298841791517,1.6032058160724154,5.221194675328214,0.8008845703141665,4.696057256572929,4.1182532426058405,3.4857816785167715,2.8205765864736945,2.1988672274190155,1.8188370393047406,2.0472893353986836,1.6032024182683418,5.218862212350875,0.8008818040990683,4.695074737871164,4.1179480247796985,3.485727821252434,2.8205732975098403,2.198866579738666,1.8188360227087266,2.5702579939414587,27.236522791503873,0.6414116641369784,22.04372679419598,16.95749593478702,12.150298443853238,7.955633726625535,4.835014235491619,3.3081644775028995,4.0,1
19957.420081344495,17.758473615620094,27.0,4395.907506904074,0.8420041424421436,91.0,364.0,-8.73,0.00069859081,0.002197802197802198,0.004395604395604396,0.006593406593406593,0.008791208791208791,0.01098901098901099,0.013186813186813187,0.015384615384615385,0.017582417582417582,0.01978021978021978,0.02197802197802198,0.9789598448483494,0.21978021978021978,1.2784999999999993,0.09687634717435498,8.495612176740002,9.844242735609273,0.22396176345893085,0.6267012348296553,0.4307124274662828,0.6267012348296553,0.4307124274662828,0.20188495927697053,0.4336999880886195,0.6332637647068983,0.41486977128408875,0.6332637647068984,0.4336999880886195,0.2018849592769706,-38.808109812783215,-23.535012487009205,46.2923439541971,38.75704339457998,-74.67895934118674,33.47852044849382,145.83320375692497,59.041954918954936,94.82062143618218,93.93301711351198,57.350031149086604,3.7379328165914756,38.75,1.1449317231615685,46.15384615384615,-3.0893565210255653,4.649965332630098,0.8403172350009868,-0.02209067823292953,0.00013155637,0.0007514227399999999,0.00070997625,4.167477550000001e-05,14.945054945054945,-29.38,116.0,13.0,68.13,118.0,41.97802197802198,6.6228741281441135,768.2232710663613,1.4132842772291878,0.020060305862964454,17.565838321713212,-0.336050779032246,-692499.9145755623,0.6259381218866883,1.9607817668295515,94.0,46.15384615384615,0.0,0.536071909548511,-0.00015467428333831043,15.78586628416408,0.10947416772330365,0.05911296880373214,3.6040744816088024,0.34891653166870346,0.3332373204758276,0.2747394495120771,0.38103553921801947,0.3617697765633419,0.3957443299217284,0.3731376559756154,0.30764761354060083,0.24512793149284517,0.13438849637899075,0.08381899011594288,0.05311709930903055,1.3737706048653628,0.04460798858819173,0.059264595854800185,0.06608521499506177,0.09546436154908357,0.10740096350374344,0.13608371538836608,0.858302507749368,0.1623352494326941,0.15314128947578126,0.1627149744252019,0.13577973262398574,0.10604588386442096,0.09053484273628838,0.03731273915531093,0.5631126849968144,0.29781886677691605,0.27565141982304453,5.858185555548531,381.504024690448,34.31833800323746,0.06369871915466856,0.32306031251131956,0.019058431238677304,0.3473788374780945,0.34785463600450744,0.3196248410212585,0.26216188968751364,0.18545697836255534,0.114277652706193,3.7499604911438738,8.528328677510395,3.2296701524837355,8.044572445569642,7.490277150793065,6.83580029447159,6.022186994048525,4.977188543076625,3.910807878199019,2.1037929808987634,3.749419442836192,8.522207581731761,3.2296139196571207,8.03706873028287,7.48219546309122,6.8283237787102635,6.0164779842431635,4.973732150257978,3.9091378689265333,14.058146158318063,72.6280220661263,10.430406070043032,64.5944737752907,55.983248947902844,46.62600562690001,36.19800733488268,24.738011502509845,15.281358878275476,8.0,1
28519.215428633623,31.55342285364479,32.0,6281.765512914895,1.8196661675689287,91.0,364.0,-9.13,8.6951488e-05,0.002197802197802198,0.004395604395604396,0.006593406593406593,0.008791208791208791,0.01098901098901099,0.013186813186813187,0.015384615384615385,0.017582417582417582,0.01978021978021978,0.02197802197802198,0.918066003660939,0.21978021978021978,-10.453999999999999,0.03750591245871691,1.6399999999999988,10.23486833151642,0.43357065057489075,1.9531474188374953,0.44595767303032197,1.9531474188374958,0.44595767303032197,0.34867850489079644,0.7644460080598692,0.8046361329478438,0.3959372903303469,0.8046361329478439,0.7644460080598692,0.3486785048907966,41.7348682947174,-77.5970567831026,3.4869219554888957,-6.822571539391931,-124.53853525079585,81.53946645014429,7.572213522668593,-47.580924566488434,117.40019220162831,-26.078271891020044,32.80228706244686,-43.94762214292261,27.47,0.649027601219806,29.67032967032967,-6.581092618603167,3.3066658939353335,0.4356255060791321,0.01123434025563876,-8.28,0.7900000000000009,0.16000000000000014,9.040424000000003e-05,3.5164835164835164,-12.45,87.0,16.0,39.92,86.0,3.0769230769230766,7.91704454633453,566.9395607121273,2.4194753289963553,0.01243112148926979,8.629956661632264,-1.5890997137956149,-990100.7519465202,0.481121224697581,4.7229884503914175,57.0,29.67032967032967,0.0,1.45376056215111,-0.00034197751108161717,10.861939868918842,0.12819539685120018,0.004072037892592365,2.920163127066156,0.08209830823501206,0.12498848564655066,0.1867292247363385,0.1774284125438926,0.1435422628101009,0.12506561120202697,0.10151890814211499,0.07051326613078722,0.046639817749536606,0.03366417875482289,0.021260303839032317,0.01590909165394236,0.8654976327714969,0.01085757289085618,0.005702910701430286,0.003209396428635534,0.0015540019704575118,0.001367918304108413,0.0011615168512080802,0.39476981905108843,0.0017764929634606972,0.0026721152406946422,0.002708786557574383,0.00245140342899758,0.002060305033198802,0.002497095469255776,0.0011922717183478321,0.12505247670294964,0.12609396997763359,0.07927842144046908,4.4010015103396904,197.77397975992596,19.368814294012235,0.009969068846053857,0.12640564408787758,0.008290883634964597,0.15986449537128955,0.1741381838403825,0.16664623595268147,0.13610839472294342,0.08514504350494317,0.0258043703451889,2.7174931144632106,6.547098164808838,1.7451971783678388,6.116324890272928,5.631683948697955,5.070285682576419,4.427032258492507,3.7368401357724026,3.1123021433118905,2.086287499931337,2.7174748287373895,6.545877786270225,1.7451774845647128,6.114235316578176,5.628991027790945,5.067546342657581,4.424939448469234,3.735869981930052,3.1121951683232973,7.384669444821305,42.84851599278598,3.045644452631618,37.383873506491824,31.685539990950954,25.68002593498222,19.58008912261921,13.956724521886049,9.685758765734876,5.0,5
23799.590926253284,26.864477449292565,10.0,5242.200644549182,2.0274268838495653,91.0,364.0,-8.16,0.00015191555,0.002197802197802198,0.004395604395604396,0.006593406593406593,0.008791208791208791,0.01098901098901099,0.013186813186813187,0.015384615384615385,0.017582417582417582,0.01978021978021978,0.02197802197802198,0.9445347193536071,0.21978021978021978,-7.485999999999999,0.05509448149438444,3.0300000000000002,22.57796868780833,0.3330629045175415,0.8555196264999273,0.170785804781591,0.8555196264999273,0.17078580478159103,0.7145756174734503,0.4105825779585249,0.5799558713354117,0.527595788341687,0.5799558713354118,0.4105825779585249,0.7145756174734503,-28.754943912806908,-97.92046870705076,67.20553250635403,78.22667954378602,61.07566223052531,-18.62821945452385,82.69239981930927,59.82000917316946,73.0687540242633,58.38459703493583,57.66347230591913,60.33812204416559,39.99,0.5235452784467561,42.1978021978022,-5.1997074297707995,3.331461212687137,0.8161149879534229,0.013636011123480144,-6.63,1.42,0.17999999999999972,2.6475737499999973e-05,15.164835164835164,-33.05,70.0,11.0,73.03999999999999,70.0,34.94505494505494,7.232343551333323,728.7069441017329,2.937717725412861,0.01267328949683449,16.88951968604207,-0.7036450650124315,-749287.0756121413,0.7128276508707562,1.8535359729343257,51.0,42.1978021978022,0.0,0.3840877571069379,-0.00016885046295470497,14.676062467519523,0.13197847197366108,0.03203187415907924,1.8539115949730345,0.17581123216158753,0.18951694810436667,0.2888657282829723,0.2912688097516566,0.3169218035252813,0.3144393038820404,0.31890507899747156,0.3077426492197637,0.31247506542532916,0.30673306681588947,0.3090828812618858,0.31591997783261694,1.4143634059771375,0.31609990901968477,0.3120790198697545,0.2981077526704994,0.26353511375451544,0.22179041123607063,0.1776845214154836,0.4770647523921856,0.1287204421784205,0.0883472154471334,0.05473591010065091,0.030911044393428424,0.016666536879085876,0.009506260696303847,0.0033455058920021075,0.18974484817476361,0.21965922419333153,0.1580118493355861,5.026911167834484,370.516204530854,25.269835889299056,0.008603949851581309,0.08296937051965954,0.006786623381239413,0.1282978690820997,0.15927205387411694,0.1713585036497335,0.1593204413786331,0.12057702016075161,0.06149573159608089,3.435326352621412,7.563037276751418,3.36649274089495,7.177570270836868,6.6905886629473015,6.078309623160377,5.345381025107414,4.540408523252821,3.789520847451029,2.1046857450481777,3.4353155780891638,7.562582160418958,3.366485900199417,7.17642352774627,6.688692627831966,6.075893690497798,5.34300620442624,4.538807193551629,3.78902184320194,11.801393121062086,57.19264893308708,11.33322731624148,51.50105464959021,44.73860906961369,36.916484138230956,28.5477153005373,20.60077074023602,14.356686528261424,5.0,5
22019.688927683826,25.82898465004105,9.0,4850.151746185865,1.553574969426438,91.0,364.0,-8.03,0.00012305807,0.002197802197802198,0.004395604395604396,0.006593406593406593,0.008791208791208791,0.01098901098901099,0.013186813186813187,0.015384615384615385,0.017582417582417582,0.01978021978021978,0.02197802197802198,0.9478725737269409,0.21978021978021978,-7.567000000000001,0.05773206094908566,3.13,23.87759443553218,0.3017343571271226,1.601434202592431,0.6317123165668719,1.601434202592431,0.6317123165668719,0.19430014494105446,0.3624963622039939,0.48526603822458486,0.2526165104382301,0.48526603822458486,0.3624963622039939,0.19430014494105452,31.237649526238073,-7.109352361739307,27.236316138371357,3.3724530394765537,-91.91179992401923,-73.47236075470575,29.333253736118298,-44.64472107844439,55.19407567591319,85.75469294405995,-78.74531893534143,-15.473898096596573,37.16,0.4244579374976712,38.02197802197802,-5.069288742228363,3.0993709504578124,0.6158223736155286,0.017776023268678387,-6.2,1.4800000000000004,0.1899999999999995,0.00015915119500000002,6.373626373626373,-15.46,86.0,13.0,52.62,86.0,10.769230769230768,6.956645795222309,631.3389952136235,3.535555566419518,0.011816748102709829,10.198004450889782,-0.887639813159403,-1088389.4870000873,0.6586918630249919,4.776263244711974,54.0,38.02197802197802,0.0,1.4976027207314515,-0.000309109975078345,11.506009514711677,0.15346897407508941,0.011422286561922767,3.1130800096609352,0.6166929496488578,0.47858454615285495,0.32434471167673795,0.25205582243654634,0.1881750461560322,0.11449323054371734,0.088331684504587,0.06218386873243461,0.04198048361223842,0.031802399084158745,0.017693264783171812,0.010740012390714888,2.2638483989089933,0.005486513924597411,0.005865147688774289,0.00999363377867872,0.014330146840517023,0.0180980003249777,0.017265097944102182,0.9663528288570135,0.014706990547128514,0.011286116337297585,0.007307059443764889,0.006819136896850926,0.008990479763450356,0.009023981717560347,0.0043282373556021115,0.6290880140464991,0.6870601517924457,0.6263367548605105,4.764161244972825,279.58335762145,22.69723236810102,0.02813882662952625,0.19448757861597996,0.013187973369562572,0.17103926239768275,0.12393157266091409,0.06036437079779463,0.0010200864821065011,0.03581207625059482,0.03621254821578222,4.786729228937093,8.32311281617546,2.3181590444611757,8.369415507431162,8.353882352804582,8.16842452944359,7.678541490722064,6.816652589837047,5.79708839902303,2.1044695103493196,4.786646521062174,8.320840193907602,2.318121531062501,8.367667626450498,8.352963026962206,8.168201481106713,7.678541422963334,6.816558517736552,5.796975293844119,22.911984917596612,69.23638153254828,5.373687432775555,70.01786150674769,69.7719913297976,66.71951543595391,58.95999838416378,46.46547002572674,33.6049225574391,5.0,5
22656.687936949143,24.944925756629242,11.0,4990.459898006419,1.5081619585116803,91.0,364.0,-8.31,0.00032156845,0.002197802197802198,0.004395604395604396,0.006593406593406593,0.008791208791208791,0.01098901098901099,0.013186813186813187,0.015384615384615385,0.017582417582417582,0.01978021978021978,0.02197802197802198,0.9649550337545663,0.21978021978021978,-7.730000000000002,0.0672369762606003,7.75017294592,12.250345401734258,0.2765589693183319,0.9507442508733401,0.4566584243909495,0.9507442508733401,0.45665842439094956,0.10505607837217679,0.6053511541161989,0.4407611528447428,0.6915431628530447,0.44076115284474265,0.6053511541161989,0.10505607837217681,-15.404609468401976,-37.98739510354095,-3.720819243747948,15.306101087466708,-89.59751822148952,73.85924800580531,121.76475316207761,118.93133497691292,-36.8736278001907,105.22323106017814,-22.82846058592243,18.400400902220316,33.88,0.7514678373389855,46.15384615384615,-4.770004567803123,3.748213716586623,0.7715709602864141,-0.02781785908962561,-6.27,2.0700000000000003,0.16999999999999993,3.5107954999999966e-05,11.428571428571429,-21.6,86.0,14.0,55.480000000000004,84.0,13.186813186813186,7.056551462488272,706.1160400555137,2.395364950537843,0.01493203608877352,14.872426137532244,-0.6869307498886837,-858597.4696179645,0.6412854849959896,2.578387817215052,64.0,46.15384615384615,0.0,0.8369638294140505,-0.0002111303572805066,14.849952262649426,0.12986876874272069,0.08867329334453652,1.6613824834084083,0.2132124380399315,0.33964222836293667,0.2687746231145155,0.2333502569102245,0.21742119825213865,0.16354257359513885,0.14135989646871716,0.12652980493094537,0.07774919754337593,0.050585134558734,0.0317637800884605,0.020627731731053988,1.7804303695197605,0.018017888332731196,0.01567112147435386,0.01843899937154252,0.02306616579495061,0.023867783590761738,0.01874796272256452,1.1614837407551983,0.015120269808187654,0.012707256746460534,0.014946399727774737,0.02015420763740671,0.03246406880632257,0.040532524424954954,0.024771811701015185,0.5015614484205543,0.22446186036483898,0.2990281465768144,5.200189897098251,350.293215970032,27.041974965882712,0.06035425605654628,0.11681710974340485,0.024177782126028002,0.1671867148003424,0.20154544283245474,0.21398658236798063,0.19982226425703795,0.15745212358501348,0.09882235287506233,3.590226132649436,8.926892815933899,3.035129059007166,8.632344306200746,8.226811226299926,7.649893480363758,6.812122845419358,5.617986256524586,4.213768945522641,2.0864928758715946,3.589718797807815,8.92612845023213,3.0350327575960674,8.630725162070144,8.224342064119655,7.646900025727969,6.809191488259934,5.615779412270188,4.212609982994299,12.886081047334782,79.67576911004345,9.211423839681188,74.48941682319072,67.63980238764796,58.47508000347841,46.36508872379153,31.536978407277694,17.746082868823226,8.0,5
16384.189836749087,21.157066590563858,8.0,3608.852386949138,1.6133107384160092,91.0,364.0,-7.07,0.00017634925,0.002197802197802198,0.004395604395604396,0.006593406593406593,0.008791208791208791,0.01098901098901099,0.013186813186813187,0.015384615384615385,0.017582417582417582,0.01978021978021978,0.02197802197802198,0.9624000613626453,0.21978021978021978,-4.397000000000001,0.11694046387287435,5.59,28.6019674272962,0.3499492375441263,1.2025390542453964,0.3846795047598702,1.2025390542453964,0.3846795047598702,0.7379692780416774,0.25406870661730246,0.3422923175499991,0.16175411177684815,0.34229231754999906,0.25406870661730246,0.7379692780416773,-0.2958550214713611,-48.70448806898598,81.89750910961179,42.74269900847585,77.68050673993638,-45.48379383215476,-46.73174905239697,-42.76317835791606,63.67293421669269,-20.546082035876342,41.42027450940069,16.042198447221423,39.99,0.426992936964506,40.21978021978022,-3.9805455681586244,3.009875583944732,0.6495733147033259,0.015132631856563885,-4.85,2.2800000000000002,0.21499999999999986,3.9538105e-05,7.472527472527473,-12.23,74.0,14.0,52.22,77.0,11.868131868131869,6.000767320302927,640.2521585110192,3.7613929054337327,0.008478474646261083,12.985159292301123,-0.6728884166908142,-866397.7825600449,0.6731656684053375,2.6211720325368084,55.0,40.21978021978022,0.0,0.9210388005029653,-0.0002506889800523211,13.536511508014394,0.16977648645897692,0.040344187622240804,2.192346436010218,0.15582802786809247,0.14051680551362547,0.11536680790757521,0.07085483033783338,0.06973261844585386,0.06910018095882785,0.07225741857208863,0.07463725970526071,0.0812362921022258,0.0908063314022596,0.08459147712972873,0.07660310998369105,1.6817674462003491,0.06501487237570122,0.056258971242165876,0.04696307322747821,0.039375576596297215,0.036290407324614866,0.03498836494919827,0.6786312924787667,0.02858030876625408,0.022852077836554095,0.019401230777109202,0.013602556814519055,0.01029339390626653,0.007348933544666333,0.003507668497851614,0.4904438411950337,0.44402444256811063,0.4386349379685505,4.490486099770081,294.90628487530995,20.16446541222831,0.0008959452089157093,0.22625400723345968,0.01032304780423246,0.26017489322291165,0.27803350760508533,0.27305610817043324,0.23677612525791067,0.1650170541881706,0.07154904150008512,3.8580201576963953,8.25384261833436,2.0940410229469695,7.8428240836496474,7.36689141554699,6.854521466307067,6.371599748515409,5.927475820203861,5.258870738728794,2.090538708333453,3.8580200536640423,8.25074100262779,2.0940155778954512,7.838507423738998,7.36164292105429,6.849080587484366,6.367198789247079,5.925178391485652,5.258383989527425,14.884318734473899,68.07472709244341,4.384901240468821,61.442198632011376,54.193786497108746,46.909904893855185,40.541220421789475,35.107738970928494,27.65060218131835,3.0,5
26493.83613073119,27.54332881713155,2.0,5835.646724830658,1.4328774473126324,91.0,364.0,-8.49,0.00022006619,0.002197802197802198,0.004395604395604396,0.006593406593406593,0.008791208791208791,0.01098901098901099,0.013186813186813187,0.015384615384615385,0.017582417582417582,0.01978021978021978,0.02197802197802198,0.9407962101150498,0.21978021978021978,-7.047499999999999,0.04478174359797158,3.3899999999999997,24.90562241743005,0.5020312991980215,1.4010344984208234,0.31772610070842466,1.4010344984208234,0.31772610070842466,0.054517251831469896,0.34178818488737406,1.0647615908143173,0.21938844078126107,1.0647615908143175,0.34178818488737406,0.054517251831469826,19.274607836535928,-79.92293077558949,95.39365475001642,36.848767261387934,-183.34017063869203,34.24156946096124,347.2737174878912,-139.8943599940754,101.45447561977294,31.498431379967695,-24.10097027858634,-61.79406026810179,39.76,0.4681999503713224,40.43956043956044,-5.327607392730768,3.492042023731193,0.8577132969895139,0.0498910491382158,-6.68,1.5899999999999999,0.16999999999999993,9.463694049999999e-05,14.065934065934066,-22.65,82.0,12.0,62.41,80.0,10.32967032967033,7.630741200979908,744.6489931789968,3.668103271072541,0.013678718352774307,13.746319695651232,-0.7297301767605141,-1032091.3188370902,0.7193441277422531,3.033006012232698,56.0,40.43956043956044,0.0,0.7788044366678049,-0.0002347344491172525,12.237950926389376,0.13610917290189484,0.026071288595888455,1.5555967320844597,0.3343990374404514,0.360135066520189,0.4784849089633327,0.5849406753700563,0.5501656480481076,0.4843374181343167,0.44902523973781294,0.32648243917871744,0.254761031930873,0.1625925493847898,0.09211815856575725,0.04258729617067895,1.6407075207387358,0.016669086300376643,0.004830535928246453,0.005763499081925087,0.013146379026486498,0.022951596206248596,0.027469624855635148,0.6713171066534916,0.028918024455274673,0.024833051120351772,0.022408289720481516,0.01666968114793143,0.011252859872332254,0.008735563920865356,0.0035284444636380524,0.3371649858154528,0.30839221697403624,0.34054489022093787,5.463040430497722,389.4018368332393,29.84481074525274,0.00767219379066929,0.10747450988443663,0.0336744361535954,0.15023678841197502,0.1733092126498124,0.17275288234155442,0.14636348915012723,0.10142462403593193,0.05325444053472328,4.876295168519508,7.539264085459539,4.739254346305625,7.3111075023988965,6.976789639054019,6.509477501174682,5.9033828599707,5.123675468334342,4.2062644791155686,2.1214357386294336,4.876289132933889,7.538498005572806,4.739134709134833,7.309563722893527,6.97463673494342,6.507184781450582,5.901568174683712,5.1226715052255996,4.2059273451680905,23.77819570796914,56.828952180025176,22.459397791326495,53.42972181904108,48.645557584422214,42.34345377994206,34.828506920439644,26.241763350450313,17.6898248328327,7.0,5
17594.33392404353,21.5786197852458,6.0,3875.4039480272095,2.1776550124891836,91.0,364.0,-7.1,2.1149454e-05,0.002197802197802198,0.004395604395604396,0.006593406593406593,0.008791208791208791,0.01098901098901099,0.013186813186813187,0.015384615384615385,0.017582417582417582,0.01978021978021978,0.02197802197802198,0.9607284378092195,0.21978021978021978,-4.3765,0.12781181110833126,5.635,27.038307595816654,0.20679692169857936,1.027511874500001,0.6831021151283774,1.027511874500001,0.6831021151283774,0.447140871968541,0.2798008294200055,0.22847055287984977,0.14207470493798385,0.22847055287984977,0.2798008294200055,0.447140871968541,-6.834976951322638,15.786829033565743,33.57972133311654,16.561522077851954,3.061278866281716,-22.78334928432915,-17.665478406340977,-44.06438061137061,-16.538179469647485,15.553733133337786,40.226230533021784,50.131153922686366,39.9,0.4256766661777374,43.51648351648352,-4.005961795450428,3.0979608175871953,0.6828945222862245,0.007909271125440532,-4.64,2.3699999999999997,0.2549999999999999,0.00025260872000000003,7.032967032967033,-12.19,81.0,12.0,52.089999999999996,80.0,12.527472527472527,6.218429525782907,647.2185798535188,3.8017265747475437,0.013131214054325128,12.812668739888474,-0.6400405316511748,-931031.599789753,0.692191975648772,3.0419932772841776,49.0,43.51648351648352,0.0,1.124246944943196,-0.000254304520012574,14.076852658522633,0.23569081461697594,0.014159849549406715,3.7977026791704898,0.3114632911835652,0.27432794105825825,0.11760035950046767,0.11750746847308667,0.10278696404629403,0.07841314881740327,0.07884078232994657,0.07288708434062237,0.054576646025680214,0.06480865554666941,0.05406286034235376,0.051599302318890344,2.0619216294276774,0.04641870473935364,0.04262929322281698,0.04036250696230715,0.041295208915258064,0.03727789571431584,0.0368909441579502,1.4706323128840681,0.03332672990164842,0.03356881234816797,0.031643979917890086,0.03434719869945898,0.03710408442429388,0.04195105378755731,0.02098496455119582,0.860584475191491,0.7162604174636154,0.7266968964071452,4.75616819094113,310.03411311794594,22.621135860520223,0.0026855648787533094,0.09213151420468392,0.0030743532302239564,0.030288279981769552,0.019847934214724593,0.0532508740796957,0.06422652537636733,0.05089871537448392,0.022845008590546473,4.350477064023863,10.205397573508067,2.0171093860639955,9.921089134831016,9.530166449837065,8.998973122154384,8.28227312553221,7.348829393889095,6.155618964290084,2.0817069815215223,4.350476235119435,10.204981696086213,2.0171070431932177,9.92104290089292,9.530145781734264,8.998815566376878,8.282024093139983,7.348653127020053,6.155576572434968,18.92664347233897,104.14165141745465,4.068720823699685,98.42709224135778,90.82367862110739,80.9786815976668,68.59192307935116,54.0027027812616,37.891122939110225,7.0,5
18600.221326068273,20.5949322806613,5.0,4096.965049794774,1.6409248953121238,91.0,364.0,-6.9,2.3346661e-05,0.002197802197802198,0.004395604395604396,0.006593406593406593,0.008791208791208791,0.01098901098901099,0.013186813186813187,0.015384615384615385,0.017582417582417582,0.01978021978021978,0.02197802197802198,0.9650209107765172,0.21978021978021978,-5.827500000000002,0.11855266692691573,5.01,28.64608993385707,0.1782505312020437,0.6243187242314711,0.6458940802843309,0.6243187242314711,0.6458940802843309,0.3377543212475634,0.2938256862796853,0.17593755069647934,0.14240077815025842,0.17593755069647932,0.2938256862796853,0.3377543212475634,-35.361961389351755,25.02741558751857,84.43421286375778,87.08575108854191,1.6883884036074939,5.977832701571506,-10.28828734915459,-8.288873183671136,10.0552508500127,47.68751250110188,21.143854639340013,53.167605106047965,39.99,0.27252382635505695,47.03296703296703,-3.479058825197697,3.0773740121751323,0.9288977897177358,0.020110160656026423,-4.3,2.29,0.2199999999999993,0.00010694371499999998,12.307692307692307,-21.1,86.0,14.0,61.09,87.0,42.637362637362635,6.393716236277628,761.6762490177662,4.33036021713607,0.010022399321316175,18.147721736505684,-0.3960049477230453,-686079.928754811,0.7950252148456878,1.8232612981743315,46.0,47.03296703296703,0.0,0.5322097097502134,-0.0001424775414938196,16.283451650765087,0.17416934973706188,0.008515399343291092,4.0264600701920665,0.22665098296578456,0.16861111940654505,0.09665675810773908,0.16229033814233526,0.12404807840105862,0.13426609052481675,0.13498624917490573,0.11640737678983365,0.15598250350068374,0.12663832330189143,0.12595999817699163,0.12912349072169882,2.830035845298802,0.1281861913618898,0.1504923503332037,0.16862884573133488,0.19542691257911649,0.2189276743903343,0.22993397211041272,1.0774264916070762,0.23321274872326886,0.23764878791181793,0.25367435839986324,0.259013820092748,0.2907327641492712,0.29862437521077484,0.1502591995744576,0.8912097098621087,0.7691581320095846,0.37702522050369713,5.364303962384512,421.71959653185206,28.775757000854174,0.039228069087446325,0.3475636851985556,0.0160431549245637,0.3593488845114995,0.34447738117763477,0.2979738369757211,0.21695022867323843,0.1084076566430077,0.003043919739623951,4.908808143285997,10.241330047327729,2.791731479959312,9.964384140986368,9.55733732062242,9.013850407664442,8.402598859135546,7.76516389330756,6.785878463448553,2.0960633433407336,4.908651397908247,10.235430651566595,2.7916853822334415,9.957902373910933,9.551127262999856,9.008923951517762,8.399797627670836,7.764407129324724,6.785877780747861,24.094858546186586,104.76404062302898,7.7935072733758775,99.15981968834099,91.22403199401911,81.16071076423039,70.55660018582459,60.28601806990859,46.04813725524752,7.0,5
26274.194485341133,16.47894062683156,7.0,5787.267507784391,1.1967594568717121,91.0,364.0,-6.2,0.00085052068,0.002197802197802198,0.004395604395604396,0.006593406593406593,0.008791208791208791,0.01098901098901099,0.013186813186813187,0.015384615384615385,0.017582417582417582,0.01978021978021978,0.02197802197802198,0.9901656401968169,0.21978021978021978,-0.27549999999999564,0.339103447502295,5.425746410525,13.197457411968898,0.05643192064730469,0.5498860734688698,0.2718848532115401,0.5498860734688698,0.2718848532115401,0.02127264509921637,0.2697050297026281,0.4035624146718642,0.3435423094170811,0.40356241467186427,0.2697050297026281,0.021272645099216336,-31.14130154115548,-18.97313352791964,-11.532434606587275,21.65437873350459,-60.540652046761096,73.67683122934457,158.05240074043255,108.4267749334368,61.834869802539956,20.474870214849453,-29.72711600026408,-30.73559654789395,39.99,0.43869765189049104,46.81318681318681,-1.4140120780100747,4.207349800423728,1.1387812069215417,-0.029601577875506623,0.00026648125,0.0006752579200000001,0.0008065549154999999,0.00011561304,15.604395604395604,-33.22,115.0,14.0,73.21000000000001,115.0,45.27472527472528,7.599044833751485,876.2219428520087,2.491253864337879,0.010691078078694448,18.12676023002698,-0.07259015580344708,-847966.8962858121,0.7516866644870697,1.983554049435232,99.0,46.81318681318681,0.43956043956043955,0.5421484791285843,-0.000142916911437511,15.607066980281814,0.20366228790380592,0.12215438151910919,11.837186177394297,0.5486941557418262,0.6975424063058617,0.6318366170093962,0.8048456079192604,0.8744886505640097,0.7150430492608062,0.7268903160258597,0.46459675222095903,0.4560367501016906,0.298053320582444,0.22526097198074516,0.19642031014621086,3.0637854164086713,0.12986748385027871,0.16228018364955576,0.13508208230574079,0.1737273661903894,0.20767757276022322,0.20245523092830975,2.2234100151993332,0.28964638544887567,0.2760728428003595,0.3397370240069482,0.34881039908050526,0.36251516212162693,0.3945910973706626,0.18018214474612157,1.5420776793506643,0.5929140614237833,0.49509123696754603,7.466327894527989,517.00666794238,55.74605222860676,0.10959721486552582,0.35114757444285605,0.028502254637090156,0.39108401046903896,0.4137470248924599,0.4109409487276149,0.37177722121692286,0.29323167047150406,0.1951385588712686,5.4831796031229,15.832597913512528,4.6044352579636,14.753631946597311,13.606288193223211,12.397243560454793,11.035327439443313,9.230194188726015,6.836445698238376,2.063618530518733,5.482084184924263,15.828703423588559,4.604347040163124,14.748447678057925,13.599996021927288,12.39043080098092,11.029063124015329,9.225535212063525,6.833660126740549,30.053247010596724,250.54785207192415,21.200011666258924,217.51670891241218,184.95989179643806,153.52277543389667,121.64023339351475,85.11049994902397,46.69891072780365,12.0,2
14630.00917724824,13.722451045178577,9.0,3222.46898177274,0.9010083570359984,91.0,364.0,-6.66,0.00075749713,0.002197802197802198,0.004395604395604396,0.006593406593406593,0.008791208791208791,0.01098901098901099,0.013186813186813187,0.015384615384615385,0.017582417582417582,0.01978021978021978,0.02197802197802198,0.9945239901860655,0.21978021978021978,0.34499999999999975,0.333348903550631,4.91066373517,17.866267261998743,0.17980532629871826,1.0966489876908787,0.3945737422653573,1.0966489876908787,0.39457374226535735,0.07738196107403894,0.37053749964900834,0.3928101131442069,0.10052034768344245,0.3928101131442068,0.37053749964900834,0.07738196107403897,7.566922284094775,-26.556677077770704,43.280112102646015,14.106943407561825,-84.56518631836653,39.041512301054205,58.79076746622837,-100.15260163550413,51.03845964835768,49.8647402729467,16.711867952956485,40.13129302682814,39.99,0.5666674085885186,42.857142857142854,-1.7690326468807216,3.56321277840267,0.696750446784508,-0.0005945323726255183,0.00025058506,0.00065619949,0.00066721093,5.469982499999998e-05,9.67032967032967,-12.87,103.0,12.0,52.86,102.0,23.736263736263737,5.6704379304973,689.1631540233923,2.4924031737932975,0.010244527759403531,13.774256033255433,-0.19835862781318853,-894381.4711793262,0.6711419296506126,3.058902943817126,97.0,42.857142857142854,0.21978021978021978,1.0086388594083167,-0.00023414888113374075,13.356631299920094,0.21061339587381456,0.05262497227725762,5.099753307739974,0.3129553271308381,0.22515442932382526,0.1418870534378752,0.10982645467656219,0.11465700162708889,0.10675212560791461,0.10837173178657386,0.11143085403416844,0.09822095136221554,0.09495890531254784,0.07922039508547256,0.06054295016832776,2.119547011379077,0.04144897145599811,0.031762654893432864,0.020917701596463886,0.016496297596241348,0.018770715899336547,0.019466342986977525,1.0640945453055735,0.023599657528753874,0.026190759334247474,0.02819689234070466,0.028330863982618592,0.030599345383335134,0.03091375021179513,0.01597447568979408,0.46347304619953283,0.4196079964341598,0.403256724332932,5.3874288689404235,316.32470284016665,29.024389817892686,0.013689891571986334,0.28216539202679236,0.0010018042867279975,0.32336650228077785,0.3452988203615312,0.34090621712778113,0.302427693109966,0.22537538936520776,0.11514409886885274,4.767021346307704,9.610647557668676,2.880642458338396,9.3566692171025,9.038087600993759,8.562084504787228,7.858758143366206,6.926700201932153,5.917238678422904,2.090803675368301,4.767001689009777,9.606504523980888,2.880642284139086,9.351079774201278,9.031489146751717,8.55529508656722,7.852936842122496,6.923032689603265,5.916118272475603,22.72430510302206,92.28492916926528,8.29809996917005,87.4426929434762,81.56779620789405,73.1930740182412,61.668617046364844,47.92838162131542,35.00045541391972,10.0,2
12435.25249881048,12.660928554827075,11.0,2739.0424006190483,0.912555498606596,91.0,364.0,-6.34,0.00085029359,0.002197802197802198,0.004395604395604396,0.006593406593406593,0.008791208791208791,0.01098901098901099,0.013186813186813187,0.015384615384615385,0.017582417582417582,0.01978021978021978,0.02197802197802198,0.9938382724134232,0.21978021978021978,0.8975000000000017,0.4102588892393493,4.15576278422,13.008884669762594,0.17878460530973084,1.097736783041816,0.39368301418805596,1.0977367830418163,0.39368301418805596,0.4331874662613072,0.31930822374055523,0.04253799971141692,0.29058609996229123,0.04253799971141688,0.31930822374055523,0.4331874662613072,2.7175106210803337,-30.489909534973705,52.499279640144195,31.527260008182697,32.699057779881706,12.767167495907085,-81.8736688418398,26.70849362106888,-32.18804262517645,2.63567748339689,4.502021353765186,36.673749771187126,38.57,0.44982005552326065,42.417582417582416,-1.4988505642512022,3.347867127776189,0.5730625727495727,0.015110739132136545,0.00035550052,0.00052279827,0.0006619783525,8.1045765e-05,7.912087912087912,-11.66,112.0,15.0,50.230000000000004,113.0,17.802197802197803,5.227831794550294,639.2780642832859,1.759934357855899,0.011573679268858132,13.405716820260812,-0.1857803790580198,-805781.1260492047,0.633100919450204,2.87791679223251,90.0,42.417582417582416,0.21978021978021978,1.005343752527587,-0.00024187375784649317,13.632891270925132,0.2079923483966597,0.08567489950072067,3.728126633728558,0.19572180581868537,0.16087137809923494,0.13931317030103,0.08023481535023734,0.07512643333357318,0.07027385209204588,0.08246924152867087,0.0718950624122201,0.06734923162423617,0.08405089398221692,0.06899422938592185,0.06764467482382508,2.317131749568341,0.05292586987119922,0.04042300735707823,0.04386553032450322,0.02896614402035543,0.029237841254160152,0.024107714620477734,1.1848252029138575,0.015025434095178695,0.016073111126230756,0.010921708435782895,0.01368247783159207,0.012921728800993173,0.011960902918474079,0.007672427164108228,0.7459659854561207,0.5939081163780696,0.4904699827169435,5.0083602364601125,260.17040802830604,25.083672258154795,0.0003450032146523492,0.13222672850098852,0.009197994407390504,0.1829228200607019,0.2162084362236009,0.2247796782553266,0.20018203545562258,0.14038824394137578,0.060461398495831,4.098858314243659,9.633250163076784,2.107691361330522,9.046610340240099,8.4932764429818,7.971181874691699,7.475292066733658,6.878395257630593,5.857523641605747,2.0675009485122353,4.098858299724101,9.63234264323528,2.1076712911472204,9.044760797834297,8.490524050317232,7.968011958804838,7.47261123273866,6.876962444361469,5.857211591812454,16.80063936121715,92.7820247966888,4.442278271526191,81.80769789004009,72.08899864901532,63.48921457565691,55.839918635652,47.29261246115808,34.30692763126218,7.0,2
17151.117580845257,14.885231238621227,11.0,3777.7792028293516,1.236486741706685,91.0,364.0,-7.06,0.00079990899,0.002197802197802198,0.004395604395604396,0.006593406593406593,0.008791208791208791,0.01098901098901099,0.013186813186813187,0.015384615384615385,0.017582417582417582,0.01978021978021978,0.02197802197802198,0.9965152664820416,0.21978021978021978,-1.559999999999997,0.3815789393261784,5.565737008445,14.037596381544343,0.11291237344012306,1.142171010700847,0.30283879979540007,1.142171010700847,0.30283879979540007,0.20229647306613355,0.10914765486435951,0.4957162526354625,0.18225981741634847,0.4957162526354625,0.10914765486435951,0.20229647306613363,8.61660934186299,-43.15078377736863,41.529443415521236,15.56903365201165,-60.452424054456834,-73.20430878943993,143.5673857424441,-30.488578204758838,28.858518057755543,59.389120155987435,41.90796501953878,19.13700802427199,39.99,0.5457591606937087,41.098901098901095,-1.7098604377960274,3.9158691715146197,0.7211988371140061,0.013569942469977975,0.00028631897,0.0005754548500000001,0.00065996548,4.537650800000004e-05,10.54945054945055,-15.41,102.0,13.0,55.400000000000006,100.0,24.835164835164836,6.139606169286888,698.2269051218808,2.1364665530654485,0.014298525195109837,13.77113046193913,-0.16019258960998134,-995843.6477170454,0.6874832319916953,2.9426728975577463,93.0,41.098901098901095,0.21978021978021978,0.9463755861928861,-0.0002342143956087926,12.994389471216321,0.14930298839167877,0.07220858449082238,6.998028949040432,0.5777260041011795,0.7081170857337313,0.6106384711406841,0.5925574561753357,0.5409602841205755,0.42698282712245217,0.3268943349617122,0.24314405380033052,0.1589759668769215,0.07896716650264654,0.049370767970631696,0.034097217226075574,3.0150117639672667,0.021342505630215856,0.02216616577278061,0.03788855351626221,0.06572811009567779,0.08752279067610992,0.08921297552186423,1.0113822012275662,0.07777709718720462,0.06552260069798684,0.04495271107484871,0.025872124615795924,0.016328016128814,0.010083468943296743,0.003552222487267323,0.8899055458640789,0.33433822600275004,0.7253369359195269,5.896705961569188,327.42427204975877,34.771141197205594,0.00227803821698124,0.0042423539088367965,0.007611351987351709,0.06465896332597697,0.1123094082855406,0.1407094392784667,0.1402993219016969,0.1049127714566371,0.04584303121000092,5.2585366200811725,11.601847910067436,3.3187957977237397,10.742387790907026,9.885838495772509,8.99250681950906,8.01532980256156,6.937497796696741,5.949458438944404,2.0813874006550392,5.258536126649374,11.601847134433786,3.3187870697454636,10.742193196395696,9.88520052205863,8.991405882987092,8.014101817677728,6.936704476158503,5.94928181659066,27.652202195276605,134.60285693076943,11.01434761430968,115.39471466868997,97.71718936130823,80.84537975261489,64.22582794410548,48.11786898955741,35.39395413321626,9.0,2
13495.149981970619,12.759675775485524,12.0,2972.4999960287705,0.659820275189406,91.0,364.0,-6.09,0.00074049294,0.002197802197802198,0.004395604395604396,0.006593406593406593,0.008791208791208791,0.01098901098901099,0.013186813186813187,0.015384615384615385,0.017582417582417582,0.01978021978021978,0.02197802197802198,0.9970130855560355,0.21978021978021978,-1.0839999999999943,0.3525904831590718,4.280652716114999,16.56625394740698,0.20712183325038402,1.196604443235142,0.29635976239669803,1.196604443235142,0.29635976239669803,0.09979145839649309,0.31766760740066935,0.489339008683192,0.08430636869145972,0.48933900868319213,0.31766760740066935,0.09979145839649317,9.042566128253274,-52.23765302022577,88.99942626766483,32.55299715965897,-91.83058348208749,-0.5435448929280274,123.15960138011471,-72.82608906899931,23.610982354362456,73.91255842500773,18.114497042083,39.057115437355804,39.99,0.4047665681323553,41.75824175824176,-1.7974102494550388,3.442837423424261,0.5881151580125444,0.006212313665792924,0.00023985365,0.00056795233,0.000568074375,2.296526999999996e-05,11.208791208791208,-34.69,112.0,12.0,74.68,112.0,3.0769230769230766,5.44606925130826,649.9339227359121,1.088865257952141,0.012454961541103982,14.181884597195022,-0.20997339938530196,-855537.9067075772,0.6766607606469781,2.9612513731182517,76.0,41.75824175824176,0.21978021978021978,0.9082321032766877,-0.00022560466035613906,12.98133622097849,0.15173889425568754,0.0610659955321678,5.220420986019251,0.417522409340566,0.2807081668497798,0.257655787232538,0.2725627001475253,0.3422419829078178,0.3401668128147761,0.24597563491246546,0.18884551237695424,0.20864224697342132,0.11847947833637287,0.07175294422902201,0.03660406069020389,2.4217559617369373,0.010907991379013075,0.00825765797708063,0.010381719141246836,0.016185864433184892,0.0183932052210187,0.01972266192061704,0.7058107084095657,0.022619142648249945,0.01685228427588068,0.01634466474398322,0.011818076574201853,0.009085614857704635,0.007921912779085041,0.0031216808263595844,0.5606178566440908,0.5876196762198161,0.4914551543903982,5.140913020582948,267.0042817376952,26.428986685199288,0.00010546885452029235,0.2516477239739059,0.002714206773067094,0.24477543220998826,0.2116771221584429,0.15322499531484918,0.07854035971665219,0.01183107510403552,0.012246103225483437,4.479561729971547,9.061192557259762,3.0937624408864064,8.457987640842253,7.843556274407908,7.198021032283418,6.532036821958651,5.834660348527606,5.123217998330327,2.0661039333323705,4.479561728729943,9.057697498965092,3.093761250277889,8.454444980034273,7.840699447482883,7.196389989571522,6.531564625364986,5.8346483534436056,5.123203362289224,20.066473281502,82.04188398275848,9.571358673721006,71.47763992042672,61.47656782575838,51.78802888200522,42.66133645531925,34.043121408342174,26.247212691371608,7.0,2
16190.187482155363,11.784557319984723,2.0,3566.1205907831195,0.5150209485789756,91.0,364.0,-4.83,0.00078967014,0.002197802197802198,0.004395604395604396,0.006593406593406593,0.008791208791208791,0.01098901098901099,0.013186813186813187,0.015384615384615385,0.017582417582417582,0.01978021978021978,0.02197802197802198,0.9941481927887689,0.21978021978021978,-1.925499999999996,0.3048676798547786,3.165709961815,23.188188003844875,0.19445738280993868,0.7758861597309243,0.016266316492719847,0.7758861597309246,0.016266316492719857,0.22439822058277473,0.11292391006821922,0.6963958673602489,0.21340777795236834,0.6963958673602489,0.11292391006821922,0.22439822058277475,-13.292633895821556,-109.33672372842676,40.73159200566936,-23.995314419525503,-52.01789293333398,-38.08725962420329,211.41074604258273,30.709807847039936,198.83827225587422,73.12282246529017,147.10264362313796,-23.212653499788022,39.99,0.3359544190950437,42.417582417582416,-1.3256566579125535,3.2405305253797487,0.7914406137770347,0.01819585402887664,0.00026077393,0.00054558719,0.0006320386,4.268822e-05,16.263736263736263,-36.22,113.0,13.0,76.21000000000001,112.0,2.4175824175824174,5.965134502348684,735.6983372504392,2.529799877302294,0.007598811172873138,17.552952957269063,-0.10090089834629686,-759743.6613557502,0.7841418947811015,2.2650623690574703,57.0,42.417582417582416,0.43956043956043955,0.4606520104823782,-0.00015494437088454764,13.208581125613579,0.07858306119199476,0.0311310394374311,5.6373900579693075,0.6032328248931197,0.7690416527084164,0.7747101964431509,0.7419224592587342,0.8077448744521758,1.0050334313260036,0.9555417843082874,0.7928516824240852,0.581483562296813,0.3571688738400187,0.1795127690231014,0.11310985530815211,1.999985585701364,0.12460758493991955,0.13563058142309978,0.1495099208307598,0.17356386194413118,0.18297949512751663,0.1612934939422304,0.5330050473558899,0.15154505265686707,0.1383926480648784,0.10701716259761229,0.06427875523154347,0.03358661641441799,0.010640275260813048,0.00011975585879871496,0.2103521106614174,0.3226009276257462,0.3120982393502054,5.815966304617214,359.31403865477375,33.82546405644281,0.0054604430346005236,0.43833700779967016,0.013092827431987109,0.415402382529447,0.3698509290317592,0.30162236737386705,0.21873092975751307,0.135264097453755,0.06013269189665319,5.573904295940606,8.56674548394671,4.855428065877613,7.941754085445564,7.3803712129398145,6.774547809891492,5.985937981983532,4.945467829653708,4.333448225840618,2.10210121216374,5.57390162129428,8.555523879594666,4.855410413217594,7.930882599955705,7.371098258135286,6.767829931078749,5.981940346118514,4.943617671106836,4.333030992897058,31.068379283867007,73.19698885431458,23.57501028078185,62.89889881428016,54.33308953108506,45.803521976005385,35.78361030452049,24.43935567807977,18.77515758540646,9.0,2
14115.2050796691,13.790361871513248,14.0,3109.076008737687,0.9518395606494757,91.0,364.0,-6.81,0.00081729702,0.002197802197802198,0.004395604395604396,0.006593406593406593,0.008791208791208791,0.01098901098901099,0.013186813186813187,0.015384615384615385,0.017582417582417582,0.01978021978021978,0.02197802197802198,0.9953317296354052,0.21978021978021978,-2.246999999999998,0.41409452779129485,5.340736666315,12.20371580330976,0.24312383462557965,1.1801700435405635,0.36582396272024253,1.1801700435405635,0.36582396272024253,0.03540485306143444,0.47452862694826636,0.39574998984499504,0.053689056346097754,0.39574998984499504,0.47452862694826636,0.03540485306143437,9.797990604625666,-37.256194168303615,55.1111117198903,53.545373178174685,-121.04815295843309,74.40673591884305,60.621431020846344,-59.60446531537201,28.842118457804983,42.352110358271666,-5.587712676247209,41.797306775627426,39.99,0.6209469799269838,43.51648351648352,-1.5978872689123524,3.605318715667894,0.6726226377287248,-0.006673544081255498,0.00025260602,0.0006462699000000001,0.000688047535,3.0078893500000007e-05,10.32967032967033,-24.99,100.0,16.0,64.98,101.0,20.65934065934066,5.569778159543295,685.8139430011665,1.5134543934354259,0.010288466598003185,14.021466222561042,-0.18409015365706344,-838896.2177313518,0.6428759573705636,3.1468339754006194,98.0,43.51648351648352,0.21978021978021978,0.9867351374081605,-0.00022896715781316188,13.188429333451928,0.24647032254640278,0.019103070038196987,7.2082767377674095,0.30696760784042515,0.2506952740248968,0.28394034229631376,0.20225850291243808,0.19800150174808745,0.1949302879304862,0.16211598310309058,0.16417224403921882,0.14858964699995708,0.11187003931704627,0.0766020302490234,0.047849609214566914,1.842220512178097,0.030442441215992683,0.01961915379479995,0.013078061887506686,0.012734516155426517,0.013351199380320714,0.01558248561556035,1.2351324137875879,0.016919842499575927,0.017901675983658973,0.019543365971356808,0.018804545134174105,0.019307705774072557,0.019227719196661337,0.008635233735384983,0.6168518972005591,0.7127840837744012,0.3592630058597762,5.335652258381661,305.37067752884104,28.469185022373313,0.0014235159852045427,0.2821706426303713,0.005787639765353247,0.28882209700802,0.2723004687785921,0.22957043870435254,0.16181798940466083,0.07913407869831987,0.010331134233300322,4.509706190538445,8.907074458057576,3.0519048632560533,8.32516182086254,7.828684289162444,7.358616134304486,6.868478967396745,6.305826706283396,5.506196803885833,2.085268064299554,4.509705965867732,8.902603839878488,3.0518993754040933,8.320150307526132,7.8239472233701735,7.355034250479014,6.866572526659605,6.305330145778687,5.506187111857715,20.33744789858301,79.2563551298192,9.314089797591896,69.2249011398272,61.21415015408184,54.096528825719396,47.149818263876476,39.75718824726547,30.318096510788006,8.0,2
21563.392237007774,22.77419420886083,17.0,4749.645867182329,1.6377871569502287,91.0,364.0,-8.67,0.00078589184,0.002197802197802198,0.004395604395604396,0.006593406593406593,0.008791208791208791,0.01098901098901099,0.013186813186813187,0.015384615384615385,0.017582417582417582,0.01978021978021978,0.02197802197802198,0.9813269185416221,0.21978021978021978,-2.295,0.28991904143608477,7.60055551623,9.909089562713339,0.2984137524940059,1.2274147077685629,0.35170855889417973,1.2274147077685629,0.35170855889417973,0.1561106318611584,0.6929045351559338,0.30650451002386825,0.19656535187152163,0.30650451002386825,0.6929045351559338,0.15611063186115845,7.651493599567084,-63.13795642878742,92.05915836569301,13.57611449271764,-82.76543701977754,105.90194474547881,23.0551078495188,-42.73314294341064,-36.02297879328621,101.36797382393416,-12.694589217276114,72.64157781891936,39.99,1.2794196206749577,42.637362637362635,-3.4713082199439267,4.464519463269424,0.8502754120565947,-0.003148286169911917,-4.3,4.30034983105,0.2400000000000002,0.00019014981500000002,9.67032967032967,-16.39,81.0,10.0,56.38,80.0,7.9120879120879115,6.884189919704899,719.6818349738364,1.971586877669864,0.0075156271585432284,13.654887282594704,-0.4456012551735155,-984295.7366957277,0.6194180591813356,2.9956010601472753,58.0,42.637362637362635,0.0,0.925510306228893,-0.0002366509456351453,13.334127765670546,0.2417547776674306,0.07730213183457134,4.684626343634157,0.36887458569218823,0.32915059531208624,0.177283289139351,0.1872307958813408,0.20756467331504125,0.22943273918074245,0.23204824158876575,0.22008300865673922,0.19491622384077162,0.13669635322051832,0.10229108393528694,0.05607309691195938,2.26120620301834,0.02643428032199688,0.010339769114892426,0.006842454087995701,0.013251777185826007,0.020870757065751748,0.02238654524537617,1.2892804453981004,0.019662539320358725,0.01954327314527689,0.022984435189564948,0.031717122163887376,0.04344700534688309,0.053857305562489424,0.025914815634445403,0.7896637589883408,0.5804879347590993,0.5715703680296635,5.9449213697673295,386.025037073694,35.34209009271626,0.023955425220365607,0.2551200745554661,0.007221346255722368,0.2739859389471819,0.27576485176352883,0.2547803854780978,0.20568836984804215,0.1311527199813663,0.05554575606323642,4.440174177443262,9.881734847782514,3.3337803269008317,9.06286676914987,8.28965791560217,7.583750331650182,6.954657112959087,6.335477895340139,5.535974025444937,2.0767729728268223,4.440109555364199,9.878441038414822,3.3337725057641934,9.058724291014727,8.285069830981362,7.579469377732182,6.951614765890129,6.3341202330224995,5.5356953564465945,19.71457286363646,97.58359734943811,11.114039120189268,82.06048578062025,68.64238210423753,57.44835604797987,48.324947853341676,40.121079126385006,30.64392307938439,11.0,6
17701.751441897326,18.7287967725281,16.0,3899.064194250512,1.301137131560906,91.0,364.0,-7.93,0.00070877876,0.002197802197802198,0.004395604395604396,0.006593406593406593,0.008791208791208791,0.01098901098901099,0.013186813186813187,0.015384615384615385,0.017582417582417582,0.01978021978021978,0.02197802197802198,0.9846896303828827,0.21978021978021978,0.4200000000000026,0.32387494938134176,6.655550398175,16.442910851562452,0.08179067763387977,1.3009856819155674,0.45690802000715325,1.3009856819155676,0.45690802000715325,0.12573082816910236,0.6470366023835512,0.3432107320772263,0.14456539083243902,0.3432107320772263,0.6470366023835512,0.12573082816910242,14.833985649675132,-41.94297436739365,-31.100495703918952,50.497369001978484,-125.74955117957033,140.7490158582709,-83.878001206382,-49.441799509597026,114.89167005149365,-34.5049964750423,86.10993887439719,76.66704921411198,39.99,1.266712932265844,43.73626373626374,-3.012516420406209,4.054270701342895,0.5866034116649079,-0.088082203696652,-2.07,2.3899999999999997,0.2400000000000002,0.000142989771,8.571428571428571,-12.77,85.0,9.0,52.760000000000005,85.0,4.395604395604395,6.237383123069335,600.9493371050896,2.2125784463377545,0.009241994796781474,12.715780400916685,-0.43473944087703786,-929188.3713703526,0.5747902284774551,3.4158024427039657,76.0,43.73626373626374,0.0,1.1199687694645861,-0.00025633537710205114,13.243305527609076,0.23980630159353933,0.30508474567411414,4.449908024224803,0.11002318667332425,0.0678763597377924,0.046410972697688783,0.017255966433225464,0.010485448293894825,0.014300061664874216,0.010428215913098862,0.010308839538680519,0.008802531848766977,0.00831332686404621,0.007062054601196878,0.0057448035643265115,0.5932398269725921,0.006942720118147459,0.007138799190467422,0.005615635914676436,0.004006855377391016,0.002865268212751268,0.004192226167633335,0.3936547714302674,0.0019475502823847082,0.0036834619966978036,0.0020597212749320997,0.004081450939340282,0.0016516610181471286,0.0032140135846751667,0.000515413379183517,0.08948618642507444,0.061620982563920054,0.150856655428978,5.461656620544093,266.3179488958682,29.829693040733126,0.14726579666302556,0.007878481547132403,0.0684289594783257,0.06144030971549304,0.10883963460818738,0.1462930033579462,0.17114131129832635,0.1819315840497495,0.17603926051620628,3.7560859173982046,8.943058401609443,2.296773194751044,8.334485559243403,7.738046854531206,7.048316412014364,6.201361447356008,5.276245411885954,4.528413134285785,2.066336249125277,3.7531978636904175,8.943054931293096,2.295753598631968,8.334259092779565,7.737281373768091,7.046798038899621,6.198999471876125,5.273107863980475,4.524990131870888,14.086494204010313,79.97823150412576,5.270484585631632,69.45987462557886,59.86552305685864,49.657362601039544,38.427594452320484,27.805666545172727,20.475535693528915,15.0,6
19915.073541528564,17.518673016711567,6.0,4386.580075226556,1.5153178548975774,91.0,364.0,-7.06,0.00072222852,0.002197802197802198,0.004395604395604396,0.006593406593406593,0.008791208791208791,0.01098901098901099,0.013186813186813187,0.015384615384615385,0.017582417582417582,0.01978021978021978,0.02197802197802198,0.9825104553882584,0.21978021978021978,-0.5374999999999979,0.26795249082222333,5.865473255695,17.1229336839709,0.09175754696242913,0.5578862199855252,0.2993236237190876,0.5578862199855252,0.2993236237190876,0.23738213344246142,0.406350855833264,0.2943934355743094,0.11033936167665327,0.2943934355743094,0.406350855833264,0.23738213344246145,-30.661110938834994,-31.072736364780805,31.489406613768438,20.938340651928403,-22.1203927008547,66.80597474800733,68.0716631489689,-7.4801793075788945,34.068837782899436,96.3287413859214,66.77565147233193,43.61082395806922,39.99,0.7586125930623663,46.37362637362637,-2.1781701227049735,3.916570390610289,1.1309731319720255,-0.03561545155030835,-1.62,1.75,0.2250000000000001,0.0,15.824175824175825,-22.36,97.0,13.0,62.35,94.0,42.417582417582416,6.615844042823551,851.3060090253473,2.982834801590188,0.007227111148032902,18.318270287083266,-0.19470433204160653,-708523.1322345481,0.7351321928547074,1.974158373887261,73.0,46.37362637362637,0.21978021978021978,0.48972640053879435,-0.00013890270744551,15.326606753375616,0.29234860364318627,0.090582993902723,5.756789444830833,0.4341253697013122,0.47146021591023096,0.2695094670576526,0.14147832937554772,0.10656376794565728,0.14477079051948522,0.24510580142243799,0.235109894484509,0.23535481231001432,0.2156212028832429,0.22313512918726613,0.19303442077912278,2.427384161823319,0.16370939131611145,0.15228203198550624,0.11694355325537004,0.10467988778784909,0.09494775422046157,0.10604246955054494,1.4294825295914548,0.13175562130666843,0.1415314091696069,0.19158317622285584,0.20590431857069919,0.23839250568453857,0.2573528876789913,0.13012386860197359,0.689856603931732,0.42034699673336906,0.3614438247617787,6.246996663639198,513.4618019152996,39.02496731551928,0.05044379475604892,0.27514644562796775,0.02894820815371953,0.30299687256367613,0.3194225721172484,0.31770793249730656,0.2899132757931821,0.22888334862339474,0.1347395170277954,4.769136756218364,11.51854370585956,3.9199478192481942,11.094975564666782,10.578192044388873,9.860380892461391,8.851528221054478,7.510448887765781,6.010561028436661,2.0819805233663455,4.768869973388206,11.515256989631418,3.9198409287716465,11.090837465032548,10.573368249918945,9.855261184466192,8.846779195879295,7.5069604307246225,6.009050602142796,22.74212082308363,132.6011435372552,15.365152906873364,123.0066756757696,111.79611614839402,97.12617301404596,78.26550214064271,56.354454908465215,36.1086891391127,18.0,6
19372.648242185038,18.75855314316327,11.0,4267.103137045163,1.4740358177244883,91.0,364.0,-7.69,0.00075383764,0.002197802197802198,0.004395604395604396,0.006593406593406593,0.008791208791208791,0.01098901098901099,0.013186813186813187,0.015384615384615385,0.017582417582417582,0.01978021978021978,0.02197802197802198,0.9849995507582284,0.21978021978021978,0.7039999999999988,0.297333197864705,6.505614119525,13.839877063086671,0.20153281756656585,1.3472653887487636,0.3710698887409401,1.3472653887487636,0.3710698887409401,0.16223652754753748,0.24308629698228557,0.3964943839137357,0.08253457797642312,0.3964943839137357,0.24308629698228557,0.1622365275475375,19.665583410978066,-38.75683378936001,59.30042900765059,34.082305921289674,-77.27264759942324,-37.26089524984682,76.69900530003666,-70.3517581477211,8.974827035887131,57.43031002339659,21.668358348599273,24.917592599657517,39.99,0.9972837212935386,40.65934065934066,-2.5829333677669086,4.1288913972406585,0.8562564479845517,0.0024229222455055374,-1.33,2.39,0.27,2.4486779999999996e-05,9.23076923076923,-20.45,85.0,11.0,60.44,86.0,13.186813186813188,6.525124434363161,718.0645728525363,2.440522419028224,0.008338889362304579,12.829534017931485,-0.3039110779940586,-1055682.6569301838,0.6481393118585803,3.445274661601436,71.0,40.65934065934066,0.0,1.1005968256331493,-0.000253951010293622,12.441200899807917,0.3069523587303804,0.01851730459369855,7.70436681071492,0.5933659570302213,0.5554363770416426,0.3938721793661673,0.30401497544029116,0.3416834853693255,0.22513908839125982,0.26245141092577884,0.22765901814790543,0.17688421256543155,0.14561375150096087,0.07848776014966875,0.03918788469371109,2.5307262717529326,0.029255600102087335,0.015686355851233208,0.026756996635458993,0.028641976000826175,0.033955090957781736,0.04226433271334935,1.6223557123745467,0.0361892537910585,0.040356409841378955,0.034245188698593075,0.026004444293178275,0.02312428120907255,0.017584191755608325,0.0076691319773296105,1.0176958738416966,1.4176089036460158,0.8716163521706051,5.99213685604722,388.74042738498645,35.90570410159946,0.020716193609377324,0.37996299913932396,0.0023052471935930286,0.3612239002617714,0.3160064734878158,0.24386099726892863,0.15291715119552085,0.06804967610536894,0.025696769561576984,5.767849553374868,10.855547383626893,3.2511423287501557,10.121117526001797,9.455677949865143,8.847782717995294,8.279347939092586,7.7004284445016955,6.958480194310017,2.0881346745824785,5.767812350422732,10.84889566349745,3.2511415114735263,10.114669409774123,9.450396044625837,8.84442145303282,8.277935650959538,7.70012775676305,6.95843274672098,33.267659309689,117.69853711745377,10.569921127626364,102.30653726902042,89.30998540027966,78.2237908388672,68.5242186414269,59.29196747047276,48.41978629063888,17.0,6
21665.900947016627,18.58310744527401,9.0,4772.224878197495,1.5602205769804243,91.0,364.0,-7.65,0.00087645403,0.002197802197802198,0.004395604395604396,0.006593406593406593,0.008791208791208791,0.01098901098901099,0.013186813186813187,0.015384615384615385,0.017582417582417582,0.01978021978021978,0.02197802197802198,0.984877529081531,0.21978021978021978,-0.22600000000000087,0.3193859838603271,6.21569392139,13.207602718892563,0.09228564589753799,0.47578132982226196,0.40086566736326856,0.47578132982226196,0.40086566736326856,0.21503216277837228,0.3309489501101366,0.3809351522138368,0.24849834034765494,0.3809351522138368,0.3309489501101366,0.21503216277837228,-38.26932906948836,-12.273802466224637,42.37510024821921,42.44987329454534,-37.71377063340434,27.252423408782246,83.6548166996057,33.21440465251186,60.803898378530214,85.60156557886744,65.82342605234157,38.25333083870474,39.99,0.8791613001706472,46.81318681318681,-2.2370085407305584,4.292471124502819,1.159397576552727,0.00797519577178416,-0.93,2.6599999999999997,0.2599999999999999,7.899732000000003e-05,16.043956043956044,-33.13,92.0,10.0,73.12,91.0,44.61538461538461,6.900533654632652,853.3466439853701,2.2749425275501785,0.0068855706098444255,19.06064772709331,-0.19142750704466882,-656482.7637128094,0.712520471991172,1.7958855382427448,75.0,46.81318681318681,0.21978021978021978,0.4209810516135651,-0.00012334188244724837,16.004802395059656,0.2813469484636,0.03259403627505793,8.896428732609655,0.4713911683483578,0.41299150237319965,0.34252444399059784,0.31079228285985233,0.4313264844310729,0.46392132325116303,0.431622645904651,0.4474468892243939,0.3929386577127172,0.2957147418846475,0.20545782060285234,0.17900577103844256,3.0074473863542566,0.17286112235806933,0.1961075023180007,0.21396781954576183,0.25240156260742364,0.2830086513779509,0.3145330889701186,1.3241120366724324,0.3384604081159077,0.343509545266808,0.36024998752008325,0.35454742091948016,0.32698525181200505,0.3307190261637731,0.16911884420860548,0.600896720864573,0.5083825182051708,0.6665015693912637,6.527875420641573,526.366499754938,42.613157507416396,0.01796855855337825,0.5259906828403245,0.0039679586544331055,0.4999758206028578,0.44851515625684907,0.3706457810487655,0.27185607140399737,0.16820965090604006,0.08132563227869424,4.775852788416928,12.231032448940688,3.7057135209689354,11.507759683625297,10.712019024440673,9.744454849156412,8.540257541824372,7.099214988997668,5.664604132704781,2.0758607945686234,4.775818986051843,12.21971720493585,3.7057113965871786,11.496893367987905,10.702625179580327,9.737403247901295,8.535929542652568,7.0972219194098205,5.664020314387172,22.808446987533255,149.32148856860522,13.732296954796098,132.17855711488428,114.54618573458683,94.81702201223867,72.86209315712887,50.37055897335122,32.08112612179056,21.0,6
21067.4094412821,19.954175757792214,11.0,4640.39855534848,1.3547425726897717,91.0,364.0,-8.34,0.00072935508,0.002197802197802198,0.004395604395604396,0.006593406593406593,0.008791208791208791,0.01098901098901099,0.013186813186813187,0.015384615384615385,0.017582417582417582,0.01978021978021978,0.02197802197802198,0.983384071859549,0.21978021978021978,-1.8815000000000026,0.26444622225196723,7.195508067895,14.160625392922807,0.16372822975455417,0.9110607647119338,0.050701713322107364,0.9110607647119338,0.050701713322107364,0.36760042097111545,0.5019199226301907,0.4748056254262648,0.1977755271599349,0.47480562542626475,0.5019199226301907,0.36760042097111545,-12.980489250845821,-108.39051536539371,60.882077721064256,44.683535955224094,-18.44632744672909,81.22222545559742,78.04178448672053,-9.100979974728425,57.0292750808741,52.71841949651581,99.66007879578314,67.68627888599781,39.99,0.8466747865904128,42.417582417582416,-3.0737955433220963,4.353660455951962,0.9550972805271004,-0.06037245810914094,-2.22,2.81,0.19499999999999984,-5.209015500000001e-06,16.043956043956044,-36.14,95.0,11.0,76.13,93.0,11.868131868131869,6.8045572061706245,773.081073506856,1.8783687796485031,0.010833002451132457,16.423252398574853,-0.32841357887605666,-862743.8838655379,0.7075483519455622,2.240558025052224,69.0,42.417582417582416,0.0,0.49383429821944475,-0.00017862379828476743,13.638758511758763,0.22288993281473124,0.12233123871451576,5.578632461281869,0.4261906122256806,0.2267709019208641,0.2808091354065896,0.1755558720786453,0.1644616885029912,0.23038411352132837,0.25796719829422404,0.23673626822033114,0.1607820145643172,0.11293275177193018,0.0900089989383661,0.06458545543029479,1.4017712143859313,0.046213601877520875,0.03248476603809084,0.021268113108222412,0.017610827963412543,0.009471539235874188,0.008894172414360427,0.61017922864926,0.010796613034827091,0.014484518958914337,0.010470396897384826,0.014913605317282442,0.01475755096835489,0.013955049055622918,0.006457770892318022,0.39373810555475,0.28676551997516636,0.43593928779477853,6.070731399913999,433.61416535930357,36.85377972990178,0.04001086843566129,0.020084484867161485,0.04008883714518227,0.07592733034092508,0.12235502114773232,0.15445398127259083,0.16487496195322682,0.14631812342674116,0.09342626774282355,4.259091703287107,10.320302626400768,4.452256917676427,9.540712564271,8.69830002020703,7.757126123640797,6.7124101698223235,5.614040709503745,4.672995104061185,2.068380971328288,4.258903763577676,10.320283083034214,4.452076430850434,9.540410435329596,8.697439421481103,7.755588286244929,6.710384976650377,5.612133649043132,4.672061084262004,18.138261267416095,106.50824291396219,19.820984546133943,91.01943127454584,75.64545249033354,60.14914966573954,45.02926653485508,31.496044094722183,21.828154775075454,10.0,6
19608.87084344507,19.628545123008617,16.0,4319.134547014332,1.3221946917839174,91.0,364.0,-8.29,0.0007334497,0.002197802197802198,0.004395604395604396,0.006593406593406593,0.008791208791208791,0.01098901098901099,0.013186813186813187,0.015384615384615385,0.017582417582417582,0.01978021978021978,0.02197802197802198,0.9881743639008408,0.21978021978021978,-2.5135000000000005,0.33236830291009334,7.080602386765,13.123174935141101,0.29446309792366265,0.9548786461206196,0.4305572064892583,0.9548786461206197,0.43055720648925827,0.16417794236914052,0.4840563874457758,0.6219111966805413,0.10540259645217823,0.6219111966805413,0.4840563874457758,0.16417794236914063,-6.936455411610549,-32.42530202756787,50.843170291628844,-2.874610013625677,-84.4571140215846,81.10122434241796,74.36150821896554,-122.8072909065939,158.72172642994815,17.819220769474395,3.2896091858466567,78.19679755808217,39.99,1.3444274535567027,43.956043956043956,-3.086538217821776,4.241641813078017,0.7128758886552737,-0.019646083033744488,-2.44,2.4499999999999997,0.2100000000000004,0.000150872195,10.54945054945055,-25.4,91.0,12.0,65.39,91.0,2.6373626373626373,6.564786320676631,670.9137102664736,1.7732338719135199,0.007861003853667984,14.759718986290016,-0.37592680364540376,-910401.3531627713,0.6286410225771657,2.5580486209212268,80.0,43.956043956043956,0.0,0.8292817469593834,-0.0002134927893292353,14.258130800224603,0.20716459022780898,0.1000908254754697,5.4111051841206335,0.40289748002364756,0.28317465410523207,0.18408946506529747,0.11135548750314125,0.08201769520659147,0.10925760493627726,0.05931382127303797,0.06728172014689554,0.07743607166143286,0.08041428462374213,0.07124888833723753,0.04452880669628137,1.6276120758319788,0.024002670635989123,0.013085831733211279,0.0063889278969651055,0.006217221471130279,0.01449957870686158,0.023132243163278852,0.9303510514441877,0.031107063002146242,0.03240747949037452,0.028937861717672087,0.021704284714172094,0.01190234142649532,0.003973977732736783,0.0004319241767279943,0.5707952555277698,0.534968729698665,0.40576568416720465,5.79393659492996,323.64565344949426,33.56970126606858,0.037608961389534616,0.208890742284099,0.017197664883776973,0.25393196478434016,0.28335994670668724,0.2890516645617826,0.2611145122369943,0.19199105171854627,0.09691861409414472,4.177614255383209,9.778972508570371,3.0075999880054516,9.12493897913251,8.470021423653348,7.755440935894242,6.950354654740411,6.052492844388554,5.104869954428234,2.0486765671309017,4.177444964664909,9.77674117388627,3.0075508188845186,9.12140504144798,8.465280270478294,7.750052467264865,6.945448080445994,6.049447005093495,5.103949846331387,17.451046432804205,95.5846679811631,9.045361928172937,83.20002993015264,71.66097005774907,60.06331324535822,48.23924903817094,36.59580906743466,26.050304033866194,14.0,6
20608.04083505675,21.16204436364653,18.0,4539.216042964042,1.332473689034885,91.0,364.0,-8.58,0.00066128641,0.002197802197802198,0.004395604395604396,0.006593406593406593,0.008791208791208791,0.01098901098901099,0.013186813186813187,0.015384615384615385,0.017582417582417582,0.01978021978021978,0.02197802197802198,0.9802092587169366,0.21978021978021978,-1.0874999999999986,0.2664386395498285,8.03044865665,17.69301167849695,0.36528051960090324,0.8894166861115544,0.14400071509049606,0.8894166861115542,0.14400071509049606,1.0621697690712482,0.4542522021911154,0.29864632357099224,0.018956387428652,0.2986463235709922,0.4542522021911154,1.062169769071248,-28.686091192821532,-92.31033348734303,56.521808892584836,2.5490288085522934,189.48650822727214,-3.4559217975856975,-15.919545169907336,-140.89426060147724,-3.4365902080351747,78.29131894324254,178.69944350967108,116.21786073354787,39.99,1.1343669970473875,40.879120879120876,-3.5626934723542725,4.202659843577182,0.735324685520207,-0.06916284707421587,-3.82,3.82052139279,0.22999999999999976,0.00018052987,12.967032967032967,-14.78,82.0,8.0,54.77,83.0,1.978021978021978,6.729962662577346,676.3419827291314,2.770185180324343,0.007209023340864031,16.8164825058573,-0.44883317893964647,-735999.6524598692,0.6436659245194934,1.6909840721312543,62.0,40.879120879120876,0.0,0.332040157860894,-0.00017038138067656662,14.600185348844029,0.2166530771841213,0.2853199667978371,3.0328131679297345,0.0992771188389301,0.08913133899478742,0.08796068455165343,0.06858646627122969,0.0778895242070604,0.06424706867389969,0.06202988909901916,0.060674750499800666,0.05071687176892512,0.040951186663765016,0.04224681525067171,0.04009683719786838,0.4123529640095167,0.03731014136875437,0.030436290371042327,0.03134326212808749,0.024076578510137076,0.02091348858951171,0.0160158749392822,0.22987081344777982,0.015552477288278316,0.010336905329299827,0.009849948801940598,0.006063114044552465,0.006033582751883868,0.0031840306217373014,0.002658991693333319,0.084675699402885,0.08639020529076882,0.12122706734509466,5.709607049677711,333.837407226174,32.59961266172942,0.11440380250231444,0.034065703403594244,0.05517598770567201,0.0749302834731675,0.11159008498257467,0.14358196645386542,0.16868249781937433,0.18208169049549164,0.16818163185635204,3.199137315340004,7.793274580376258,3.0619403957483673,7.047849152227936,6.438914614807563,5.924622247503487,5.471648312369578,5.0407790455732036,4.431443145167781,2.0726950282654326,3.197091073518841,7.793200126584095,3.0614432213412637,7.047450824601664,6.437947582088254,5.922882152678922,5.469047583371924,5.037489418775607,4.428250589968983,10.221391332373857,60.733968212990355,9.372434597496374,49.66656312517867,41.447169069716004,35.08053299452251,29.910481469186276,25.376299644276198,19.60940328756065,12.0,6
16517.728942458194,19.545719545177608,20.0,3638.266286885065,1.3662359158320776,91.0,364.0,-7.63,0.00074016189,0.002197802197802198,0.004395604395604396,0.006593406593406593,0.008791208791208791,0.01098901098901099,0.013186813186813187,0.015384615384615385,0.017582417582417582,0.01978021978021978,0.02197802197802198,0.9751651909550457,0.21978021978021978,-0.20250000000000234,0.2501263907943595,7.080542646075,12.748211502857794,0.2785742840984514,1.4619232291602868,0.4776220539169347,1.4619232291602868,0.4776220539169347,0.07206446912772109,0.742712984028626,0.3703871786026503,0.295101150875053,0.3703871786026503,0.742712984028626,0.07206446912772105,20.608857232788388,-35.66210707879866,20.618971298560517,55.41481330074656,-180.72555967461858,153.07399375571313,-22.942274792834336,-8.720820195024046,24.890035579993764,2.9450526485186,33.52700010563576,22.007401660704062,38.31,1.177895713005452,44.61538461538461,-3.438082975617965,3.9091029257488707,0.6702166387353314,-0.01475642477504403,-3.57,3.5705319849699997,0.22000000000000064,-2.6065499999999658e-06,8.571428571428571,-20.94,88.0,11.0,59.25,89.0,2.6373626373626373,6.025172277407145,645.2055924117217,1.6886700044339924,0.00990255942352389,12.746883975580122,-0.5520775334345156,-889829.0654736608,0.6039223124010691,3.652635162196235,67.0,44.61538461538461,0.0,1.1644277931129892,-0.00025568342129618564,13.16204852629672,0.22379611868112415,0.044603205364969443,3.679670217985067,0.10369555845946808,0.07770201779506955,0.0642390067771016,0.04582420026803433,0.054551908490550284,0.047368908531957826,0.04642793014249262,0.058059855492611175,0.04424084450738932,0.03010387440361397,0.01664967805160547,0.009241055414760967,1.0858265414656523,0.004719774609156955,0.003922927006392214,0.0021334324537773007,0.0021646124261244537,0.0025523145564487286,0.002319305689710013,0.6755995030942257,0.0021835276742336995,0.0023343361273199447,0.0027657755817128457,0.006229180797532221,0.007186189081014176,0.006254689603350662,0.0033771790448425855,0.3834063121043157,0.1780964938119296,0.12503045807538654,4.947957803498481,304.27835398584045,24.482286425201515,0.028336836535310876,0.09310577049163558,0.003948683564842105,0.13825234871600356,0.16997387559881738,0.18123824940711014,0.16328845343639456,0.11131558740396733,0.033098842752180446,3.8972838869711137,7.3126172085115355,2.6523122150245957,6.728525541353615,6.253503312054154,5.880264374415146,5.570831309031419,5.204487498480283,4.621234614384565,2.081374718081532,3.8971808681840567,7.312024463424628,2.6523092756816244,6.727105042194783,6.2511928905998575,5.877470698350423,5.568437694242351,5.203296931930606,4.621116080320265,15.188018719339839,53.46570175372021,7.034744493866783,45.253942248722474,39.077412555486205,34.5446618099678,31.007498354659074,27.074298961838466,21.354713827794527,10.0,6
19725.54213565351,20.077706475101177,11.0,4344.833069527205,1.7338113635942856,91.0,364.0,-7.52,0.00076021941,0.002197802197802198,0.004395604395604396,0.006593406593406593,0.008791208791208791,0.01098901098901099,0.013186813186813187,0.015384615384615385,0.017582417582417582,0.01978021978021978,0.02197802197802198,0.9759729304043854,0.21978021978021978,-2.5500000000000016,0.2754264277011663,6.805481797754999,16.61414386339215,0.21651754275144924,1.308795337401114,0.30587623995601526,1.308795337401114,0.3058762399560152,0.17770403351987887,0.32047831560608125,0.4560584830976316,0.04484359438381935,0.45605848309763153,0.32047831560608125,0.17770403351987887,18.017051440540197,-58.84711683824442,51.11674645243248,23.03190048969614,-77.92350926663289,26.494032692232025,67.7217851138923,-95.14884389987141,49.406280478091574,-6.007750016250388,48.3659384839547,65.76676453437886,39.99,0.892721318933179,40.879120879120876,-2.7889098544343063,4.145257952562365,0.8516886226805173,-0.014117451293898678,-3.18,3.18061586561,0.20000000000000018,9.686790500000001e-05,9.23076923076923,-16.73,82.0,11.0,56.72,81.0,13.846153846153847,6.584287346294901,729.7386859204951,2.8625602752971595,0.010028226402116725,13.07440368308351,-0.3224462201784653,-1066746.0769106878,0.6716396956368365,3.2209569899634696,63.0,40.879120879120876,0.0,1.0161608946471392,-0.0002488183462315755,12.601153915761635,0.2234101864857172,0.237641197130588,5.376475350443596,0.5905819906031632,0.30711292047887767,0.2770637508731106,0.2262766095299278,0.25859553789277784,0.1979318499587137,0.2431102345999003,0.1741020781662599,0.13334988965619443,0.07526649189110425,0.060776241341738646,0.028839193255070072,2.1477262559668917,0.02436668714547484,0.010242324086784658,0.008300935045894171,0.004796197302650196,0.007252055401168202,0.007604930417433748,1.0725460650002527,0.008538159174136578,0.007924831141186108,0.007238280076067379,0.005379557201732507,0.005793249508028528,0.0038624990025522467,0.0018404318809658838,1.0246238241342727,0.7704830713676847,0.7493433106547254,5.964463235063015,386.6666346969548,35.57482168241837,0.03467394575698722,0.22230157500359518,0.01285879936321146,0.24932387581235052,0.2600778655722484,0.2487721029343351,0.20988466867432023,0.14349518772579573,0.07032551978040662,5.415341749052424,10.76692902552199,3.474824923937928,10.069994673004683,9.372096428157548,8.680997326026121,8.02295465621605,7.387999986828706,6.617652436789604,2.0773839306230673,5.4152307408379015,10.764633883712849,3.474801131474888,10.066907684055346,9.368487122397235,8.677432051896131,8.020208840270575,7.386606320664483,6.6172787530385175,29.32472397651581,115.87734265037876,12.074242903299162,101.34263031929258,87.76855096252284,75.2978270152743,64.32374984155429,54.56195293648049,43.788378095415,13.0,6
7300.505292362472,9.026026495822304,26.0,1608.0408132956986,0.5058525304730602,91.0,364.0,-4.69,0.00070078652,0.002197802197802198,0.004395604395604396,0.006593406593406593,0.008791208791208791,0.01098901098901099,0.013186813186813187,0.015384615384615385,0.017582417582417582,0.01978021978021978,0.02197802197802198,0.9918469961174472,0.21978021978021978,-0.7075000000000005,0.25190953968621704,2.485623726605,12.96518582870499,0.2562421340483151,1.082908300604195,0.24535925503942885,1.082908300604195,0.24535925503942885,0.5562538696369932,0.3559073590541793,0.4443318029493878,0.32976505642708176,0.4443318029493878,0.3559073590541793,0.5562538696369932,-4.72898876820519,-61.143138730113535,40.50362412910401,18.67787230219635,36.249544837370024,28.794627188829857,30.63062270097717,20.23048658627944,48.725651486246875,-37.11563462893924,30.473382105188552,-19.30762511384143,29.87,0.5227445772117446,41.31868131868132,-1.65982833383123,2.5706937652766877,0.33460647961675605,0.011079896476519826,0.00017537584,0.0006282849,0.000623693745,2.467925000000003e-05,7.252747252747253,-10.9,125.0,16.0,40.77,126.0,3.5164835164835164,4.005629360864634,553.3351242550368,0.6856455032055256,0.014199549094521114,13.228871285876064,-0.31329532815245037,-592347.2743829509,0.5807650607436756,2.6123545504417423,70.0,41.31868131868132,0.0,0.8918506266106805,-0.0002455805817125954,13.715470707004132,0.05422966242681082,0.028872697862636194,1.879511154184214,0.04074262526063799,0.016210842784462807,0.03833227021502114,0.025321421973241925,0.039828289803911114,0.03593192046082823,0.05635191657448201,0.049136643057026336,0.049136263682298,0.04183831307746547,0.03600326627839711,0.03159955975365345,0.9700600654029076,0.025986107117894,0.022492412856928108,0.016912251740112145,0.017885564316088773,0.012245426434873086,0.01273515669491356,0.3779673912705855,0.009177809521786555,0.00839870500896143,0.006215956902450365,0.004832241399366673,0.0017512627106876894,0.0007403586822721046,0.00023044486254318453,0.20977911408235542,0.0810461257705372,0.040145189212329825,3.645550229914802,151.91134174600725,13.290036478831864,0.007106491284587747,0.09029944204693381,0.007688310774486805,0.13431903948040427,0.15928660770591754,0.16140300730052604,0.13811280651497057,0.09179166351586558,0.03425266879912562,2.1331262107917968,6.228221167421629,1.4785916731256017,5.89798263490298,5.514304516829679,5.047046827527856,4.491873439936343,3.825341902382896,2.9994946565622467,2.0509649562044574,2.1331143731522206,6.227566532850922,1.4785716843338375,5.896452964049671,5.5120034543651855,5.044465358042747,4.489749642583884,3.8242404423147063,2.999299076355275,4.550176928948591,38.782584921084855,2.1861742257138013,34.768157557250156,30.382182080933735,25.446630748493344,20.15785185308211,14.62481496063538,8.995794949425607,5.0,4
8520.343194273786,9.662887259556188,14.0,1876.7275758312305,0.6260629976700817,91.0,364.0,-4.85,0.00076686743,0.002197802197802198,0.004395604395604396,0.006593406593406593,0.008791208791208791,0.01098901098901099,0.013186813186813187,0.015384615384615385,0.017582417582417582,0.01978021978021978,0.02197802197802198,0.9960174474080475,0.21978021978021978,-1.4424999999999981,0.2675022779022547,1.95066764202,11.356110877712588,0.12944801221069724,1.2860454413324884,0.5237384624270883,1.2860454413324884,0.5237384624270884,0.18088353611528096,0.2624722012132179,0.5852301370873825,0.5496060288811564,0.5852301370873825,0.2624722012132179,0.18088353611528088,15.194551266893134,-14.075662275818377,-20.95165412655525,52.70536615163748,-180.08928681715815,11.442341264544593,204.03833850503054,56.622889153806824,-66.56767074659079,6.616796493319371,28.955945009896855,-33.03645963336653,29.69,0.37530592594955786,42.417582417582416,-1.3798048831157388,2.6714487240765576,0.490642440021318,-0.018281708252334817,0.00022801367,0.00060669522,0.0005857570444999999,2.7729050000000225e-06,8.791208791208792,-11.82,113.0,16.0,41.510000000000005,114.0,21.318681318681318,4.327358200843088,617.6473639845632,1.3376145696798754,0.011828649705430759,12.557697636124328,-0.20642046832672664,-693835.8334815755,0.6388482976289136,3.6705564031956674,84.0,42.417582417582416,0.0,1.1578725020295193,-0.00025964891830845143,12.760518424002065,0.09634611417087924,0.02715458978499047,3.006891705918317,0.13253226309700433,0.13290890740236805,0.1601367589550131,0.19356309581921535,0.23653191611587826,0.18383958926568134,0.13710185576179307,0.09841148514606883,0.06570436847874131,0.04064154633873284,0.018879087356046955,0.0067657910011823235,1.2352357748002514,0.004585888590479235,0.00451027833238921,0.006329250046808276,0.006517651141504177,0.00903269897933922,0.010465218015262527,0.5909554490289464,0.01144572630169788,0.013019311462527093,0.016068560767027916,0.016578863952006806,0.01752311402666466,0.016631742731635132,0.008851602963761317,0.298415842177972,0.21693230446100983,0.19362149445774995,4.101483570969642,222.7516677696784,16.82216748293389,0.025105600878686036,0.23150046400210997,0.015111157444014704,0.24023109754946567,0.22975223504528133,0.19912699535398,0.1507755824844818,0.09242929217812958,0.041435229021630285,3.0143789171403266,7.774882072957886,2.3070263694367124,7.248142877784051,6.6485868758580535,5.972947504985118,5.213820870398351,4.335109926092728,3.3767763171489436,2.059388767068051,3.0142743678876696,7.771434795684046,2.306976879424032,7.244160696488024,6.644615967557767,5.9696273197771115,5.211640316860699,4.334124467208476,3.3765220890516776,9.08584996490461,60.39519878356873,5.322142322197044,52.477864196541844,44.15092135632364,35.63645033702926,27.16119479232788,18.78463489725516,11.400901417853904,8.0,4
10374.357299272384,10.165037273968416,7.0,2285.100726711979,0.4662032161053806,91.0,364.0,-6.01,0.00076107543,0.002197802197802198,0.004395604395604396,0.006593406593406593,0.008791208791208791,0.01098901098901099,0.013186813186813187,0.015384615384615385,0.017582417582417582,0.01978021978021978,0.02197802197802198,0.9963273677833933,0.21978021978021978,0.6369999999999987,0.1433583052899402,3.4256865191449997,22.259452478381128,0.19345062676128136,1.4441557927865802,0.09904295278497433,1.4441557927865802,0.09904295278497434,0.15440943079189098,0.3092693087051194,0.3195402391537068,0.2567846103504472,0.31954023915370666,0.3092693087051194,0.154409430791891,24.12133010891256,-88.29315545203887,105.50616861297542,47.03876211795621,-73.66102214318275,-31.850447741238067,129.76107196285358,-36.69338484980833,-86.59479522230734,150.73600515006515,23.48935006290767,-6.397294086497838,37.05,0.42460931400857505,38.02197802197802,-1.670969726484812,2.9810594566044832,0.5281695243299186,-0.011299352191325976,0.00030851792,0.00047127502999999994,0.000527664795,1.858137500000001e-05,11.648351648351648,-18.97,124.0,15.0,56.019999999999996,123.0,22.63736263736264,4.775016782496802,642.3470943293639,2.1478457812397482,0.014907025705668535,13.679308324176079,-0.2111600348270866,-806157.5052419647,0.7276076698599215,3.124955587809299,76.0,38.02197802197802,0.21978021978021978,0.8652772628607059,-0.00023613906106828957,11.930286950014427,0.07428380781241273,0.0302377030594437,1.6674385832831407,0.1409034493357294,0.13837684469928427,0.0983904079443621,0.07559541102270345,0.10367458832153707,0.11178655586293273,0.12229989967410161,0.11397127612794752,0.0990496059910163,0.08069676769204363,0.06015381308560006,0.04830293261259555,1.0932119161804918,0.0368771643209783,0.03175864126050407,0.02210570316227045,0.0193637327494771,0.018071963534486556,0.01372483360813154,0.6401709814157431,0.011674920081396957,0.00862679429620525,0.007541213946508771,0.0060793894687257806,0.005893844582735404,0.005733966219142879,0.002712303182930404,0.31037105715913105,0.21602134162407297,0.23476121687460036,4.473102440845435,239.78896404578302,20.00864544629739,0.025607817333624383,0.0039233426856884485,0.0044129427775329,0.0677502935669435,0.11800525419627259,0.14849471684896728,0.15006192534669288,0.11433046403097243,0.04178915526774249,4.39240974103024,6.714494233440508,3.13648791382915,6.557193920047518,6.355068435275652,6.063542625705945,5.671563101069508,5.2243781850136415,4.818369208691113,2.1049531931416885,4.392335093408601,6.714493087217232,3.1364848093897044,6.556843905632476,6.3539727397132415,6.061724052843456,5.669577535229095,5.223127029380091,4.818187989043664,19.292607572788746,45.08441741828799,9.837536959532372,42.99220200282974,40.37296957701899,36.74449849282089,32.14410942797442,27.281055965040892,23.214935497764625,8.0,4
9131.216292570567,9.806471062292308,12.0,2011.2811217115786,0.4268891810894124,91.0,364.0,-3.75,0.00075772387,0.002197802197802198,0.004395604395604396,0.006593406593406593,0.008791208791208791,0.01098901098901099,0.013186813186813187,0.015384615384615385,0.017582417582417582,0.01978021978021978,0.02197802197802198,0.9943360914874172,0.21978021978021978,-1.8570000000000029,0.20288563144952151,3.11069133353,19.868880704370042,0.15575100195752697,1.5715589846607578,0.2122684268068875,1.571558984660758,0.21226842680688757,0.12923197119346566,0.2547912902492137,0.3107669556739939,0.46033284133711705,0.3107669556739939,0.2547912902492137,0.1292319711934657,34.94505530562318,-76.20337113205477,30.935366231211187,60.6868305069591,-93.34451382804961,-62.30507344043733,113.90396335092136,24.011201976378594,-109.7922605949665,126.81507663854507,30.918057606178717,-19.100260294670107,34.92,0.40693333047791924,36.48351648351648,-1.6195224547606903,2.713357215448178,0.47098360502061276,-0.0022899698032819308,0.00024247543,0.0006017758300000001,0.00056733181,4.460310000000003e-06,9.89010989010989,-21.66,112.0,14.0,56.58,113.0,23.516483516483515,4.4797999103105965,607.2425702400626,1.5163875219951588,0.013692531572166074,12.246325234840219,-0.2334759442824888,-802932.2154534709,0.6949369493152594,3.687670788118694,86.0,36.48351648351648,0.0,1.0596494259660703,-0.0002661755329178675,11.34253452340397,0.04667019425979446,0.012418578767500514,2.516011847879729,0.16155986692947424,0.14260346236277976,0.14009712722280873,0.13300313461150456,0.10384037470067059,0.11511285021267939,0.10156455994633531,0.08455521444440248,0.061383570279908796,0.047604998056380445,0.03186635853832528,0.022814418306479133,1.5511223159597387,0.016143121195318258,0.009934413513694123,0.009805861957723778,0.00767062575651152,0.006260731452861637,0.00498470120443446,0.5919316822191852,0.004746203533457626,0.004090311223130664,0.003102037345716949,0.002626464481945698,0.0026803391379920114,0.0026309827214424297,0.0013283433253767976,0.23840565217880885,0.14430284577793984,0.22608288654450093,4.176811493824535,213.8265566793582,17.44575425494474,0.0347456995034175,0.17750865673201835,1.477644148225262e-05,0.2017053774743258,0.20283752318864567,0.17784513546072178,0.12599163991380055,0.053070030971380244,0.018493342392565077,4.006848679410049,6.677530498463766,2.60564817308591,6.410995590985565,6.098726599674169,5.719761485548127,5.280496939782475,4.814323925937615,4.378280584455263,2.1005913096603046,4.00669802656203,6.675170727007584,2.605648173044012,6.4078217366226955,6.095352580184344,5.7169959383711895,5.278993657670363,4.814031411994325,4.378241527429142,16.05362907605607,44.55790423469897,6.789402401687598,41.06017940833429,37.153323076759946,32.684042559352676,27.86777403772392,23.174898435668073,19.168998872505068,8.0,4
6426.286296010862,8.378041100904015,27.0,1415.4815629979873,0.5562892402996263,91.0,364.0,-3.12,0.00072353474,0.002197802197802198,0.004395604395604396,0.006593406593406593,0.008791208791208791,0.01098901098901099,0.013186813186813187,0.015384615384615385,0.017582417582417582,0.01978021978021978,0.02197802197802198,0.9930305329640835,0.21978021978021978,-1.4225000000000003,0.19093835435410034,2.29064683492,11.286598072105166,0.23183888187995333,0.9659492445552226,0.5182997616260803,0.9659492445552227,0.5182997616260803,0.5621567927659663,0.30353857185386385,0.154969440904826,0.22386077875007393,0.15496944090482595,0.30353857185386385,0.5621567927659662,-12.356772735137415,-18.161628512605528,39.99273330730438,48.753105586251884,36.81272024138827,6.2180541271316425,-44.01828127497195,-6.276878923654183,-26.032373839102117,-4.507868789147142,75.84431082218937,61.89694769579043,25.9,0.48167791675809124,43.956043956043956,-1.3983640229802272,2.31091205659204,0.3695349986756493,0.00630070243874449,0.00025967819,0.00056110878,0.000534160228,1.6510699999999659e-06,8.131868131868131,-10.53,116.0,16.0,36.43,117.0,27.252747252747252,3.7581519587529746,564.7426047083401,0.9607783186505431,0.012673607726596878,14.2129682800235,-0.2514389234471918,-537294.6057296062,0.6204196001356624,2.5059371600273184,83.0,43.956043956043956,0.0,0.887857565478516,-0.00022495312149904646,14.560567604281683,0.07373413471361678,0.015204273586499692,1.4137573917296058,0.15823935968050165,0.06712056307163516,0.05690201785931296,0.039879105973392726,0.039150982549091676,0.045896494761993936,0.03894393682481944,0.03686608169830223,0.029044776246778124,0.0268023734341214,0.027647217502283036,0.030423773690036498,0.9223979526812617,0.03235456325381685,0.02832091855238327,0.02439436911423778,0.017749428425163433,0.01550947134583437,0.012653343026226331,0.41554965192338356,0.012651470822841166,0.011252757118268786,0.01056133733798151,0.008825808353444325,0.006714243789910633,0.006959406046287349,0.0025128442765274595,0.35418426095318556,0.22922516327224837,0.16654496775648983,3.488306781851816,167.7688893987448,12.168284204313371,0.0038667546877344207,0.07845458650542277,0.0039405911749131415,0.11987899609309396,0.14500679484526663,0.14886279430544458,0.1265436549940274,0.07975424149940985,0.025515477692783377,2.625222741848882,5.652194577593259,1.4331123563807575,5.445226501489419,5.1914031915348025,4.892805087003482,4.58136845282053,4.244726164119318,3.690383906426956,2.0851590515349074,2.625219894128632,5.651650061781153,1.4331069387008075,5.443906747806984,5.189377624197958,4.890539999619543,4.579620465047287,4.243976845992678,3.6902956978016257,6.891779492528746,31.941148420830906,2.0537954977524,29.63612067881841,26.92964012652644,23.91738148787872,20.972923603879927,18.011339469321957,13.618282337213186,3.0,4
7848.768599458548,9.025723032211284,18.0,1728.8036562684026,0.45793068769565437,91.0,364.0,-4.32,0.000714206,0.002197802197802198,0.004395604395604396,0.006593406593406593,0.008791208791208791,0.01098901098901099,0.013186813186813187,0.015384615384615385,0.017582417582417582,0.01978021978021978,0.02197802197802198,0.9913491770434532,0.21978021978021978,1.347500000000001,0.2337541626221859,2.4456384165850005,24.316694863393202,0.1688670113942853,1.250361687571357,0.5129538881864617,1.250361687571357,0.5129538881864617,0.02012923747879854,0.4542735644835528,0.3856390064262204,0.35218302119891987,0.3856390064262204,0.4542735644835528,0.02012923747879854,12.616223811873095,-27.393530860727264,43.38694934219994,-10.08410903120514,-128.47231336073867,65.99249400569609,54.753469109123,14.224147241628792,-22.8865975280027,5.755934486115535,15.453553603563895,64.95833198735194,36.62,0.48514190196590945,43.2967032967033,-1.5616298620433442,2.5390543218034223,0.34921779840139916,0.011388607015110134,0.00026769584,0.0004914295900000001,0.0005141593799999999,2.1888774999999998e-05,7.912087912087912,-10.41,128.0,19.0,47.03,131.0,5.274725274725275,4.153316852580703,564.147736706072,2.0607051548188187,0.013206258067225701,12.496847379218611,-0.26095497188958566,-675497.60261543,0.6220739996296911,3.571670208178373,75.0,43.2967032967033,0.0,1.176632588209682,-0.0002609243883696056,13.118599851687897,0.0481064570373807,0.08070685979619326,1.5289219459197476,0.01129648777593107,0.01442709894139374,0.003983016998536468,0.02503457169517491,0.05487234976950253,0.03946314855969613,0.04881410837287161,0.04127664386418541,0.018029962381195676,0.012383162299270896,0.012793713828969253,0.008750876624535952,0.7049380524269356,0.004348675436819642,0.004005049441728502,0.0017515764454386162,0.0008471564530846775,0.001471920680922537,0.0007077374791905768,0.28426394470289584,0.00036699348946909587,0.0010361579205380787,0.0010177603944651217,0.0017147925710984096,0.0017435187287867622,0.001664524970935451,0.0006258009042073217,0.03319602820664771,0.04159752805533015,0.0392473472420178,3.848552072131201,158.5448804742352,14.811353051905362,0.05391287942502969,0.10898930709990635,0.0019819702171235223,0.16032918409068805,0.19726638840826732,0.21689040514891686,0.21532851405973033,0.1894064824754385,0.1355595856159528,2.663066392518141,6.948420449648765,1.8518641963878046,6.56164283396541,6.086244517017837,5.490617555611941,4.762857493621907,3.942475436086777,3.1623988128256677,2.0419882029730205,2.662520612575926,6.947565622290661,1.8518631357789666,6.559683775400948,6.083046793584121,5.486332080192411,4.757987508977212,3.9379230247103494,3.1594920240615934,7.089016012391686,48.26866807603502,3.4293970736571073,43.029451233258435,37.003458292934056,30.099839694148386,22.63844513558318,15.507237748543906,9.982389850108824,5.0,4
6476.139202862351,8.377374628705311,36.0,1426.4623794850993,0.5335711481126301,91.0,364.0,-4.28,0.00077953466,0.002197802197802198,0.004395604395604396,0.006593406593406593,0.008791208791208791,0.01098901098901099,0.013186813186813187,0.015384615384615385,0.017582417582417582,0.01978021978021978,0.02197802197802198,0.9938382724134232,0.21978021978021978,0.5779999999999985,0.24005341526535415,1.83068726343,1.5385918157758907,0.27933880434577774,0.8760011250264321,0.9169617925853407,0.8760011250264323,0.9169617925853407,0.6502654200724626,0.504088898518963,0.2396230361181113,0.6401459565304611,0.2396230361181113,0.504088898518963,0.6502654200724626,-27.3883478908826,39.8344426351188,75.1714681318057,54.885308018062375,19.804976562410296,24.395981277399674,-91.73486698626024,74.84932232381713,-48.7259304677338,-30.17995446003936,20.811364609827866,24.464230673456594,10.28,0.6227852574361271,46.15384615384615,-1.6764770089454484,2.56528435144344,0.26093305390268723,0.00839290129290749,0.00031232035,0.00048058381,0.0005039097949999999,-1.3121130000000021e-05,3.956043956043956,-11.28,117.0,16.0,21.56,118.0,4.175824175824176,3.7727010182790592,523.1327601497379,-1.2575066268592439,0.01556001161302064,12.175819980366967,-0.4488608102044727,-472187.5557739849,0.4554117644028773,2.9317492655680244,73.0,46.15384615384615,0.0,1.173438681514334,-0.00026765337945143313,15.488051044918494,0.03590615401627073,0.023874648018955672,1.6016800491870213,0.05105966512245981,0.020356767921465912,0.011132820720178063,0.023100457559206557,0.00578126600764469,0.006772458716759568,0.005686387434329166,0.008200648821392393,0.007661980849848702,0.008759066037089156,0.006671638167415705,0.0052463613817294915,0.6589487136844289,0.00911811116377755,0.008404557822939451,0.00792011636153129,0.006422907002195582,0.006552651376075064,0.005400260012633141,0.28882794385312044,0.006352223735402082,0.006845920273195044,0.009253283304723314,0.011127880354129885,0.012350651988002339,0.013260209425319712,0.005536211957317668,0.08675694718135073,0.0835165595513364,0.07929305786313402,3.379748187631909,118.46360647182,11.422697811801173,0.006268116975528679,0.09005795886944398,0.004892690825215399,0.03201287355911459,0.010216082176515246,0.033940206353829924,0.037096910428022045,0.02295969401361416,0.003389560038198741,1.3804092570396127,5.418635244543056,0.6786528831780856,4.93039551197853,4.395313888359666,3.813899266371879,3.2161276135538146,2.647277446338108,2.085966650571304,2.0123788902332786,1.380395025936502,5.417886809213391,0.6786352462276161,4.930291581688096,4.39530201566085,3.8137482450241285,3.215913656474634,2.6471778803739685,2.085963896662263,1.9054904276302365,29.35349747744846,0.46054579742241714,24.30777508046451,19.318679808872332,14.54467567642462,10.342100645900048,7.007550730341216,4.351245378178413,9.0,4
9593.186585892412,11.766727424159846,22.0,2113.036692927844,0.9802085816579527,91.0,364.0,-6.09,0.00077793857,0.002197802197802198,0.004395604395604396,0.006593406593406593,0.008791208791208791,0.01098901098901099,0.013186813186813187,0.015384615384615385,0.017582417582417582,0.01978021978021978,0.02197802197802198,0.9901656401968169,0.21978021978021978,1.4325,0.20476440442663082,4.24070829553,7.195741022408344,0.23482985604422996,1.1234809956419642,0.9527875034976874,1.1234809956419645,0.9527875034976874,0.5386134381631839,0.07741500065952696,0.291813146122864,0.34163231523029713,0.291813146122864,0.07741500065952696,0.5386134381631839,-0.6193709131618446,70.47847190548127,62.863790304291285,-0.24194808803275247,25.52714511213352,-109.53476546176724,-68.37249342471436,22.040345689648976,31.22152161102654,-112.19471426175981,-56.908067941674204,14.257262276814101,24.8,0.6459323293696295,42.1978021978022,-1.788180129729902,3.1175396044905277,0.3738762913982882,0.001961667651585897,0.00023132756,0.0006526633,0.00069280482,2.2976399999999992e-06,5.054945054945055,-11.15,116.0,17.0,35.95,117.0,12.307692307692308,4.591723702750516,558.4129217644465,0.9793167704367961,0.016404183260436717,10.538876453570298,-0.32655902446136276,-729046.8708082115,0.5580149333237977,4.055412638154221,92.0,42.1978021978022,0.0,1.4992500004356522,-0.00030196502522581884,13.306077417778713,0.09422519714127575,0.05542679151948248,2.0982197501229782,0.14628562926689503,0.07345478682944717,0.06100698420730754,0.03694684155897698,0.029231704570106633,0.011843161399061837,0.01047735529453871,0.0020700003705080776,0.006936838691237553,0.006441573763829171,0.010660837233381418,0.006656429000216711,1.1665370905635482,0.010410707998016147,0.008821130260870027,0.014659146262611469,0.012025073738980298,0.01693522583891892,0.013662617513066359,0.7075816337252009,0.017804458926685765,0.014960060651715115,0.015807268732511627,0.012461300814867094,0.0093115344057515,0.00798998607992849,0.0029944813702826516,0.7709525388023087,0.3382458095476858,0.2612110470968577,4.229224324393311,169.73983629482285,17.886338386040055,0.010800097478742167,0.11003922623208322,0.000711090910235452,0.050221808828010174,0.0006226868325540578,0.03855510512840446,0.0573630974719512,0.05320771613976275,0.03149293373116089,2.9114171414577092,8.089324085164376,1.0876476434211046,7.543236804586687,7.056543296518149,6.614478115011718,6.149073833844881,5.510012266964096,4.482674548235723,2.0368446426438434,2.911397109545214,8.08857561771606,1.0876474109697498,7.543069617867067,7.056543269044436,6.614365747207929,6.14880626537576,5.509755359454538,4.482563920405972,8.476233129468227,65.42505552351074,1.1829768905892,56.89789925998922,49.79480290789633,43.7498342378375,37.8078184891242,30.35740412103801,20.093379300525353,6.0,4
17043.805684796975,14.968139729697054,13.0,3754.1422213209194,0.9706453514971844,91.0,364.0,-6.61,0.00091036464,0.002197802197802198,0.004395604395604396,0.006593406593406593,0.008791208791208791,0.01098901098901099,0.013186813186813187,0.015384615384615385,0.017582417582417582,0.01978021978021978,0.02197802197802198,0.9925327138900895,0.43956043956043955,-2.647499999999999,0.23196561508895278,3.6558219334900004,10.809054090617996,0.1639729487647799,0.9387350503645113,0.27511994910410603,0.9387350503645113,0.275119949104106,0.13208667915371525,0.42519969656244433,0.45354482066835794,0.10844091245142684,0.4535448206683578,0.42519969656244433,0.13208667915371528,-3.1414619406431807,-48.98960824513279,42.015050723323746,-3.6619975569566954,-59.83323713868649,79.6064350610762,70.39053142257265,-95.54342161238489,105.64622324155027,33.00692302485755,-2.995570521854377,75.51652214115867,39.99,0.3310164609824603,43.2967032967033,-0.8074079199818891,3.758379858998883,0.8415595032135925,-0.00847831084345815,0.00042842946,0.0004541296600000001,0.0005938690950000001,3.358231499999998e-05,11.428571428571429,-16.86,117.0,13.0,56.85,117.0,23.076923076923077,6.120368746485818,751.4291944949314,1.8301476266650265,0.011239835669160772,15.12810391692767,-0.0149803138979355,-875079.0787040351,0.6695298176382223,2.578908719855772,94.0,43.2967032967033,0.21978021978021978,0.7900433588811991,-0.00020577114649810124,13.75658717356414,0.16884193423113336,0.0483866395754469,3.138591789546442,0.4175550087998394,0.31978866776684134,0.24718108422908303,0.2919104159577831,0.3163611955746655,0.3507061819165358,0.4161389584951635,0.4216582025717603,0.3685450710483928,0.2714550974129429,0.20173227618172151,0.13457426569750866,3.2845343768744746,0.07740029538012838,0.044952604154591895,0.03147535546788543,0.03546922414482535,0.04530747221640338,0.05155338466100043,1.5538895653719298,0.05834186842122521,0.0654861330600114,0.05788458531096271,0.047782880273287066,0.03795231388148793,0.031247454879305362,0.015076892565797867,0.8075043929688909,0.8057268419220217,0.4222448071125642,6.066877783811943,382.068014458971,36.80700604371091,0.03729134652340096,0.22148384563323695,0.009409946860245773,0.23637159217056394,0.23009778441554238,0.20110060906643712,0.15314579533556794,0.09976052708904404,0.06169868930020153,4.606932434199372,10.949002874556696,3.437374866086993,10.61444866947414,10.117501604216812,9.395610749046716,8.418424282683642,7.204179869280675,5.850921894200222,2.0728062251016173,4.606781502171838,10.946762482724028,3.4373619860158255,10.61181648104207,10.114884760635528,9.39345835635818,8.417031173082858,7.203489114740427,5.850596575031486,21.22243580875262,119.83160885317432,11.815457422906661,112.6106490273161,102.31089372093685,88.2370598926353,70.8464137686486,51.89025542618382,34.22948028377015,10.0,3
13686.521582000032,13.760028657776289,21.0,3014.6523308370115,0.7033851936855611,91.0,364.0,-6.63,0.00093189246,0.002197802197802198,0.004395604395604396,0.006593406593406593,0.008791208791208791,0.01098901098901099,0.013186813186813187,0.015384615384615385,0.017582417582417582,0.01978021978021978,0.02197802197802198,0.9945239901860655,0.6593406593406593,0.7885000000000026,0.3345680692508232,3.19584219854,9.981740889991798,0.14496981043859597,1.1047080778665765,0.3329650760128321,1.1047080778665763,0.3329650760128321,0.2652652171971314,0.6084076984451762,0.246223334073278,0.15981684291116388,0.24622333407327793,0.6084076984451762,0.26526521719713136,-0.8119074912470552,-59.5785897588095,52.306342458864044,31.880502511570196,-54.53979719538092,128.85644755616755,-38.842507268776814,-22.79419763013311,3.6308186456134304,18.733459700632803,89.08818291464281,60.16026229051677,39.99,0.4144873439854401,44.175824175824175,-1.1116623387835525,3.5807203076520415,0.5965487254259974,0.011982700750330396,0.00034637591,0.00054056131,0.000710143165,6.863130000000014e-06,10.32967032967033,-20.32,120.0,15.0,60.31,121.0,4.395604395604395,5.484548040922505,646.0184783008377,1.2414580437563028,0.012031723881537256,14.48680912968631,-0.07958627230894426,-791058.5839422417,0.6172499807643238,2.7370270507002874,82.0,44.175824175824175,0.21978021978021978,0.8556873349865312,-0.0002192131982345133,13.822449025393595,0.09441228519082479,0.04026335093837899,4.116915065713187,0.3038907257842573,0.2135605391575795,0.14191930846269435,0.1701917408619874,0.1805793458966646,0.22609208617181129,0.21802040349294757,0.24656056422398512,0.20365292153007616,0.16946982829511334,0.13256262626574283,0.10132229725342937,2.2114995636208272,0.06290715268075982,0.04146592899885272,0.01991305328528033,0.008575026264885379,0.0063907340449122435,0.0031614938903089793,0.5699095439274192,0.004104066103534646,0.007879012379757484,0.01487483843612756,0.024893731707380275,0.026641883942019492,0.03623812254893709,0.017654746009871332,0.549427358863709,0.3722127761421876,0.3403812703220712,5.37070517322606,270.8331213434028,28.844474057717164,0.018468451579581397,0.23820791277437883,0.008597765402235077,0.24363284884361627,0.22574801869097544,0.18262881275993662,0.11622208370123449,0.040360600044172565,0.013021758936378967,3.630249766611706,8.877577119442963,2.7039237954205317,8.181699958150705,7.473268911272966,6.751900842423478,6.069625296880751,5.427143916473758,4.664161697714728,2.072763703873506,3.630202788313705,8.874380682726478,2.703910126071401,8.178071731170348,7.469858502826953,6.749430472467197,6.068512476035202,5.426993837483344,4.664143520114207,13.1783722842806,78.75463250194888,7.31112996987146,66.88085724016759,55.798786052256126,45.55481170266877,36.82684367179489,29.4522621120822,21.754234776223345,9.0,3
12386.877886797816,13.681584463860682,34.0,2728.3871997352016,1.018864486385192,91.0,364.0,-6.79,0.00089439116,0.002197802197802198,0.004395604395604396,0.006593406593406593,0.008791208791208791,0.01098901098901099,0.013186813186813187,0.015384615384615385,0.017582417582417582,0.01978021978021978,0.02197802197802198,0.9901656401968169,0.43956043956043955,-0.21350000000000158,0.21557454354386713,4.305827845425,4.727701000062686,0.20984536323852315,1.1310122029905214,0.5698915082337883,1.1310122029905214,0.5698915082337883,0.38486985136519763,0.4555396557855632,0.22245371402794734,0.1883767893654187,0.22245371402794728,0.4555396557855632,0.3848698513651976,0.5840607150226567,-9.220895067270263,37.73864992409028,28.805992512047382,-17.360920007173277,31.07476038450982,-33.80080375721375,-35.17671699956269,-22.08799768636953,30.473142873065107,25.099595885608096,27.31337806747269,30.59,0.46031811519521143,42.857142857142854,-1.2150574177886855,3.545726441136816,0.4796196668144581,-0.0003505351538326011,0.0003788061,0.00052318366,0.000690821915,1.0428769999999975e-05,6.593406593406593,-16.8,120.0,15.0,47.39,121.0,12.527472527472527,5.217653442258472,600.497123451099,0.6769730492288993,0.015215814521112304,12.323678945466824,-0.11131057933465796,-800443.2144461186,0.5517313808519584,3.2769866239580043,88.0,42.857142857142854,0.21978021978021978,1.178006983077393,-0.0002645541372649898,13.639818928123432,0.06669042217488852,0.052947754626327996,1.7792444593060714,0.23044958498235102,0.11642851683265663,0.09472352348447782,0.06259718239831807,0.05028639931284527,0.03736059171322524,0.03290275766794362,0.0304553023065567,0.025463347918734714,0.026125608316003395,0.01583976679734281,0.01365472591205963,1.6200279129763362,0.00811327100666088,0.009951238031328304,0.006310305000863976,0.009370934882045698,0.007202268379776574,0.009044658516235798,0.7796493797815528,0.006647767704175897,0.008502250841648377,0.008709397517294819,0.011180985639743514,0.010593292003302232,0.014631389544030978,0.0079208410627934,0.5300106837952725,0.4680217931042005,0.3627920513148553,5.074203672990313,217.747328733764,25.747542914988383,0.01612488756868131,0.19125242981455312,0.0030864791643002796,0.1342120354323508,0.08381187513880974,0.041489053457557205,0.010023173905784943,0.008356933365118165,0.015215125628551956,3.3283467609740085,8.839373396834743,1.6996855895678602,8.412982941373361,7.879002982497229,7.228514836737019,6.484053796470314,5.658736568175945,4.690643793704385,2.0526859254608842,3.3283077005119392,8.83730414531263,1.699682787178541,8.411912333196554,7.878557200895729,7.228395769696787,6.484046049459083,5.658730397330871,4.6906191168511615,11.077632149287073,78.09794455675981,2.8889215770310135,70.76026910138428,62.07166356778595,52.249705403370406,42.042853171505946,32.0212297096764,22.00190769936957,6.0,3
12427.863781687733,13.046323677491987,19.0,2737.4149298871657,0.6267918349001416,91.0,364.0,-6.51,0.00089094663,0.002197802197802198,0.004395604395604396,0.006593406593406593,0.008791208791208791,0.01098901098901099,0.013186813186813187,0.015384615384615385,0.017582417582417582,0.01978021978021978,0.02197802197802198,0.9923448151914411,0.6593406593406593,-3.2174999999999976,0.37452312024664747,4.74079602729,13.183898683303774,0.17568817991817967,1.3443791151150255,0.16568080532663437,1.3443791151150255,0.16568080532663435,0.05070084127671515,0.789344366361421,0.18772054376516084,0.39592172071175546,0.18772054376516084,0.789344366361421,0.05070084127671509,16.47909573479996,-99.1374927618299,138.35824412636765,-12.920175441069496,-103.17414970631329,204.584035218479,-112.5224536329871,94.68884854571144,-49.01892966405469,42.75976798172626,57.2870308884812,6.732836001651962,39.13,0.4137117039338949,44.175824175824175,-1.1931592908368143,3.4176949924082978,0.567062938238685,-0.00854620664550219,0.00030974861,0.0005744283,0.00067069138,5.623849999999785e-07,11.648351648351648,-26.02,112.0,14.0,65.15,114.0,2.8571428571428568,5.226278440092877,642.2753240625287,1.371529184517465,0.011473395527318618,14.31608359040918,-0.10573049714407555,-788000.5037884356,0.6518729916324433,3.008985063078256,72.0,44.175824175824175,0.21978021978021978,0.8584011295146051,-0.00022279174210754543,13.145257366041772,0.07219086165720956,0.06853367223303011,2.854796792383149,0.1512063480090407,0.0693895181796455,0.08789582313002749,0.08858799772680921,0.11680528501072304,0.14821367558114265,0.13173874281523254,0.1307397920557481,0.1316023287642315,0.11555558529834217,0.0850494363778509,0.058993593158292223,1.1538795765339362,0.036240107383542886,0.019804112654582186,0.009979896515614905,0.00500060032357326,0.003915618942701739,0.0037832921019744087,0.582327446313473,0.00567148905225784,0.006733467606737343,0.010866038499603992,0.017947776982598834,0.021918135382114384,0.02644566720854814,0.01168648923227951,0.3840785887265728,0.2977674403195272,0.21608731365260186,5.088256797771652,257.446573960363,25.89035724006942,0.003276583941849182,0.18430879111447046,0.006790565127298655,0.21601050689960946,0.22813120958513886,0.21545724381736023,0.17405097964816393,0.10525602041775539,0.028914235647769657,3.525177587175524,8.262244476650968,3.043953993026855,7.455757270268463,6.684802148639945,5.958679023355872,5.306412400263127,4.738270679333691,4.151969335427329,2.0625201393743815,3.525176064414701,8.260188500359261,3.043946418695537,7.452627451715939,6.680908315317196,5.954782437626744,5.30355718533795,4.737101455615994,4.1518686551125095,12.42686628512232,68.23071406146737,9.265609799889384,55.541655934070015,44.63453591767445,35.459433879467916,28.127718818149802,22.44013020079917,17.23801332930576,6.0,3
11595.968689038624,12.081469826624456,15.0,2554.178125338904,0.588846874844378,91.0,364.0,-5.68,0.00088372042,0.002197802197802198,0.004395604395604396,0.006593406593406593,0.008791208791208791,0.01098901098901099,0.013186813186813187,0.015384615384615385,0.017582417582417582,0.01978021978021978,0.02197802197802198,0.9931525546407809,0.43956043956043955,1.8225000000000007,0.27954180328177786,4.6157972621250005,18.81379408921407,0.19946923899577984,1.569733311464471,0.05116567938663723,1.569733311464471,0.05116567938663723,0.39846249110407694,0.34736674248425536,0.40812543648969873,0.08821207343202545,0.40812543648969857,0.34736674248425536,0.39846249110407705,36.729620741391834,-121.88727783199542,34.93673121717732,8.7833714007614,22.720909534570808,35.572670986949774,36.14702991425564,-107.71560069121385,55.5661084395952,-35.78982488567294,-26.582692449063213,35.20787038426185,39.99,0.24562718265220518,34.94505494505494,-1.084236703928891,3.1584886826591636,0.5365580906657459,0.0009921757684581603,0.0003624892,0.0005136768000000001,0.0006033754945,4.585824500000002e-05,8.351648351648352,-10.9,118.0,14.0,50.89,118.0,9.45054945054945,5.0483309588828025,626.8212574736226,2.45111580970016,0.01038786131231695,12.364302511522556,-0.09207957909668976,-882059.89361435,0.6628598326286751,2.901216023734927,81.0,34.94505494505494,0.21978021978021978,0.8783287543690622,-0.0002637026348241424,11.56814303621542,0.07754074568464342,0.03943031692093279,2.9835362129931635,0.25076194411786484,0.21436789892621938,0.16630201464933275,0.18905100071852562,0.16217015070679885,0.12846588978401233,0.14221560719177412,0.14712532896381045,0.15303373874607615,0.14511951959198288,0.11206820135627837,0.07934190159949493,1.8474880492795283,0.053767729813456594,0.02619345757645696,0.011124960289741552,0.009576107648921242,0.010798938224769766,0.010918671702149253,1.1788871775034566,0.008670131310707619,0.005029020858950204,0.0028803613976856562,0.0021524291941376395,0.0020667567195876407,0.0007519010324113002,0.0004036048244529992,0.8589025864844216,0.5926310570537828,0.49058446991644317,4.930524945709937,243.59737316224863,24.31007624026798,0.006707944767163174,0.3370200221040998,0.0018183205141718776,0.34501264019676564,0.32742673253993065,0.27871936105453243,0.19924185934563488,0.10675518663769752,0.03724092138926394,3.81891340925121,8.58612471810828,2.5782416333617406,8.221224549848307,7.860686766167466,7.475199132346585,7.016719553050522,6.348540107121248,5.267745274582883,2.0808504250374877,3.8189075179736545,8.579507863485581,2.5782409921708878,8.21398194404717,7.853864537322918,7.470001177108909,7.013890216395322,6.347642461721755,5.267613633483798,14.584054630835698,73.60795517961093,6.647326613710323,67.46949937713293,61.68318817061854,55.80091758600849,49.194655967646014,40.29256482185302,27.747753391664375,7.0,3
12449.33358645506,13.320788685447043,25.0,2742.1439617742426,0.7299393375055194,91.0,364.0,-6.12,0.00086681985,0.002197802197802198,0.004395604395604396,0.006593406593406593,0.008791208791208791,0.01098901098901099,0.013186813186813187,0.015384615384615385,0.017582417582417582,0.01978021978021978,0.02197802197802198,0.9933404533394292,0.43956043956043955,2.2559999999999967,0.28663372885434746,3.5558176009999998,6.1124586246607056,0.2190302048248313,1.343809298486023,0.4939117319478404,1.343809298486023,0.49391173194784044,0.1044898337311504,0.4508301779076451,0.41955542741948665,0.3147464132413591,0.4195554274194867,0.4508301779076451,0.10448983373115042,15.993662805100845,-33.315907899631426,76.4476746086921,10.91206540518551,-115.10066620078751,-7.159066735255331,100.70156362433828,-47.824706069511954,-39.47987040484335,140.31763876846182,-14.594346768057324,25.79821660908192,33.98,0.3477366817446125,40.879120879120876,-1.542462992114528,3.5550875694451327,0.5481240156216622,0.006433788736497796,0.00036125309,0.0005285095600000001,0.0006926275354999999,1.4927908500000003e-05,8.351648351648352,-23.7,124.0,15.0,57.67999999999999,125.0,8.571428571428571,5.230790830981836,625.8039163855458,0.33425181714730184,0.015356182954548134,12.321012127515491,-0.17772389621492088,-838635.1416382125,0.5892548063896154,3.5406214565056735,73.0,40.879120879120876,0.21978021978021978,1.1517207368266564,-0.0002646100359025377,12.775599103465046,0.05100551810990761,0.06445841894798154,3.0000698630011278,0.3277393442739939,0.2531230500009655,0.22061996733772063,0.1863364420164996,0.21515349285259786,0.17436034771398082,0.18742644901700214,0.1368420431284028,0.10194252836681794,0.06463996475018892,0.026314402515246995,0.01578443113359168,1.302639074076772,0.007689754112622273,0.0075682263901087005,0.010403646905150605,0.014960659724899376,0.014886879010440049,0.016454717188201913,0.4943931483861716,0.016192588015241073,0.015300958390531279,0.014448195333966981,0.014654321425630494,0.014709205493658504,0.015504968541358183,0.0069677866839060664,0.3526232016511641,0.34498362079336964,0.24392879041704008,4.998197738729506,248.84830309223466,24.981980635440745,0.012917256421040888,0.0293540233581089,0.004268794407266147,0.035667680185287945,0.022977939032009172,0.005006726002653491,0.03722997647851746,0.05397039672120241,0.03855220738017659,3.6832536659107724,8.130891630242854,2.282181003600009,7.410010814680846,6.718476190616524,6.063179867551294,5.439777273381895,4.822043314908734,4.24857388422314,2.0661691809479876,3.6832310152815144,8.130838643342148,2.2821770112300785,7.409924971973556,6.718436896942546,6.063177800376141,5.439649870428571,4.821741275424653,4.248398966317667,13.566190711931695,66.11053704406599,5.208331910587055,54.9069880902773,45.13739433819898,36.762125038974055,29.589790712853567,23.24918892713376,18.04889377700902,7.0,3
10533.979285710486,13.234854972798827,38.0,2320.259754561781,0.8763211829210552,91.0,364.0,-6.88,0.00087914455,0.002197802197802198,0.004395604395604396,0.006593406593406593,0.008791208791208791,0.01098901098901099,0.013186813186813187,0.015384615384615385,0.017582417582417582,0.01978021978021978,0.02197802197802198,0.9950218092600596,0.43956043956043955,-0.13549999999999862,0.28385731846903123,4.82581287464,-0.013422404281106637,0.35244115198963666,0.7520524332707783,1.131539685663792,0.7520524332707783,1.131539685663792,0.6204518809646795,0.319112355129173,0.5767663153270839,0.6995892932495378,0.5767663153270839,0.319112355129173,0.6204518809646795,-36.33720777816676,62.55723667161208,91.53834784859959,23.754453737898235,-27.419932663260116,-97.67282062847057,5.318975154876482,77.58077809402249,53.55864784702522,-24.190480371156127,36.10853430958896,110.97206427988955,9.76,0.5722786775291209,45.05494505494505,-1.5415694706472494,3.5474203141214127,0.33781624022755685,-0.00453725733167841,0.00033203368,0.00056732476,0.0007139122055,1.086400000000005e-05,2.197802197802198,-12.23,116.0,14.0,21.990000000000002,120.0,2.857142857142857,4.811611250479129,537.2060636205981,-0.29284061916816106,0.016471470418895583,11.185968691150945,-0.3182891664322918,-536479.7202489387,0.3747363750095072,3.1097666671163906,83.0,45.05494505494505,0.0,1.275355860467932,-0.0002884014542926967,15.482637158464502,0.053820575655151415,0.04270648270386871,2.65796683237833,0.04157023934113834,0.016198677823013843,0.011798136736361053,0.010739650737825557,0.00614881151650334,0.00956421178960772,0.00302345257053322,0.0020940431791431438,0.0021520166146480908,0.0009671806444812481,0.0025081774482834927,0.003949884200073311,0.8523766239325891,0.004468803023739561,0.006490690989379595,0.005021482498900542,0.00801349852712169,0.005825847594099559,0.009859220113408724,0.1569012053139223,0.00887895471255632,0.009160112420134103,0.009545651542225765,0.009136969637053148,0.010845549716633913,0.00781908352541083,0.005053375315203063,0.05655777540703544,0.06492781803743423,0.07217881252544833,4.557978322996468,153.3685730633108,20.775166392905692,0.00843509070644676,0.1355219187018713,0.004011380778112056,0.08298949741516697,0.04053335001537562,0.010249305716607808,0.005955765383092212,0.009824062606389357,0.008120848347958039,1.2708083039750264,6.252097116061519,0.6434188250421917,5.395182601289611,4.53036919011934,3.6648058832785875,2.8330744473636096,2.120200057802159,1.6626628565714625,1.9892941766932752,1.2707803093755652,6.250628141092391,0.6434063204872388,5.3945442851622705,4.530187859936836,3.6647915512134754,2.8330681871715204,2.120177297515041,1.662643024357449,1.614882594696657,39.070352158216124,0.41397169324292743,29.10110804457691,20.52260204631909,13.430697113845673,8.026275353163324,4.495151772898184,2.764381826444485,8.0,3
8606.371592027777,11.611906433943071,33.0,1895.6765621206557,0.7984455903430996,91.0,364.0,-5.97,0.00087536996,0.002197802197802198,0.004395604395604396,0.006593406593406593,0.008791208791208791,0.01098901098901099,0.013186813186813187,0.015384615384615385,0.017582417582417582,0.01978021978021978,0.02197802197802198,0.9926547355667868,0.43956043956043955,-0.06399999999999917,0.29444295310694085,4.16576955751,0.11050470676548008,0.24820538584103674,1.1834015788214567,0.7291790000090228,1.1834015788214567,0.7291790000090228,0.3733210061685097,0.46690157282361927,0.4808135763094186,0.30016367846215575,0.48081357630941857,0.46690157282361927,0.3733210061685098,-2.3136757638100445,-17.3155078411706,60.802505607878466,45.46507571275066,-67.38526368357117,-5.826306591567617,9.175858150113294,-33.26530967409587,34.59810125612195,31.877178652794818,62.69549157657086,90.80658630377471,9.62,0.3858516927115624,42.417582417582416,-1.4063605574400069,3.1858838231321287,0.3931632967087227,-0.006011881187268722,0.00038500115,0.00047316665,0.00061997173,-6.755100000000114e-07,4.835164835164835,-11.9,115.0,17.0,21.52,114.0,10.10989010989011,4.349149618035812,559.0125863755219,-0.47518958287250224,0.014511435610356458,11.190324396805035,-0.25732315583679705,-606575.7210285007,0.4699869898918314,3.601002644946372,88.0,42.417582417582416,0.0,1.2874424780931306,-0.0002883101552178941,13.473896806530915,0.060255978512278485,0.07251131656048597,1.5096668356900402,0.11080926085036814,0.059101236996048225,0.032552636323338616,0.04510359059709493,0.013539280936884151,0.028924028928095473,0.018957457723704836,0.016709815860299373,0.015001452558516929,0.014935839721075778,0.008881964439818183,0.00882657643351771,0.6456595389126236,0.007284599862435788,0.004033602472667368,0.0037132762048078297,0.004600631906433208,0.002831768380518438,0.005294540955392278,0.24241167711680464,0.006485422780568351,0.003862458174436195,0.005394032708921525,0.006920703476707266,0.005669679518641016,0.005858293363134862,0.003957854969325186,0.0573221587962683,0.113525348726787,0.22510540756922584,4.115489324799432,178.4961367057601,16.937252382538084,0.005457195529922698,0.08139092894920806,0.004545733176067601,0.03470262658185763,0.0007872393376333693,0.018353135035545757,0.021700614922031302,0.012697772091268138,0.0026600143318133256,2.1756516043837775,6.383210176731562,1.1790496636149257,5.7111542501796455,5.019065970323678,4.291670858009154,3.555746977147588,2.9627336969818714,2.650361289660707,2.061207986865845,2.175644760220439,6.382691256594993,1.1790409007241274,5.711048817603764,5.0190659085845235,4.291631614656528,3.5556807574367832,2.9627064866125,2.650359954809105,4.733430122674652,40.73874767701417,1.3901374455803615,32.61607859705335,25.191022594715385,18.418101915919397,12.642865648806216,8.777629725815784,7.024407890055721,7.0,3
17901.32888959864,16.169003858758533,34.0,3943.0239844930925,0.9329387859224365,91.0,364.0,-9.02,0.00070713696,0.002197802197802198,0.004395604395604396,0.006593406593406593,0.008791208791208791,0.01098901098901099,0.013186813186813187,0.015384615384615385,0.017582417582417582,0.01978021978021978,0.02197802197802198,0.9758821959145074,0.21978021978021978,1.987499999999998,0.09284347553770773,8.425616592725001,12.838678042781757,0.27053584080033516,1.4612621908026124,0.45934777143282157,1.4612621908026124,0.45934777143282157,0.281539653221725,0.27421973011270856,0.3276649741971146,0.3483578148005129,0.3276649741971145,0.27421973011270856,0.281539653221725,22.69603472035316,-35.26918507301134,38.31687125442193,39.02991951654973,-63.14543956044601,-57.030337671330926,-23.15835850949251,9.952096391599968,27.85691973108194,35.337143747906715,31.565602613034994,35.07351568190532,39.12,0.954961113266286,39.78021978021978,-2.742778408336015,4.356043507031057,0.411772652564171,-0.0016500514041409547,0.00021263697,0.00059447168,0.00056968948,1.9733564999999988e-05,8.351648351648352,-10.39,123.0,17.0,49.51,121.0,22.63736263736264,6.272446092007477,603.2179249526918,2.0051128392414195,0.022052466065515634,12.034180220556213,-0.3574215618849668,-982399.7387864062,0.5726121324152805,3.666461068419011,83.0,39.78021978021978,0.0,1.1927354279553353,-0.00027062226212004056,12.420748809041154,0.14853994175704122,0.06633470587162114,1.5895196872548332,0.6573137562209007,0.5933737237207318,0.4642265382754761,0.3376037724151441,0.24596787195551165,0.18264861947688754,0.13493914466777296,0.10264837839183782,0.07693755683088149,0.059593996056485535,0.047355120372863074,0.0385331510010826,0.9860361705787383,0.03182474334621316,0.027004832395705038,0.02412067863986636,0.02177485427141722,0.0196537937028589,0.018230664555267576,0.7249533098486003,0.017174842038766746,0.016141609136974842,0.01565575477063105,0.015140665307137719,0.01477154723048657,0.014578210714105503,0.007257701503468492,0.5870349242514578,0.6452542924317938,0.6693841016448694,5.640988085424896,186.94478426413363,31.820746579905627,0.01568895809984157,0.07571163325216648,0.0016281189823513264,0.13288856225672852,0.17376780193947997,0.1937891995868661,0.1859746994978898,0.14342237507238356,0.07219266875073718,5.182052130063807,8.540517337104804,2.6434745559454806,8.091680469691138,7.653363272942926,7.219222320688654,6.78532205694757,6.373090479374465,5.985037927876794,2.086846500171663,5.182028380402078,8.54018173893144,2.6434740545652677,8.090589190757514,7.651390340234954,7.216620861708944,6.782772945311223,6.371476460022595,5.98460251117001,26.85341813529258,72.93470413397803,6.987955077159736,65.45763345360233,58.543774138640764,52.079616661652736,46.00600882764588,40.59571228062205,35.815467216702395,2.0,1
22386.296691813262,16.937022639512858,9.0,4930.902355024948,0.5906491554171138,91.0,364.0,-8.88,0.00070650627,0.002197802197802198,0.004395604395604396,0.006593406593406593,0.008791208791208791,0.01098901098901099,0.013186813186813187,0.015384615384615385,0.017582417582417582,0.01978021978021978,0.02197802197802198,0.976714792831774,0.21978021978021978,0.8474999999999993,0.1553587666240878,8.65061482772,16.333877381419747,0.2124798761800924,1.274199709795344,0.18586873068509127,1.274199709795344,0.1858687306850913,0.18895664453476257,0.34759905772226485,0.23088614370388838,0.6215222501673499,0.23088614370388832,0.34759905772226485,0.1889566445347626,14.388789027356857,-62.35734077712656,5.9584034303375715,35.777583963798065,-35.13974582054041,54.4583978397761,-42.37395610591836,139.38537371518248,31.35662099197358,-55.600439669919204,-10.661005467759798,-30.47457275200564,39.99,0.7067170044008323,40.21978021978022,-2.4955653623035365,4.482786710633541,0.4958647312220714,-0.08037226343345817,0.00021396617,0.00059125294,0.000514144265,0.0,7.912087912087912,-12.2,120.0,15.0,52.19,118.0,23.296703296703296,7.014317648204939,641.3795220529416,2.884005566522953,0.01727905881939268,12.700926383902527,-0.2301816698717565,-1169673.2329277194,0.6475861295120344,3.295223613287111,83.0,40.21978021978022,0.0,1.063610078788883,-0.0002566467291809551,12.75403572534897,0.0827472728205747,0.31164725425238526,2.6206479280742903,0.6713134864608318,0.40499729311852745,0.27529863144164973,0.19673504867826352,0.13617554449607788,0.09350885933217186,0.06600744868875742,0.04850216135854092,0.03929428981152373,0.03398265174862258,0.03163719456432358,0.03104888159871157,1.4507016479004233,0.03157693742556324,0.032257245652837815,0.03277798321024862,0.03037363388239916,0.025573788234829153,0.02004341492194442,0.9602348259031159,0.016641196878680868,0.013294571448252222,0.011301780959392002,0.011257303860038799,0.011161310788604911,0.011388356436372423,0.0057727712239753395,0.8919309979620579,0.9153452368828825,0.9293993508217104,6.555364642214045,225.12258797482042,42.97280559239007,0.143649131330325,0.4187606117799167,0.06389187976342954,0.46627652831974303,0.49497135948124316,0.49678324926950646,0.45921262448841293,0.37114787045709513,0.24523026605169257,4.850485294500261,11.896651967750405,3.1347250215200786,11.392097496995472,10.80981418527131,10.111790032908454,9.224204633048227,7.988647780927104,6.298512345470839,2.074441191529071,4.848357713621317,11.889279523663378,3.1340738326089816,11.382551189438534,10.798476099588596,10.099579400790507,9.21276695015449,7.980021467763524,6.293736559680648,23.506572519231323,141.35496759180126,9.82241878824435,129.56247158018857,116.60708607338614,102.00150407287192,84.87507487785886,63.68074262596671,39.611119882660795,4.0,1
14987.56530144427,14.147822653239697,38.0,3301.2258373225263,0.6329490593415171,91.0,364.0,-8.43,0.00073787855,0.002197802197802198,0.004395604395604396,0.006593406593406593,0.008791208791208791,0.01098901098901099,0.013186813186813187,0.015384615384615385,0.017582417582417582,0.01978021978021978,0.02197802197802198,0.9846237533609318,0.21978021978021978,-0.17499999999999982,0.11348777859021658,7.86567146807,10.03973217290272,0.26152347804646214,1.345559706220003,0.7020021802440578,1.345559706220003,0.7020021802440578,0.4044264047794875,0.5120674656848105,0.375036811972992,0.026533818026638935,0.3750368119729921,0.5120674656848105,0.40442640477948744,13.60813496567377,21.541499019495426,17.831171788124603,28.29192558786649,-32.741770056715794,-60.59171165025205,-87.17440199626013,-126.79108638912798,140.621721094924,171.02750734885538,-61.86665074639417,-59.49258366576376,34.13,0.9913953115400467,41.098901098901095,-2.5181371589186052,3.9997695091038583,0.29712621568858677,0.02385521021711456,0.00022797495,0.00059038813,0.000573670841,-1.2332634999999973e-05,6.593406593406593,-11.61,117.0,17.0,45.74,118.0,1.7582417582417582,5.739312150355492,550.9769335654277,1.5160597745060338,0.019560904403691175,10.972040700946966,-0.3733036066125579,-920535.2931666605,0.5368777395175232,4.113516114315875,69.0,41.098901098901095,0.0,1.4190369858127787,-0.00029288555609642184,12.666418034526119,0.05265763778144883,0.0758536802322819,2.397746074865325,0.12703454883383317,0.14316742772512447,0.14049428066186465,0.09093606816623771,0.050320162659432434,0.026362305584306685,0.013581640883685995,0.00832411663772455,0.005732840307084908,0.005400556867340384,0.005098010146368585,0.004554902784397438,0.945867942410425,0.003746259356034226,0.0028560450075638334,0.0023696217298291486,0.0021767869156342707,0.002267073379138758,0.0017552630979348132,0.44500575059950026,0.0012310861774908945,0.001244442501432208,0.0016166030866384567,0.001507330671381622,0.0013765917916936966,0.0015604646933241309,0.0008954426831821255,0.17516675473822324,0.17512222393408483,0.11280738866799213,5.157391705900523,134.8953019226184,26.598689208091514,0.038160808364916074,0.24906017548083248,0.014240647149570811,0.292616807114616,0.3184097820691288,0.32347080933748795,0.30274217688081384,0.24765660747721285,0.15205135184740975,4.053254128798055,8.184397523807734,1.7996015248678245,7.679031751018962,7.118180443704276,6.495186287363644,5.8454512659302695,5.25391715620691,4.790357316656837,2.0585678574039634,4.05307448553853,8.180607059179632,1.799545179281521,7.673454504807557,7.11105533938646,6.487126601436362,5.8376063310832516,5.248076951518354,4.787943567717676,16.427412785323416,66.92233185669961,3.2383628522753614,58.88190403735139,50.56710803981668,42.08281154306328,34.077647676703265,27.54231168905818,22.924403607649065,5.0,1
19843.90208600508,16.73461174800177,21.0,4370.903543172925,1.0059775667429307,91.0,364.0,-8.84,0.0006754157,0.002197802197802198,0.004395604395604396,0.006593406593406593,0.008791208791208791,0.01098901098901099,0.013186813186813187,0.015384615384615385,0.017582417582417582,0.01978021978021978,0.02197802197802198,0.9733931005445373,0.21978021978021978,2.3625000000000016,0.1140497071711695,8.460562569650001,15.512391647082175,0.24612185652752544,1.5277000387195354,0.5817126598069071,1.5277000387195354,0.5817126598069071,0.15514646496647014,0.2384346437031934,0.2694704279843277,0.2497458830806382,0.26947042798432763,0.2384346437031934,0.15514646496647008,29.647072856786426,-9.361276141728164,39.58785179756343,28.890831288548924,-91.1090897797617,-47.10021297659283,-37.26130055812675,-13.72578995056791,13.179966575225393,5.266968673729043,14.702191416822682,31.426964894932603,39.99,0.8741512639275375,40.0,-2.6307440891888643,4.367595469771545,0.4375003083848678,0.0027764961184581424,0.00018463382,0.00065476918,0.0005381262589999999,-8.950719999999997e-06,7.6923076923076925,-10.18,117.0,16.0,50.17,116.0,20.21978021978022,6.604011782060476,613.1215472793872,2.619593421378835,0.019572822146398907,11.432074941479389,-0.3096229328678713,-1093547.1185637256,0.6009094805286105,4.237485125164914,87.0,40.0,0.0,1.3691671412789579,-0.00028324287041616163,12.104138856429442,0.17772453998273618,0.07529186929864408,2.2839258928370585,0.730250244188915,0.5795397640795116,0.43052005230332946,0.34634824047214097,0.26544113938299496,0.18983300087698338,0.1253998012309413,0.08648553804014525,0.06056243049454334,0.044090248839451666,0.03519631320377095,0.028571233725019206,1.6512282638675557,0.022561136893026645,0.01835253273067088,0.01616680300105343,0.015467518996889872,0.01553908610265086,0.01577084327794023,1.5113914628212624,0.016280490995836932,0.017552485927160758,0.018554755459819442,0.018960518278343694,0.018881108134828312,0.018821892234880826,0.009412783265074488,1.0698291228805945,0.7377414937295569,0.7354896669904877,6.05740515029261,198.62514000673,36.69215715479143,0.02547782051245839,0.25782474405614464,0.0023525717239317677,0.2846814813324605,0.2987099955369888,0.29732536046464875,0.27382493122335555,0.21675104758568084,0.12102119246965375,5.886864413088244,9.889085700409714,2.7356934706671345,9.434712945530398,8.977876551720518,8.520270177828321,8.073069987173602,7.643725690012159,7.13350862464834,2.0914314610749916,5.886809279970494,9.885724171318975,2.7356924591147074,9.430417001317876,8.97290586802845,8.515080829517428,8.068424810633344,7.640651896763937,7.132481978168992,34.65452349874673,97.72754239140023,7.484013230857076,88.93276481874523,80.51303971649938,72.5066015332152,65.09947892484371,58.37956140752235,50.872299168905464,3.0,1
15405.10908864136,15.806984151346164,80.0,3393.1958345025023,0.8722420742570687,91.0,364.0,-9.33,0.00070340789,0.002197802197802198,0.004395604395604396,0.006593406593406593,0.008791208791208791,0.01098901098901099,0.013186813186813187,0.015384615384615385,0.017582417582417582,0.01978021978021978,0.02197802197802198,0.9725540739083782,0.21978021978021978,0.8369999999999989,0.057382223794895555,9.02559422754,0.657067155700807,0.5455509697821732,0.7523312121435404,0.743429084570302,0.7523312121435402,0.7434290845703019,0.8700269106933811,0.7762864744036335,0.35756452470196165,0.24868379878317143,0.35756452470196165,0.7762864744036335,0.870026910693381,-47.38729930784976,-19.58398544705981,81.28037361208861,32.54849322428985,65.26790691283331,67.54152562555902,-76.99471934121753,-100.32548459033762,-31.745078225612797,121.22362605149152,194.21165472793746,169.5594834209913,20.56,1.7144459190629826,46.15384615384615,-3.2759702944735904,4.357498990039399,0.38746221023627614,0.003018065550220263,0.00015299832,0.0006595904599999999,0.000621936486,0.0,10.32967032967033,-15.3,126.0,18.0,35.86,126.0,2.1978021978021975,5.818709703396329,593.0827889203839,-0.013584397075205553,0.024780560054462556,16.468125537065482,-0.6001714555646172,-520313.2730701171,0.39634930683236436,1.8730656145608928,85.0,46.15384615384615,0.0,0.5545898811127333,-0.0001776832214062918,16.22470918029919,0.08249240405503322,0.07497912195237265,0.70162024379929,0.10225991148377656,0.09425144771024016,0.06307979266804534,0.03951083557289665,0.03312088798925996,0.035244580671670536,0.034604316200721366,0.03308339197070281,0.03561328412490454,0.03304280457509228,0.028459597685319686,0.029661712397191217,0.2574931130113301,0.028987154623669038,0.026779763455708278,0.025726640636792666,0.02466537621185958,0.02427446816497869,0.021400680583141568,0.14873246585412922,0.02188128831514678,0.020056423609301093,0.019339381187402343,0.01926383877939964,0.021282247012090413,0.02229780608786775,0.011793271553377617,0.10471900845925519,0.08235773556510424,0.06504536571743248,4.808887734406492,175.90784344726936,23.12540124212521,0.04026347354264296,0.15197719329665257,0.0033243428297448072,0.09883946683014168,0.0512406844204398,0.007888012613597672,0.030666143041431036,0.05891860006041747,0.064421155341314,2.1869719145299142,4.210251212005688,1.6947046132168042,3.768368600082174,3.413005455110435,3.1737378736965707,3.0469478171393662,2.965540868789284,2.8000982214599746,2.0925165357751796,2.1866012456872244,4.2075073619558925,1.6947013526881567,3.767072160960288,3.412620785975745,3.173728071242562,3.046793492844783,2.9649555212559973,2.7993570627141877,4.781225007640922,17.703118200913035,2.8720126748030683,14.190832665882013,11.645980628873712,10.072549870193034,9.282950588041313,8.790961243026423,7.8363999645678035,5.0,1
29537.42955922314,25.01135814008008,18.0,6506.04175313285,0.9791649340608166,91.0,364.0,-9.32,0.00054754041,0.002197802197802198,0.004395604395604396,0.006593406593406593,0.008791208791208791,0.01098901098901099,0.013186813186813187,0.015384615384615385,0.017582417582417582,0.01978021978021978,0.02197802197802198,0.953780525592918,0.21978021978021978,-6.192500000000001,0.0866648951887254,9.14042020806,14.527336872594493,0.20134300100355051,1.7060329226910906,0.1945145032913574,1.7060329226910906,0.1945145032913574,0.6236653620821693,0.31301727387534994,0.6098587146529585,0.7406227730688242,0.6098587146529586,0.31301727387534994,0.6236653620821694,31.00647462636245,-200.8989880988372,-23.828134859743148,10.954436361049497,-0.6438192263491187,-151.237217168725,100.18558726368187,120.45413458299478,117.15921941862405,192.10699466927855,83.92127979584285,88.51368144274413,39.99,1.089103040360532,35.38461538461539,-4.549711424012125,4.989864457269818,0.5900131366269823,-0.044162291431475806,-7.26,2.6099999999999994,0.03999999999999915,-5.212914e-05,12.967032967032967,-31.06,98.0,15.0,71.05,97.0,1.978021978021978,8.057135198238157,666.8970655154881,2.4795918448506393,0.01933087273198964,13.539517837319686,-0.5053125778546816,-1169619.7292952165,0.6239750531036952,2.577269538169316,94.0,35.38461538461539,0.0,0.6038387602643782,-0.0002390691814964704,11.526342550916569,0.1254141865911378,0.1758854264075185,2.7286664019685016,0.651359279084344,0.559090389844037,0.45422017206403764,0.31911407148562054,0.21654889823253023,0.1646196038988509,0.14875420466066702,0.14679505238715346,0.15506315949184918,0.14917513381514547,0.14452845921966279,0.13916564073859902,0.9992932465899647,0.12013432606436981,0.09735926350369556,0.07595034359797888,0.05573240637965881,0.037276369177233884,0.02447044992096886,0.6334308632810759,0.015762570030441778,0.008949389056827881,0.006458448967682277,0.004225862228051444,0.00288112241781095,0.002831426948743313,0.0015686845081158006,0.48059275084480413,0.509618498990104,0.6355398829801102,6.649628076885336,267.86596402864996,44.21755356090178,0.14522490502371668,0.3105228766900432,0.046385820801712184,0.33179575054705973,0.3329991148273385,0.310524930820684,0.2638116256769399,0.20530792334690812,0.16700007283724308,6.475799204392569,8.617626879640364,4.653257452427308,7.920521731529356,7.141727036906532,6.229928876211225,5.1461980759768915,4.101951127826703,4.512542995714498,2.0982167064559776,6.4741706080835,8.612030456271752,4.653026249033938,7.9135691113142945,7.133959395679652,6.222185152339109,5.139431686806037,4.096809943320502,4.509451769765848,41.914885062572274,74.16706857975223,21.650653274198838,62.624576079547715,50.89337665920598,38.71558806998926,26.41375806334595,16.78385171168974,20.33515526384434,4.0,5
23912.066865776585,23.474575856516022,56.0,5266.975080567529,1.1270324451655107,91.0,364.0,-9.37,0.000563828,0.002197802197802198,0.004395604395604396,0.006593406593406593,0.008791208791208791,0.01098901098901099,0.013186813186813187,0.015384615384615385,0.017582417582417582,0.01978021978021978,0.02197802197802198,0.9605966837653176,0.21978021978021978,-1.4699999999999998,0.06924011643958605,9.090487133765,12.536389744721701,0.39659233956829243,1.694965568929113,0.5686085154611591,1.694965568929113,0.5686085154611591,0.5890820270256811,0.3532555826846403,0.2789159639284951,0.45934081857341696,0.2789159639284951,0.3532555826846403,0.5890820270256811,31.095404594227873,-38.19528090024493,51.76392996518408,34.68792009766782,-14.753302992977773,-87.6155487175274,-122.96582232815277,21.75012770842415,41.31026307714374,25.79723789298492,37.16699049417749,6.919081361901865,38.01,1.5222761736546482,35.824175824175825,-4.629762977174292,4.715248433774072,0.4396551922260519,0.0014989415598898423,-7.54,2.8600000000000003,0.03999999999999915,0.0,7.032967032967033,-14.63,95.0,17.0,52.64,94.0,3.2967032967032965,7.249413294301608,588.4367864778849,2.1584572901297645,0.02336152595575039,10.401266033348005,-0.7572104271938674,-1078213.3448103429,0.4875996546166029,4.298725092703716,97.0,35.824175824175825,0.0,1.3801969476915157,-0.00030484944971343185,11.56887838622803,0.1550558298342365,0.02197925298711016,3.0008374223992265,0.6556964437295446,0.459480917303973,0.2530462061608821,0.13883286349648832,0.06964166613079213,0.030543698990615355,0.01255057468847153,0.006791806238869796,0.007201157992284563,0.00755198458618812,0.010707469113558896,0.012475873248883971,0.8837875820695734,0.013212694398020431,0.01385065365538922,0.013493645443760477,0.012500438182213936,0.009254072101345894,0.007468183765182839,0.7619705865646162,0.00602828182724035,0.005737155776875253,0.004940377491909355,0.004038047768621389,0.0025266269166659048,0.0023259492198964477,0.001234319877266672,0.7537150560346577,0.7039789143449074,0.5952601695549964,5.578466445788047,199.6034572706276,31.11928788678313,0.003244336314477227,0.13560398242350033,0.0007731697607695003,0.18837875847450175,0.22437483230212063,0.23655085986906857,0.21356342970393566,0.14716434655619884,0.055064459277729884,4.951527958494288,7.202195428053111,2.2121035137086396,6.78346796946517,6.4322170273989006,6.181468845536127,6.050400605224351,6.007088718869883,5.871791363360466,2.091157710632931,4.951526895618409,7.200918729149776,2.2121033785903026,6.780851800188198,6.428302405938115,6.176941053549802,6.0466303132564905,6.005285799316842,5.8715331660614005,24.51761859803248,51.85323054382002,4.893401357570631,45.979951136115524,41.32307182218975,38.15460077902894,36.56173814519228,36.063457531476516,34.47490172015902,5.0,5
24072.49435200166,25.100825416515388,40.0,5302.311531277899,1.290582885424787,91.0,364.0,-9.31,0.00047727618,0.002197802197802198,0.004395604395604396,0.006593406593406593,0.008791208791208791,0.01098901098901099,0.013186813186813187,0.015384615384615385,0.017582417582417582,0.01978021978021978,0.02197802197802198,0.9560914546314444,0.21978021978021978,-8.4895,0.06910870986683322,9.130303965080001,10.969435957019753,0.2744155761625967,1.8724263852087042,0.75612203908375,1.8724263852087042,0.7561220390837498,0.8841284204594927,0.35762771700870266,0.12300265561561437,0.5672392274282763,0.12300265561561415,0.35762771700870266,0.8841284204594926,44.7634901476568,-8.740041350314188,-12.159620536696924,3.907877971757788,83.09624657510452,-160.05460849193267,-216.16901732453346,17.17393583490397,3.7135026109104325,91.8641791879066,-70.26087675237872,-71.00050898974648,31.61,1.2902508046065952,32.527472527472526,-4.909958313189606,4.4058529549295775,0.3098342298819343,-0.0004163305160352488,-7.29,2.3400000000000007,0.0600000000000005,-6.067675000000001e-05,4.175824175824176,-10.6,86.0,16.0,42.21,86.0,2.857142857142857,7.273691015805541,540.6905902742593,2.2870013992806673,0.019345393394299477,7.7896420799257555,-0.9712329840226541,-1097075.8193145036,0.4634895390188536,6.15183701259751,82.0,32.527472527472526,0.0,1.8678655525837824,-0.0003595911769134417,10.131887613170347,0.10310341225576258,0.0367861827436266,2.6775851664800023,0.4131686305956145,0.28488880138699,0.15365487967327351,0.07110393884908293,0.034513520518668905,0.013534913679278646,0.006488001751975335,0.003833561097867766,0.00417605265624536,0.004864507040174116,0.00535797735560328,0.00599002770383124,1.4553534453647061,0.006731168740475456,0.007442366916328765,0.0074861911945008665,0.006555555354349561,0.004617044324707095,0.0033131332328994933,0.8688280376020644,0.00245042967823393,0.001338240623742188,0.0007804063557441739,0.0007683808905507188,0.0008698546512789042,0.000966857082022865,0.000574294399537849,0.5641774572202162,0.456970258581224,0.4553865097299705,5.366459760042043,140.66474036639818,28.79889035615051,0.016841387200886238,0.27986452670025325,0.0014979738957226034,0.31668539787139227,0.3341334180297679,0.3255753361107926,0.28189353721370775,0.19809850075320384,0.09099967202980169,4.019607270685068,8.17622379651617,1.490019935307286,7.815427041504552,7.420823185642378,6.970809904509516,6.472895582048601,5.959692852089326,5.347464916024272,2.0560293056237677,4.019571989431388,8.171432641673807,1.490019182321938,7.809008272492457,7.413296946131542,6.963202670131346,6.466754460297796,5.956399573168671,5.346690573410898,16.15695897822141,66.77231141741215,2.2201571636873365,60.98061019985564,54.95697161152325,48.4861914253243,41.818913249781446,35.47869587524393,28.587100087800955,2.0,5
22343.573450472828,23.98843991955091,77.0,4921.491949443354,1.2960875145533015,91.0,364.0,-9.05,0.00044297826,0.002197802197802198,0.004395604395604396,0.006593406593406593,0.008791208791208791,0.01098901098901099,0.013186813186813187,0.015384615384615385,0.017582417582417582,0.01978021978021978,0.02197802197802198,0.9571183799662515,0.21978021978021978,-8.859,0.03407514194106074,8.725333052775001,7.1174692048179935,0.46596126545273964,0.9402568435962287,0.6286526761549989,0.9402568435962287,0.6286526761549989,0.3769059721017195,0.7281990670256675,0.612834667917883,0.4892557328653452,0.612834667917883,0.7281990670256675,0.3769059721017196,-31.55980208389908,-33.08422468452389,87.39482238423803,156.17639701700136,-70.9057443723807,76.8142717967023,27.304460277448705,25.86077744497202,70.96278671152871,41.20313503964901,47.2800256065397,52.911685417987044,24.35,1.51041679129106,46.59340659340659,-5.06272620431357,4.0989783191624385,0.38256327905779336,-0.053633950305264314,-7.0,2.67,0.06000000000000005,-1.2390504999999996e-05,12.747252747252746,-36.03,94.0,11.0,60.38,94.0,1.5384615384615383,7.007621196683224,570.4724235155301,0.6222613301168487,0.023140361743378548,16.413114278690042,-0.8271752242998311,-662955.5291650404,0.5066168260441121,2.1148210637523865,80.0,46.59340659340659,0.0,0.6345709573785446,-0.00017883630138741669,15.779655401497763,0.07459786171879801,0.07250929774666962,0.5740334402001733,0.010535794684625234,0.00800158101560169,0.013234414376875808,0.011035699477986839,0.00576111829450525,0.0013410213178036805,0.0036107814568353915,0.011339445626248073,0.01705600208168416,0.01746746042385914,0.012567060230414998,0.009922256297980063,0.16679344012723585,0.011207634409475854,0.0159500531164333,0.014708486162598547,0.009204145223858748,0.005505433679956953,0.00603876126591367,0.12852362394085998,0.008966954487425995,0.009180218680332294,0.0062585257514240515,0.004190257489523441,0.005092337384826346,0.007359634907724438,0.0039668521558478415,0.0767755090160219,0.045790338917305294,0.015235240532806985,4.845158224079038,173.6837286922382,23.47555821636073,0.0575600970113575,0.3437661078284158,0.03965502655950985,0.28773014554954,0.23115866905047863,0.1727977005329703,0.1109286746197064,0.04730446672092247,0.012165949447582081,2.8975315019842345,4.0044805139174295,2.36741545533493,3.71120633411639,3.5559648172922067,3.5247541720198967,3.549793768324124,3.496390254879273,3.2196862249509945,2.105910513709694,2.896959723610782,3.989697864431954,2.3670833143400887,3.700035650872523,3.5484435252012685,3.5205160030686105,3.548060121641106,3.496070236972221,3.219663239659269,8.392375640223058,15.917689049452896,5.60308341702726,13.690263817727656,12.591451451542806,12.394032927862185,12.588730626779899,12.222507101843,10.36623137681322,2.0,5
26704.787955716187,24.745966389658612,15.0,5882.111884518984,1.4639279210522858,91.0,364.0,-8.96,0.00054786462,0.002197802197802198,0.004395604395604396,0.006593406593406593,0.008791208791208791,0.01098901098901099,0.013186813186813187,0.015384615384615385,0.017582417582417582,0.01978021978021978,0.02197802197802198,0.9639593956065783,0.21978021978021978,-7.767999999999999,0.11214977285556409,8.7203707229,18.37730658898329,0.27403425941671344,1.5312855290891314,0.6385903409357432,1.5312855290891314,0.6385903409357432,0.23719084625015335,0.2658167988760185,0.31953043993192887,0.2006347484209249,0.3195304399319288,0.2658167988760185,0.23719084625015333,26.553570205718838,-4.614596012141717,32.11065659092587,31.36420180128938,-78.7398882682594,-31.06790389755513,-37.26100799415816,-35.920459201060645,17.162979255492246,-28.329568009029114,27.616477827284477,33.17078351731292,39.77,1.0552654658383978,39.78021978021978,-4.232456865703139,4.5715456978468225,0.5073188586971273,-0.012046312162070512,-6.25,3.1799999999999997,0.05999999999999961,-6.117919000000005e-05,7.032967032967033,-10.27,97.0,11.0,50.040000000000006,95.0,17.582417582417584,7.661060087280004,623.5690715533058,3.3931848560866804,0.017599802492617896,10.853425652800432,-0.5496176342792573,-1230979.5528111886,0.5875713638125154,4.41980034347471,82.0,39.78021978021978,0.0,1.4404182493555486,-0.000295371822390214,12.06336401806667,0.21230029779557413,0.1185995586643683,2.7542417146245013,0.7197565128204584,0.5588997187018004,0.3969832044986074,0.30020957720183505,0.23506390301556807,0.16518180162131074,0.10578955151297137,0.06650909935622432,0.040455410650257685,0.024843905558601217,0.018883296543574925,0.01579104292639271,1.745092801214944,0.014165720456449628,0.016125536007370135,0.017458109063837546,0.017424532177758013,0.019786707171902028,0.02090220624734432,1.5756434946870823,0.022337175591617617,0.023905971496253127,0.02306930492903144,0.02259753547426106,0.02188373042206781,0.020723089229015446,0.00973113961636654,1.1297971216542009,0.8640489455113407,0.8443424026882175,6.3857772072690615,230.32276184849582,40.77815054087706,0.05034387046177833,0.3323182196415588,0.008424342647135688,0.3623494874592705,0.3795581577883995,0.3795155662368553,0.3524466421923393,0.2839065342442038,0.16809121816652428,5.999490717232852,11.033181545610924,2.723090768781747,10.503430856220332,9.9635134992438,9.410660926192921,8.860160596278059,8.322905647757345,7.616484345018197,2.072145264336326,5.999279486810902,11.028175715833683,2.7230777376849398,10.497178792434632,9.956281276383754,9.403005211248058,8.853147867072238,8.318062003933642,7.614629283181326,35.99135436087008,121.62065961930375,7.41515236547533,110.19076260033938,99.12753685446971,88.41650700275812,78.37822715624571,69.19015550128456,57.98257912028256,2.0,5
26404.63455813891,24.530281171064686,16.0,5815.998801352182,1.0662484315978127,91.0,364.0,-9.16,0.00053562628,0.002197802197802198,0.004395604395604396,0.006593406593406593,0.008791208791208791,0.01098901098901099,0.013186813186813187,0.015384615384615385,0.017582417582417582,0.01978021978021978,0.02197802197802198,0.9609066041406631,0.21978021978021978,0.20999999999999996,0.10835981187064248,8.865417018234998,16.64090598552111,0.2815625745266922,1.0603427682278976,0.22550090059179878,1.0603427682278976,0.22550090059179878,0.32167573261674,0.3003579881678985,0.7427153161402713,0.3832252334100761,0.7427153161402713,0.3003579881678985,0.32167573261674004,-6.890230215722312,-58.484488847114584,-11.177576109461166,-41.655647151645525,-38.11915024801856,-25.329608857532737,194.5272194556882,58.17012916823905,145.02525501972264,80.5709911609102,4.330319553099587,-126.74541575832303,39.99,1.0546928028445406,41.75824175824176,-4.4545963113173,4.638588993161885,0.49073851560018056,-0.07189219140099119,-7.03,2.6800000000000006,0.05999999999999961,-5.942246499999999e-05,10.54945054945055,-13.05,95.0,13.0,53.040000000000006,96.0,2.4175824175824174,7.617884474317103,618.6654465645336,3.1205005175323306,0.017117865877858764,13.664282733415053,-0.54354451299416,-1056796.9624746726,0.589084585109313,2.63868683696286,87.0,41.75824175824176,0.0,0.8633660626934707,-0.00023645400947017604,13.703248030621165,0.10986782858865196,0.3016820768247549,2.1004742311771416,0.3524373431905972,0.2572445999564206,0.17190325919742927,0.1060251435506219,0.056233121539295106,0.016695224375894765,0.006682671353371836,0.014552699572541324,0.02308512905753916,0.029414456764627173,0.02563206898783134,0.026264175674219514,1.1907293398400507,0.03107051367061796,0.04129861644042671,0.046270307222292584,0.0403804433476776,0.0308872073231969,0.0209645881466128,0.6829381732851263,0.015899124568523916,0.013281493628729988,0.014297837920722287,0.01648897617398409,0.016491816879864323,0.01669104076185628,0.007596260591466016,0.397770669221241,0.3941650494807591,0.3978781545381057,6.179703517745804,222.79528608248197,38.18873556723987,0.15586603627773554,0.3284933022964124,0.06061980775978502,0.3739023313340238,0.4008958655939616,0.4027571109797754,0.3719360953544518,0.3064508060900994,0.2238162647397955,4.088038581916893,10.33729860792507,3.0688629011776034,9.877178661034295,9.302329645143843,8.526286280710014,7.441353187242078,5.942020072942444,4.299863930725105,2.0569514472142263,4.085066122595343,10.332077944912921,3.0682641257120262,9.870099054650575,9.293687068751112,8.516768427647838,7.432052260193701,5.934112440011368,4.294034944244013,16.68776522597615,106.751834659756,9.414244745131384,97.41885534861419,86.37261933187165,72.53534445017901,55.2354007982503,35.21369045069767,18.43873610238868,4.0,5
13064.432488105163,12.909153693725255,24.0,2877.6283013447496,0.7857774537304583,91.0,364.0,-8.82,0.00069128363,0.002197802197802198,0.004395604395604396,0.006593406593406593,0.008791208791208791,0.01098901098901099,0.013186813186813187,0.015384615384615385,0.017582417582417582,0.01978021978021978,0.02197802197802198,0.9933404533394292,0.21978021978021978,1.0745000000000013,0.28488362816254453,5.0656179007199995,1.9572789906112327,0.28493882905901247,1.3728927008311038,0.4898370203474791,1.3728927008311038,0.48983702034747917,0.7611225256594355,0.25936829992128263,0.37686209957334676,0.42607692869763525,0.3768620995733468,0.25936829992128263,0.7611225256594355,11.788801780844679,-43.510723533407706,60.71998157639332,44.38327496417179,38.39537450649242,-104.04728279922418,-49.26662136239178,0.7514817969122902,28.24900308282813,11.705508466057921,80.03279986956883,14.249045769996533,19.34,0.7782615090159567,37.362637362637365,-2.4491519755688222,3.776492040549078,0.3103394631785436,-0.02925048054017623,0.00024493182,0.00052578531,0.0005421370505000001,3.498235000000009e-06,5.274725274725275,-13.87,109.0,14.0,33.21,109.0,2.6373626373626373,5.35845485521675,544.6561388373455,-0.3084949170925495,0.01906504380887459,10.363367995725499,-0.445169523548139,-812673.612473523,0.4971959008125064,3.6830047796244636,84.0,37.362637362637365,0.0,1.303698445926378,-0.00030564382289806607,12.382228781984775,0.07781218103328469,0.08536204090293101,4.381968273300104,0.22482901197606606,0.13656278697751845,0.06987406955806609,0.03246064066933077,0.015613114426222001,0.009535227774740767,0.00476765959670793,0.003012133135593287,0.0026237122116822215,0.002508943472457585,0.002533265357789845,0.0026338664093883504,0.6097782947043477,0.003184610931655156,0.003359724578549222,0.0035825303658113842,0.003181582200634569,0.0028357609855728582,0.0018959327710233035,0.18932929234448428,0.001666714688929289,0.0015982035649838738,0.0015341300919463033,0.001636778860411784,0.0016765057406354093,0.0015613396686815584,0.0008381353758705577,0.2364089947932734,0.23544581641170742,0.25989533429165773,4.765993394452336,140.8941162830588,22.7146930359633,0.027895009862845013,0.03709170008484146,0.015366734956342071,0.08599012091675956,0.12311281969825599,0.14710067875011817,0.1531906818970275,0.13277555078065822,0.08118857243922535,2.8456169178560633,8.125049357014866,1.3629172153159674,7.06775287651803,6.048436921959274,5.1092276251427915,4.340977879976492,3.8389671322261854,3.5243524614795696,1.9846724599324705,2.845480189987868,8.124964692828673,1.3628305834774228,7.067229755896832,6.04718384312451,5.1071095852579385,4.338274031158604,3.8366703396862016,3.52341718909958,8.096757511613394,66.01505125971252,1.857307199261413,49.9457364226336,36.568432432546125,26.082568315833512,18.82062156942512,14.720039295427833,12.414468688442383,6.0,2
14123.077298512357,13.034728569983189,21.0,3110.8099776458935,0.8175253851406125,91.0,364.0,-7.99,0.00077111657,0.002197802197802198,0.004395604395604396,0.006593406593406593,0.008791208791208791,0.01098901098901099,0.013186813186813187,0.015384615384615385,0.017582417582417582,0.01978021978021978,0.02197802197802198,0.9945239901860655,0.21978021978021978,-0.34499999999999975,0.3402688993682369,4.180694868544999,4.89822285614563,0.2656546396882041,0.9748366206684185,0.8586435322987003,0.9748366206684185,0.8586435322987003,0.4578832064853016,0.2620323204373993,0.2699197597612376,0.5580239580016624,0.26991975976123755,0.2620323204373993,0.4578832064853016,-15.039966232810983,41.19756243312398,45.666451490796845,34.544435286536824,-14.223926360904874,-30.05224660700422,-47.12375580706651,75.00127741069201,-14.263674120367414,-50.61696873332305,29.540550003655262,29.484099543882742,26.76,0.6461960438285596,45.494505494505496,-2.347200256590794,3.7595831455684996,0.3764900213587894,-0.004492267271145373,0.00029995327,0.0005572598600000001,0.0005817538945,-2.0356534999999996e-05,6.153846153846153,-14.94,107.0,15.0,41.7,107.0,2.6373626373626373,5.571331109025992,571.6899584454504,0.1921107289257648,0.01672694992961696,12.825559570892477,-0.3595842006042615,-775854.8236248761,0.5341373719470788,2.934404152735557,63.0,45.494505494505496,0.0,1.1294577634777614,-0.0002540343178828693,14.939628261683568,0.1053942525497591,0.07988647359951473,5.934813285720387,0.08437093015012383,0.06452522341962316,0.05805138454194794,0.05366314086594418,0.0478392868068028,0.04499724063968272,0.038123674678715316,0.030648074796169256,0.028834443988190888,0.02774327550031051,0.026416198574418764,0.02651193246845595,0.9556938816321394,0.02740536386955786,0.02995707727904665,0.030206530530870638,0.029803319647601408,0.03148039231747089,0.03197807233577278,0.4142563565495533,0.03308787208178307,0.03574103992892612,0.04016642006967357,0.04343356216719234,0.04457429097776143,0.04614079085782091,0.02329947612276737,0.33685032759578015,0.175097441197932,0.13070889255639223,5.052759768865021,170.9264696968904,25.5303812818609,0.04140761185791221,0.17792159638896538,0.004307408665117553,0.21578336662343547,0.24237541085998776,0.25421694023253477,0.24404588855824258,0.20274208135943175,0.12671389806186695,2.9640309471349124,8.906731465157616,1.4080344617127203,7.89853938362732,6.982496338990316,6.20293891451744,5.571418103746379,4.972682856414316,4.164745080280522,1.9951418904072844,2.9637417001577093,8.904954199655782,1.4080278731620413,7.895591297262067,6.97828842082524,6.197727399985709,5.566070543123822,4.968548121828236,4.162816975529765,8.783764865253708,79.29820929796713,1.9825424916012215,62.340361933400494,48.696509284223616,38.41182492453361,30.981141291030717,24.68647043892289,17.329045171758775,8.0,2
16859.46588247162,12.865209866554654,15.0,3713.5387406325153,0.7373578001022758,91.0,364.0,-5.72,0.00069248327,0.002197802197802198,0.004395604395604396,0.006593406593406593,0.008791208791208791,0.01098901098901099,0.013186813186813187,0.015384615384615385,0.017582417582417582,0.01978021978021978,0.02197802197802198,0.9953317296354052,0.21978021978021978,-1.3049999999999997,0.364320922852537,2.995620288825,17.483987209769037,0.19615527081666662,1.1998245707594053,0.48384863962737523,1.1998245707594055,0.48384863962737523,0.5660050027600563,0.22456915257289004,0.1889766636197018,0.119268177225234,0.18897666361970172,0.22456915257289004,0.5660050027600563,6.238294743595475,-14.836034342592425,62.62797442205088,50.99697346253856,47.104000243083355,-52.009340580398764,-57.935917517976065,-46.052316530474464,11.557643644861505,2.8095387729835872,6.436253350498196,-3.1529501365495016,39.99,0.4652913368545624,40.21978021978022,-1.8913712944409884,3.532748837047167,0.37805743962613547,-0.08808337280226874,0.00019541947,0.0006385745999999999,0.000633382495,-1.6982350000000127e-06,6.813186813186813,-15.07,110.0,13.0,55.06,110.0,18.681318681318682,6.08718088857784,565.8040782281478,2.2063443044423794,0.011489174652844148,11.810521188690117,-0.20465427199876984,-1015652.3775603106,0.6172062888181813,3.383320265830671,91.0,40.21978021978022,0.0,1.2171031213029435,-0.00027531033434123,12.96656357165142,0.12617861049663548,0.37547855473689196,5.560706382476124,0.05383594311301251,0.054894800078523515,0.03177710851264252,0.017178587739978688,0.028300567990153982,0.03498449929550188,0.041417059460967035,0.0457604408267781,0.038229345155361666,0.031797860412981986,0.024882122670883678,0.016613568998287268,1.2059689485711915,0.012551016336858853,0.012048284252191373,0.012656081558541936,0.0117224417094372,0.009828269059628802,0.007798341099068509,0.44466103487778386,0.006009647339340147,0.006390328772516816,0.007309310522907542,0.00805901809847122,0.006988586072199259,0.004468940568398641,0.0015291408760454153,0.13962152956876916,0.09833697756043618,0.08091579822615937,5.785886777049125,171.6380775902655,33.476485796831916,0.18783869265963868,0.2920910711050768,0.06873847761952603,0.3119558628481124,0.3265494441921103,0.33527752900329694,0.3363704109085172,0.32326230162691516,0.2794198065120054,4.148395155116645,10.830207598386114,1.7549921734129779,9.878255725932718,9.013886371963924,8.256598123398085,7.6099283884031825,6.978803269089483,6.016262264415936,2.0218151717496426,4.144140319600094,10.826268028749382,1.753645503069351,9.873328705485157,9.007969415310798,8.249787969993303,7.60249071181872,6.971312398178762,6.009770062653309,17.17389898853517,117.20807943032104,3.0752725504353573,97.4826197265572,81.14351298717477,68.05900154984623,57.7978650232899,48.59919655300093,36.11733620596395,9.0,2
17753.797490968875,13.13470188305746,11.0,3910.5280817112057,0.5539451393924655,91.0,364.0,-7.02,0.00069943092,0.002197802197802198,0.004395604395604396,0.006593406593406593,0.008791208791208791,0.01098901098901099,0.013186813186813187,0.015384615384615385,0.017582417582417582,0.01978021978021978,0.02197802197802198,0.9955196283340535,0.21978021978021978,1.112499999999998,0.337900327066509,2.38063492064,12.039643682372128,0.018720482087430636,1.1070339573406003,0.6728090428747748,1.1070339573406003,0.6728090428747748,0.05152373641929538,0.34561774694253045,0.1906778872738648,0.6922668174877913,0.1906778872738648,0.34561774694253045,0.05152373641929539,5.6568079030334175,-0.30875044574042126,1.7940425281661265,-54.47342337275337,-127.0767715244037,-40.14102408862089,-158.58836098708093,203.48119315353532,166.93178726171107,115.39948460575559,61.64663080902109,3.5236276665628945,34.62,0.3918284423916488,45.27472527472528,-1.7640862047358004,3.70079962217983,0.5404704320831594,-0.00171613643156389,0.00025846552,0.00047634242,0.0005089177219999999,-3.942244999999994e-05,9.23076923076923,-16.93,114.0,16.0,51.55,113.0,4.835164835164835,6.246545857110675,647.8439127758973,1.8674371673560182,0.011986563209079967,12.354613799758942,-0.1767307493534784,-999076.3376921129,0.6307015941966156,3.862268012476123,74.0,45.27472527472528,0.21978021978021978,1.3210207653384682,-0.00026390571797307296,13.4342432418516,0.08798504484865033,0.06343329509787823,7.975591077990386,0.7303604710098435,0.9135697458865587,0.7325402578758586,0.4433950166754788,0.22647995976719335,0.10898957347181693,0.06837362491320155,0.048734083965772765,0.039257737304397834,0.037254225445594105,0.030667317392527912,0.029582553612532373,2.8249182533909356,0.03090305543279975,0.031308357943856086,0.022406651806873453,0.017841200641503734,0.011207246807925406,0.011365342645499358,0.7812391630921827,0.010237402806372744,0.018141193993082075,0.028770460787569903,0.04574086645786161,0.06334042919949126,0.08150277056037895,0.04132556373901242,0.13326753916996514,0.13038004355876776,0.3113677695584328,5.992272941651388,245.37357616575434,35.907335007247376,0.03148123102604997,0.6642840023248355,0.0015299841084566773,0.6284030227879198,0.5642402358529855,0.4745846287339133,0.36882238930604777,0.25513186031587715,0.13396185010348088,5.4132492877580525,12.827120309716532,2.7346226689712863,11.664644128781175,10.354988727406507,8.839885701573714,7.100799885058118,5.376401565801158,4.887646963111748,2.0184256659202036,5.4131577460393805,12.809907970168936,2.734622240968626,11.647705022538139,10.339604658832966,8.827137058359119,7.091214920786703,5.370344637972587,4.885810788265582,29.302276783506144,164.09374220419764,7.478158800800268,135.66903229206017,106.90742450096039,77.91834864705689,50.28532905278796,28.840601530600914,23.871147058732344,4.0,2
12204.56880581584,11.565192020000445,16.0,2688.231014496881,0.6893223640602587,91.0,364.0,-5.46,0.00077349541,0.002197802197802198,0.004395604395604396,0.006593406593406593,0.008791208791208791,0.01098901098901099,0.013186813186813187,0.015384615384615385,0.017582417582417582,0.01978021978021978,0.02197802197802198,0.9948339105614112,0.21978021978021978,-1.0505000000000004,0.28783426296064085,2.46567746601,7.636211704497391,0.1826175210979995,1.4783176971276153,0.7963879739016722,1.478317697127615,0.7963879739016722,0.2971645023237735,0.3058045231379182,0.16331951360762334,0.2107147969236476,0.1633195136076233,0.3058045231379182,0.2971645023237734,25.78512053860015,20.860776954116076,37.74195500518456,22.03594672557206,-19.733846830867304,-88.53076780231945,-97.49019178896141,-46.01757613447294,26.702417546532516,47.85871605431871,-116.47013800989261,51.68095681079551,27.53,0.4968382036098733,38.02197802197802,-1.8142760588822637,3.268601936360231,0.4045501563811279,6.692162345817257e-05,0.00033365433,0.00048728015,0.00051289898,-2.4874849999999998e-05,5.714285714285714,-16.44,112.0,14.0,43.97,114.0,14.505494505494505,5.17911461010955,581.9338449545678,0.6373128286373854,0.014747935054162949,9.623469577798051,-0.2768836901095095,-893928.3521320343,0.5820755384767083,5.245907613769778,76.0,38.02197802197802,0.0,1.6963011093995957,-0.0003211526856104133,11.59669826229296,0.11765805075360058,0.11172740317538674,4.0347859921731475,0.23288863545254482,0.17981976838106495,0.15325757557646258,0.09981207670650738,0.07136381372403075,0.036678367192226766,0.01690422846514231,0.007599854362017955,0.011304340246307054,0.014360926639694098,0.01595584693433802,0.009089485779186095,1.2469675175468156,0.0044660535785784414,0.0033906115542988386,0.001768355454813767,0.006285401232246142,0.008485904401505323,0.008368890234695451,0.6217746453063632,0.006747933140150441,0.0034664707406727034,0.0016432375434064879,0.00179089411761426,0.00471012843273768,0.0062700213304616136,0.0036981168943132072,0.4291869763623156,0.2575069558677936,0.2127693494938967,4.850941200098888,183.66577099703207,23.53163052681684,0.057585628239522915,0.18834750734883673,0.0036352209588315317,0.22364169668356895,0.24844066321437994,0.26119833388350056,0.2569614228408549,0.22474170300168705,0.15250562278529886,3.8504772961860727,9.462383635003889,1.522377070960598,8.618407747989353,7.79503045118023,7.01146641902959,6.320032875034762,5.742998456451647,5.113754902310477,2.032367218669187,3.850046662556789,9.460508933057717,1.522372730757862,8.61550558598318,7.791070335434577,7.0065995158533285,6.314806914600934,5.738599344590795,5.111480337037727,14.822859303864668,89.50122927246487,2.3176187313551497,74.2269365021074,60.70077697168866,49.0924367755561,39.87678636869176,32.931522437737904,26.12723123592332,5.0,2
18355.723198487674,13.438366250637337,10.0,4043.110836671294,0.6717550766897904,91.0,364.0,-4.45,0.00078559735,0.002197802197802198,0.004395604395604396,0.006593406593406593,0.008791208791208791,0.01098901098901099,0.013186813186813187,0.015384615384615385,0.017582417582417582,0.01978021978021978,0.02197802197802198,0.9965152664820416,0.21978021978021978,-1.795500000000004,0.24273158795836494,2.010670950335,8.966221774267654,0.03507501400414749,1.1245885672330067,0.41342945015518073,1.1245885672330067,0.41342945015518073,0.10682854511452758,0.13511841640182776,0.3876324310454174,0.3118546622702326,0.3876324310454174,0.13511841640182776,0.1068285451145276,11.634299061304452,-24.849785691368186,-1.2673944548849985,33.75606495714558,-118.08934048828345,-74.30362427030526,54.62402514133377,32.74248841055533,49.48595543776186,71.61352442904992,123.951897378031,24.049526587228673,28.71,0.30960969196970395,42.417582417582416,-1.767435701541058,3.7860660348118516,0.716827346227566,-0.0009685870701100622,0.00028686661,0.0005132055900000001,0.000521872325,-3.107260000000014e-06,10.989010989010989,-39.08,112.0,16.0,67.78999999999999,112.0,13.626373626373628,6.351554832313502,720.845360933522,0.5267567279131188,0.014928033286997421,13.623581420743712,-0.14994950626816173,-1076434.5420202506,0.7254144230231635,3.379545313168878,73.0,42.417582417582416,0.21978021978021978,1.0831992874005636,-0.00023730714154227903,12.82550247177048,0.08281235873637693,0.058124006346326244,6.694758339882551,1.007968924241678,1.0984253206072507,0.8315133089819025,0.5943052625845082,0.40374350452690333,0.3123920307887508,0.3173330053600685,0.22507797692958229,0.17307478495527914,0.10694128616329915,0.06066071168314661,0.05200207584395658,3.059812272443015,0.03905789093826783,0.050568254119536714,0.038512016359604585,0.042468460266078686,0.04067624880285898,0.03979823843085602,0.8810367497394503,0.0532752328682529,0.04875946798183932,0.05495804505045827,0.04163706110610658,0.03644115378074404,0.03985694561836393,0.016097674712118978,0.7465727431898106,0.5656316653074424,0.766863365451917,6.100690110864759,325.439615187315,37.218419828803064,0.022857303514944263,0.24133845986981844,0.0002976469836121243,0.2400261979040317,0.21987840542220896,0.18611598367362145,0.15037752157480233,0.12144480589448016,0.08458659819646104,6.623468342310577,12.021878108542682,3.743757938875791,11.104235664964163,10.099707062981823,8.98382536368907,7.800400210017023,6.743432537848202,6.4224681129390415,2.0717129002199193,6.623428902408966,12.019455437100527,3.7437579270435988,11.101641190715084,10.097313318149233,8.981897294329535,7.798950572829568,6.742338878433144,6.421911068297686,43.86981042526644,144.46730900444544,14.015723416301785,123.24643712738182,101.95573624487389,80.67447900588422,60.823630037438654,45.459133551631105,41.240941769124326,10.0,2
24352.300970820917,19.314755421775505,17.0,5363.94294511474,1.1778544145095526,91.0,364.0,-8.93,0.00086937473,0.002197802197802198,0.004395604395604396,0.006593406593406593,0.008791208791208791,0.01098901098901099,0.013186813186813187,0.015384615384615385,0.017582417582417582,0.01978021978021978,0.02197802197802198,0.9923448151914414,0.21978021978021978,2.2425000000000033,0.40590415219200243,6.8007921711499995,3.3134090695378706,0.11152663393465952,1.2793397902555423,0.8635661890424353,1.2793397902555423,0.8635661890424353,0.25021449180566413,0.35861719373474954,0.2594158159600223,0.6466951049074715,0.2594158159600223,0.35861719373474954,0.25021449180566413,8.085968099596625,57.19521316873059,-33.54762610023118,68.82668304201798,-83.56300180274785,-29.841239714271822,69.65379017873332,77.6649751264377,-184.05087362518705,36.8346911380304,5.062807261669864,-130.9555525066729,31.75,1.0365885472524214,43.956043956043956,-3.0112604732567787,5.079707104052495,0.6153998791054995,0.018239204912048477,0.00024639705,0.6697536029500001,0.05499999999999938,-8.215669999999981e-06,4.615384615384615,-21.9,92.0,14.0,53.65,93.0,6.153846153846153,7.315841755752431,639.2763095610921,0.1650058597005573,0.014460989458632514,10.507174958029871,-0.412468769616454,-1085729.5845428545,0.5009917633601771,4.328592792658523,91.0,43.956043956043956,0.0,1.548425595236465,-0.0003026295139315655,13.417203299454302,0.19634526259489904,0.19163897020889495,13.303584873807852,0.052801115590745976,0.1318280430866085,0.14626785557170455,0.12801483038455103,0.12361462644621621,0.10225947988597672,0.05907046300173496,0.03832139546366474,0.020152146628852823,0.00817000451383194,0.006243080680809011,0.0048874613179509755,3.0014474309391805,0.005950837250468591,0.01003114187624113,0.011733539346236674,0.012671857793877785,0.014212357407649307,0.014094414985955208,0.9892922389520948,0.011000853784209452,0.014778272739303988,0.016446965366077607,0.022508770799170824,0.027013145431881058,0.030396289805577525,0.016997169200461588,0.997944367133817,0.6404378311153353,0.1600369570781679,6.667372117814646,279.39154511389677,44.453850957412165,0.0293672937856719,0.5186698699217478,0.013391738219736004,0.47250660241181064,0.4013541240892443,0.30556441922940125,0.1919534847949294,0.0791106026253086,0.0038630871198218997,3.8507215656507747,14.000027123653881,1.698529189064871,12.206088333064429,10.618357506964278,9.313951953911543,8.330180900046003,7.3972308213609494,5.924189834174403,2.0011753676656427,3.8506095800825686,13.990416042029619,1.6984763959068794,12.196939366302058,10.610769576839429,9.308938252318233,8.327969001333177,7.396807780187657,5.924188574639842,14.827194138223655,195.7317410290797,2.8848220674528227,148.76532990524882,112.5884310127812,86.65633138547365,69.35506768716631,54.712765337044644,35.09601026789325,9.0,6
21659.017866334772,17.904315080608207,16.0,4770.7087811310075,1.2321484052003215,91.0,364.0,-8.93,0.00083987817,0.002197802197802198,0.004395604395604396,0.006593406593406593,0.008791208791208791,0.01098901098901099,0.013186813186813187,0.015384615384615385,0.017582417582417582,0.01978021978021978,0.02197802197802198,0.9908513579694591,0.21978021978021978,1.5690000000000008,0.35606941696418243,6.59074639702,3.979037616196748,0.20137247592817056,1.4434136872507795,0.8267539400905888,1.4434136872507795,0.8267539400905888,0.20687178178481053,0.33898634084751755,0.30394647909226,0.30663102986545554,0.30394647909225997,0.33898634084751755,0.20687178178481058,21.417331574735826,16.594932032809535,70.10887880806807,29.327071768330875,-107.63251228905212,-45.06674047910038,-81.36497863462012,-23.956133869393,19.975426006259184,20.510954746420186,43.374584731179475,53.940936578740605,30.62,1.165187554774232,40.65934065934066,-3.0182816884731087,4.769301223813217,0.6159983426652705,0.0164331439820044,0.00020026505,0.91979973495,0.07500000000000007,3.783836000000008e-06,6.593406593406593,-22.2,90.0,12.0,52.82,91.0,11.64835164835165,6.899437445826118,640.8314055962614,0.06455136229085642,0.016558377322383404,10.268693346130178,-0.43979507776878407,-1068596.3455801355,0.5122208158874157,4.910427143238852,100.0,40.65934065934066,0.0,1.5970964832207541,-0.00030762827928739877,12.113624679499784,0.20694524347674714,0.22689782907294365,7.1921041194206365,0.628793524926723,0.13121489787636947,0.1528879477157903,0.1755501950313009,0.055299193717348934,0.05502579063048467,0.05634928665432443,0.02984902049311782,0.02443466299671706,0.021011756749500534,0.013297393535654877,0.011990833227656936,1.5670585016275589,0.012814973347137734,0.010470647129045477,0.00686571930335601,0.00824550526447071,0.010231032842996481,0.007313428097549,0.4627411253829936,0.00773426405829517,0.00855100381071875,0.010529860286942097,0.014612888110489476,0.009666331950645528,0.009830559287971065,0.007313958959383747,0.323910547949628,0.3371784971974061,0.6753562004037674,6.204209274185999,279.6632475700328,38.492212717895555,0.012715894362757463,0.18589938919900584,0.011538175406398715,0.21902479723515692,0.24169155393349623,0.2506137832961911,0.23795063305660036,0.19201379989935355,0.10634054677088264,4.9581378983372115,11.82505003629099,2.1227699116586733,10.271444370495345,8.807791566789511,7.4761433091234135,6.404238716719628,5.8140693644136725,5.758550735960088,2.0155931935016023,4.958121592393464,11.823588701315733,2.1227385539325523,10.269108899723317,8.804474855252053,7.471941615816652,6.3998166408857875,5.810897802823744,5.757568780895192,24.5829697249583,139.79724977788106,4.506018968351664,105.45459759437664,77.51877747676565,55.82991151017276,40.95765303695864,33.766533274861814,33.14959826673895,7.0,6
24420.339364651107,19.361689784555434,12.0,5378.929375473812,1.4264090048878897,91.0,364.0,-8.66,0.00090951117,0.002197802197802198,0.004395604395604396,0.006593406593406593,0.008791208791208791,0.01098901098901099,0.013186813186813187,0.015384615384615385,0.017582417582417582,0.01978021978021978,0.02197802197802198,0.9880523422241434,0.21978021978021978,-2.181499999999998,0.3329244014637948,7.600752302639999,5.723298583375671,0.2322423817189867,1.2132726934089075,0.6364628185845094,1.2132726934089075,0.6364628185845094,0.7812894230953195,0.22030482966553677,0.0790535540516073,0.19112715212721598,0.07905355405160737,0.22030482966553677,0.7812894230953195,7.391378600749816,14.80008572685128,17.066185108378825,-10.542227628615153,105.91527756961293,-24.065454397037293,-69.25164476306884,-146.33455884210898,-50.09156745463783,-46.121969509083875,50.41187274965494,-24.641759983084267,35.2,0.8076899496232863,39.12087912087912,-2.7289572896458716,4.819150917172134,0.6737783143475132,0.009010813901255531,0.00012317475,0.94987682525,0.08000000000000007,8.5339475e-05,4.835164835164835,-22.31,91.0,13.0,57.510000000000005,92.0,8.351648351648352,7.326054567549011,664.8132019069938,1.0759984732561796,0.014403883510875078,10.110521864694773,-0.33115534246007833,-1189937.0198444698,0.565682349250345,4.118706550361142,96.0,39.12087912087912,0.0,1.4973696775900127,-0.0003109436800656053,12.475037224684064,0.24008166632959838,0.08453711889739898,11.322834223565895,0.20954232929222238,0.1156123656249641,0.06833014925167961,0.030494208925338714,0.02947383962379764,0.022772908980412954,0.04137914700441799,0.047550760266567176,0.030952313961043,0.026654475287938368,0.023502502627660453,0.021729468005715367,4.565704897481609,0.020924676598846472,0.025786472589811968,0.03242860515131209,0.025368499273104354,0.029074248799760064,0.02730652273854726,2.5674225416813163,0.024064428293801766,0.01975612855971645,0.02026246221357884,0.014169917634314744,0.012890023088674847,0.0071832673820814924,0.006942308389777082,0.770424275414547,1.6058341086262755,0.9432691299877317,6.7988136934317005,305.895354713771,46.223867637994395,0.0010585203769554687,0.4572096941701867,0.00506577374838447,0.43885742989716275,0.39805602458329103,0.3310311119588185,0.23647103461123722,0.12626020814329647,0.03587234078958012,4.887256293554805,15.50531105954301,1.7748067716696965,14.388477756841453,13.29981679881956,12.171750919629947,10.927571320811817,9.53025920803066,7.751946423156894,2.025214316377567,4.887256178923472,15.498568654838536,1.7747995421176275,14.381783488682665,13.293858667950998,12.167248614720908,10.925012422016684,9.529422801623024,7.751863422601126,23.885272958425663,240.20563034874357,3.14991341470094,206.83569631534533,176.7266782834559,148.04193885242785,119.35589642121884,90.80989893209282,60.091386522661246,12.0,6
21810.000765121757,18.420460438744684,15.0,4803.964926238273,1.0696925053299922,91.0,364.0,-9.32,0.00078182267,0.002197802197802198,0.004395604395604396,0.006593406593406593,0.008791208791208791,0.01098901098901099,0.013186813186813187,0.015384615384615385,0.017582417582417582,0.01978021978021978,0.02197802197802198,0.9890479803721314,0.21978021978021978,0.7959999999999976,0.34804923156743006,6.990686304995,5.985548848895084,0.08011648192386508,1.0012418432541215,0.4926175920327805,1.0012418432541215,0.4926175920327805,0.3099443808808429,0.18947417223573762,0.5654972243505044,0.4632553051372953,0.5654972243505043,0.18947417223573762,0.309944380880843,-5.686102984532631,-4.851451102151588,-45.26327163873443,-16.480622919305862,-46.184359212949126,-86.39856347942299,131.56937480515313,73.98144312790969,73.19599624316433,93.1637336719241,17.968835018013905,-80.84945107615917,29.5,0.7737759450723027,42.1978021978022,-2.8917219212027727,4.628927686879784,0.569214167684919,-0.049777612430528674,4.7810796e-05,0.979952189204,0.08999999999999986,2.0255481999999987e-05,6.593406593406593,-14.66,83.0,13.0,44.16,85.0,5.274725274725275,6.9234433351947215,627.0236905927334,1.163359321413083,0.012188887455565876,12.606543367261157,-0.3699718862696566,-986539.2374740464,0.5325985748456115,3.036104797742283,96.0,42.1978021978022,0.0,1.092585786534266,-0.000258625072710285,13.783480682608147,0.2324033049912292,0.2507961580875092,6.556906953808163,0.4149599157968615,0.26190883603212095,0.13677972970626656,0.07317588171891527,0.05109206882982611,0.022525024781055572,0.01197573602968458,0.010031264541021396,0.0144003507947377,0.020513219227068023,0.02383718403982905,0.02242719365096829,2.5042158311799025,0.024511791988802142,0.022383432637590878,0.02478338190605436,0.01970063162851594,0.02073200287437112,0.019101797330621548,0.8243641500587737,0.014844871110012498,0.01348272041126404,0.012033451615612055,0.013701817018898213,0.014366317823667749,0.012755663611028478,0.0060633147286230215,0.5356153962839417,0.46206756603088184,0.5159822677245399,6.2906288990916925,258.4232321289532,39.57201194608756,0.11824627526711379,0.4447873499323037,0.0424035715420133,0.46218213614152526,0.4595196626304487,0.4310105940327275,0.3710813460492268,0.28245839181197613,0.18827758992817845,3.793834587686015,12.67764364378849,2.2533400937617722,11.472431350232712,10.260636986370498,8.977335560155664,7.5610576110323535,5.9544148719671535,4.405870564650815,1.986384805060089,3.791991389376849,12.66983869558847,2.2529410811813952,11.46311775909303,10.25034209408302,8.966982972408667,7.55194616188202,5.947711637629938,4.401845860725627,14.379198697108166,160.52481257223096,5.075743515274794,131.40306875883402,105.06951304573029,80.40678362746696,57.03189083196457,35.375273724398596,19.37624698158733,11.0,6
21021.39536151881,17.552619089670852,17.0,4630.263295488725,1.0673701903410155,91.0,364.0,-9.34,0.00068606455,0.002197802197802198,0.004395604395604396,0.006593406593406593,0.008791208791208791,0.01098901098901099,0.013186813186813187,0.015384615384615385,0.017582417582417582,0.01978021978021978,0.02197802197802198,0.9903535388954652,0.21978021978021978,1.9899999999999984,0.35303135613521036,7.195576195035001,7.774221819871256,0.24026842403898332,1.831458411656816,0.34476881766241363,1.831458411656816,0.34476881766241363,0.7487178941922609,0.5916898846054566,0.09874658796095392,0.05422653655953034,0.09874658796095377,0.5916898846054566,0.7487178941922609,49.82219784177433,-55.16136042735361,-81.47614391585307,-45.6237451605612,72.68159724289553,38.072695889286784,-162.90937017236675,-124.43175281172925,-55.91714551936079,20.992741310904655,65.0395061592534,-64.31913450833211,34.62,0.716678547244691,30.10989010989011,-2.962753913540252,4.534247934689589,0.3894467896419771,-0.02332572523303966,4.8447134e-05,0.509951552866,0.07000000000000028,-1.3297585000000026e-05,3.7362637362637363,-15.58,88.0,13.0,50.199999999999996,88.0,2.6373626373626373,6.797122106186924,550.4933366314738,1.0965644515576978,0.013073234572997286,7.781251601675439,-0.4912060888975653,-1090570.5117308095,0.47703555646504336,5.753026168491358,93.0,30.10989010989011,0.0,1.791326379253366,-0.0003597670480494276,9.976537157373047,0.24032892577200105,0.37690866980281496,6.541550144259604,0.10632288085368187,0.05922972821656821,0.05628681847794485,0.05951467236106708,0.040294829035665225,0.02954200431840481,0.017202429073387978,0.01365653286459777,0.011724053212651764,0.007881760985933567,0.006835861672479064,0.003401701778980326,0.8853426553959473,0.0027177519574945173,0.0033789590092701436,0.0030156661957914557,0.002297140351541582,0.001458303358179312,0.00106750514465699,0.3947166441187013,0.0007659355684879942,0.0010398404455468002,0.0009879437278182135,0.0006563171986327919,0.0006171792576244578,0.0007210464677706138,0.0005634882230559351,0.18928186653054369,0.1399685463578771,0.15159341637860443,6.1174306840549395,176.8088424974576,37.42295817421688,0.12433406765942724,0.4099585564582653,0.027309333186762874,0.4292208777754301,0.43575366401499815,0.42704283179385943,0.39828769781134254,0.3407666496995166,0.24568742550752656,3.1874170144527594,12.425229429202947,1.2878815297009896,10.995384012528326,9.679652471319162,8.476688025376259,7.36610444806137,6.249208960835781,4.945578834749672,1.9472889900435635,3.184991093180985,12.418464492453067,1.2875919520041492,10.987003186540234,9.669839228746913,8.46592430271915,7.355328792754382,6.239911115283839,4.939472411064911,10.144168263642204,154.2182603503176,1.6578930348658554,120.71423902104523,93.50579070981267,71.67187429937074,54.10086164952164,38.9364907266428,24.39838769967141,8.0,6
23373.7056674051,17.94491715718994,16.0,5148.393318811695,0.9725835511476958,91.0,364.0,-9.61,0.00072313494,0.002197802197802198,0.004395604395604396,0.006593406593406593,0.008791208791208791,0.01098901098901099,0.013186813186813187,0.015384615384615385,0.017582417582417582,0.01978021978021978,0.02197802197802198,0.9881743639008408,0.21978021978021978,-2.2275,0.34271205789797465,7.1806258475349996,10.51197501355949,0.26285889767535164,1.3975515491233854,0.44419223713271677,1.3975515491233854,0.4441922371327167,0.603423542462509,0.017159595434705133,0.5086051353305747,0.40081665193005456,0.5086051353305747,0.017159595434705133,0.603423542462509,19.910768861378592,-32.90014262179319,78.28824824967346,-27.938013673696272,68.79711754240267,-137.40239323286886,67.71777046797018,-2.427969805932114,50.197910456531275,-157.8039640569685,-30.47088549524958,-1.6235988839647744,39.99,0.6549297092359555,38.02197802197802,-2.907774002222145,4.62729924246159,0.4705365270690044,-0.05656256115806168,9.4936059e-05,0.46009493605900004,0.054999999999999466,0.0,5.4945054945054945,-16.3,90.0,12.0,56.290000000000006,90.0,3.7362637362637363,7.167341326224433,590.4817121880504,1.5798741586659557,0.012866388275211239,10.590236720557574,-0.36984563793957465,-1134991.6265030904,0.5293642597161597,3.6460552601156855,89.0,38.02197802197802,0.0,1.3095487118730935,-0.0003008884729447553,12.2382848936171,0.22205620612242838,0.2900103343255293,7.140437428739454,0.3632469916504705,0.33907867556416954,0.17519203194647942,0.13844638741751492,0.0916749657344819,0.046141674259689944,0.02364946761304636,0.0196394002795951,0.017046701343229654,0.007273562861873694,0.0034107320996100052,0.003046983184945761,1.9251434061445998,0.0029880517930175876,0.0008206650224559841,0.0020287912777106425,0.0011184616333912807,0.001540620991408239,0.0016549396485101495,0.8220144848072469,0.0005379953054617389,0.0015118947326497178,0.0019058903707387573,0.001423671309316034,0.0008894465395407486,0.0011198848555611202,0.0005998838492103007,0.7111162247370735,0.5841686347253947,0.4218686456847994,6.551002368997099,213.623583289328,42.91563203860561,0.10134804074498807,0.49163258321926384,0.03927308562890475,0.5102300594902787,0.5136151477892926,0.4964327337480237,0.4485098180560727,0.3578883470408254,0.22529001045054442,4.046169229010485,13.168703121503441,1.8840357647805979,11.88960479042533,10.694698895150445,9.587110295488785,8.552184093222742,7.445267824148856,5.985692129389808,1.9842625568479706,4.04489975208638,13.159522761309074,1.883626392817216,11.87865174836343,10.682358538164387,9.574248709884786,8.540415195263014,7.436661139540958,5.981450884110837,16.361214004428458,173.17303930541158,3.5480483877175972,141.10236735889757,114.11278393789355,91.66623835873051,72.93869170747939,55.30392890435862,35.77775467903031,8.0,6
20394.037191610667,12.649952417401607,8.0,4492.078676566226,0.7805801150916287,91.0,364.0,-3.11,0.00081144171,0.002197802197802198,0.004395604395604396,0.006593406593406593,0.008791208791208791,0.01098901098901099,0.013186813186813187,0.015384615384615385,0.017582417582417582,0.01978021978021978,0.02197802197802198,0.9955196283340535,0.43956043956043955,-2.1824999999999983,0.31387386752814483,0.990719234555,16.539739696601423,0.049458901023887406,1.0233510437808935,0.616875338734341,1.0233510437808935,0.616875338734341,0.008610763017219783,0.2501348398588821,0.1501919336815452,0.25102259843067215,0.1501919336815452,0.2501348398588821,0.008610763017219775,5.121144402356661,30.33136355325885,17.999496294720693,24.501220653283095,-68.71810452188342,11.815748307651456,-97.04194033856325,50.60481815787141,97.3003566987469,-14.775845237653966,-56.698294953358186,-22.090833623773758,39.99,0.1397030858570358,45.494505494505496,-0.9134711390257338,3.221438891749516,0.7394370733975284,0.00495766521202645,0.00035440266,0.00042152483000000004,0.00052417807835,-7.052230000000016e-06,7.6923076923076925,-16.24,109.0,15.0,56.230000000000004,107.0,41.0989010989011,6.6949279131131565,726.3818878677521,2.833359893564551,0.008859593815145332,13.30908213340318,-0.027153053021210453,-1118771.4440305864,0.7087557085292687,3.352847752804703,75.0,45.494505494505496,0.43956043956043955,1.2209033921381285,-0.00024389929818475158,14.030929132461003,0.0971501786648209,0.0034489442047956893,11.053849821365407,0.5622542088638774,0.706358185772975,0.6208585180643945,0.41259901323102016,0.25677341126567177,0.12714279834180256,0.05582464428225835,0.04513823337762605,0.06773007843560756,0.08708740752586493,0.09790241867944646,0.08039997838181528,3.7985020974724626,0.07325022883577202,0.05745607134644513,0.034494165950128976,0.029174878731651494,0.027797879381227054,0.030456767344101788,2.8113905637294727,0.03799236150105132,0.06232924452202768,0.07609322112166846,0.08906118642655014,0.11942862111744965,0.14148237700857969,0.07385790840320791,1.7831604143952604,1.240018777306732,0.633580909353276,6.632317109423275,335.7044313224779,43.98763023994871,0.005325222550708304,0.6299755842301028,0.0023262572878088037,0.5671730800627772,0.47616588295242895,0.36258273124681817,0.24208112386695319,0.13404267079022697,0.05071506321037888,6.054435444299507,14.607977951898427,2.860061631697561,13.876313238649635,13.146062587342398,12.386738630266338,11.46008550678276,10.118026325859962,8.223869781552377,2.0553122067972103,6.05443310238002,14.594387640679702,2.8600606856560833,13.864717227349974,13.137436112203767,12.381430759711657,11.457528378853773,10.117138394486984,8.223713404922007,36.656160191194964,212.99615060642446,8.179947125635545,192.23038379437517,172.59222760223562,153.299827657534,131.27495655223956,102.35648929320267,67.62946216629392,7.0,4
9990.175811013838,9.467132064286226,23.0,2200.4792535272773,0.5060674841377215,91.0,364.0,-1.62,0.00086571315,0.002197802197802198,0.004395604395604396,0.006593406593406593,0.008791208791208791,0.01098901098901099,0.013186813186813187,0.015384615384615385,0.017582417582417582,0.01978021978021978,0.02197802197802198,0.9943360914874172,0.21978021978021978,1.8684999999999992,0.24951193882192,0.570789851515,4.875187738038839,0.2801856447504351,1.5217811827388021,0.42805373323441925,1.5217811827388021,0.4280537332344193,0.5954019348339613,0.45743557960177617,0.04353118415546997,0.1614919964307113,0.043531184155469894,0.45743557960177617,0.5954019348339612,26.97469629008512,-45.55038797632864,40.97498797771239,28.80669321688915,20.26157951447035,44.93926880091472,-118.85590693574993,-50.600679205323274,-94.69291988347152,-20.052509386634934,95.85640701411363,-16.03482920884415,23.28,0.34326991440527094,35.38461538461539,-1.5256949070486543,2.90054803840627,0.386892280074774,-0.004558426088810573,0.0003735864,0.00044955405000000003,0.0005176972945,-6.045399999999798e-07,5.714285714285714,-15.65,115.0,19.0,38.93,115.0,22.417582417582416,4.685768918104751,575.5573883206287,-0.5721679264504006,0.015146624586056515,10.147448658139853,-0.2398830417816582,-777160.8706684213,0.5642394129258979,4.221260887945414,71.0,35.38461538461539,0.0,1.4143177780657494,-0.0003101696649358647,11.77881041666274,0.06021620823561924,0.10789593409278518,2.333736490713013,0.12037422057848529,0.08309059041924645,0.04962933323383014,0.04008724883848078,0.02569063496711709,0.03716491701449753,0.0293035848092793,0.030577610908394056,0.021269487880263938,0.013968544222017005,0.012450380039916843,0.010334990216803749,0.7822699466094464,0.01159682637336646,0.01264010155662904,0.012939626092747425,0.008893014057237934,0.004858206435589543,0.0031418582108986726,0.3083380311385466,0.0034270775346896677,0.003129966693537001,0.005335624529193443,0.003020752336434721,0.002693851173120901,0.0035925600154017964,0.0012528654443427953,0.385797329674819,0.3037508610943987,0.14656307682055608,4.430427225954893,175.6490951539474,19.628685404482365,0.07670379886777291,0.12455548662505286,0.01290709533574514,0.049498271434065814,0.01802985731928257,0.07631622100498778,0.12118349762427295,0.14336996062514915,0.12953785715311764,3.1278652788956363,7.625540885879052,1.4299149770704602,7.106598473997394,6.551240874779706,6.026690460240519,5.617696707685128,5.266461991652688,4.592691572239983,2.0639790042815136,3.1269246441448066,7.624523574162827,1.4298567230811654,7.106426091344871,6.551216064489815,6.026207243197466,5.6163894860880035,5.264510135227468,4.590864387159388,9.777657730160126,58.13335973296469,2.044490248540409,50.50129179174714,42.91843192362942,36.3151737379656,31.543830859439872,27.715066963912733,21.07603582128834,13.0,4
12628.925396395482,11.553371579702853,17.0,2781.7016291620002,0.5969849297192162,91.0,364.0,-4.57,0.00073759681,0.002197802197802198,0.004395604395604396,0.006593406593406593,0.008791208791208791,0.01098901098901099,0.013186813186813187,0.015384615384615385,0.017582417582417582,0.01978021978021978,0.02197802197802198,0.9931525546407809,0.21978021978021978,1.2635000000000005,0.18568064303500964,2.655679108505,8.455739017708414,0.12642021936362216,1.2005101505502276,0.1600994681913979,1.2005101505502274,0.1600994681913979,0.005139434067873945,0.5571531042188462,0.3333757932966495,0.5848491537113167,0.3333757932966495,0.5571531042188462,0.005139434067873945,6.9297747030068955,-82.39366189772686,27.69466658620188,64.05260024556094,-118.46389556851813,129.86506284525464,-40.962857319863225,130.58282912480684,76.64741484644296,-23.71729320768896,68.85162323815196,10.496072378611576,27.08,0.4170275956211795,44.395604395604394,-1.7519183040291066,3.2621650056274514,0.573173932066936,-0.003788485918629975,0.00030712718,0.00046160915999999993,0.0005492187149999999,1.7456020000000005e-05,12.747252747252746,-30.29,116.0,17.0,57.37,117.0,16.923076923076923,5.268384951014683,662.8644303854248,0.2624346756646136,0.016294720873076596,14.630209831391578,-0.19319496466654723,-793776.9741264458,0.6799001479845754,2.956724104690378,73.0,44.395604395604394,0.21978021978021978,0.86097920518942,-0.00021620740481515319,13.394714872766736,0.05000117520497671,0.05177613845595534,3.2980317762495557,0.1871361995236244,0.20670617317972256,0.2720830309818437,0.3347447624544925,0.4014556509919551,0.36642444180463485,0.3298032893925495,0.2917687027270318,0.22596328392210013,0.17188903182009962,0.13924532868626863,0.09939042260223563,1.449920997397858,0.062028016013121315,0.04628947530072757,0.02646003133912809,0.009554290226961325,0.004640385823213437,0.005025520496819628,0.6911213201674742,0.009468547512022606,0.014449181222903514,0.024101320857867824,0.03594531201348022,0.03999407737279309,0.04585699272161263,0.025940692380375257,0.24269000871555416,0.3417964144992039,0.2649109413707436,4.968567424125968,260.22096515838894,24.686662248085756,0.049242972509961735,0.042606169873853614,0.007592589494655555,0.0810970022935062,0.10422861664095358,0.11192226512505754,0.10553529122339371,0.0913394538908598,0.07740715235373614,3.8992830023513,8.090195637690705,3.1955698898861664,7.541439966914272,6.959414809516779,6.318699690181178,5.584692917995538,4.7398470790035585,3.9378018543763407,2.063805807830972,3.8989720519752584,8.090083446442218,3.1955608699775775,7.541003915314654,6.958634268762411,6.317708380517811,5.583695666009736,4.738966916586514,3.937040967159757,15.201983062084157,65.4494501703984,10.21160927373185,56.86674005079094,48.42259088639458,39.913439181264984,31.177657290615905,22.45780743650149,15.500291577094233,4.0,4
13526.476594087038,10.567147441415944,5.0,2979.400130856176,0.36813944360635587,91.0,364.0,-3.55,0.00071516733,0.002197802197802198,0.004395604395604396,0.006593406593406593,0.008791208791208791,0.01098901098901099,0.013186813186813187,0.015384615384615385,0.017582417582417582,0.01978021978021978,0.02197802197802198,0.9970130855560355,0.21978021978021978,-1.2074999999999996,0.22085673180923826,1.745643150115,24.551688728034563,0.1969948073349031,1.4213708195699584,0.5626093658305678,1.4213708195699584,0.5626093658305678,0.3155126727572466,0.025735833181746694,0.23473718087681772,0.17045785273877304,0.23473718087681755,0.025735833181746694,0.3155126727572466,25.109549248826657,-4.835162567621944,50.365717065084986,51.37291137728607,-26.888228565859073,-148.97043169908383,-59.3311444832206,-16.83447463794317,68.56308509163901,-1.185356844589623,6.907417177690365,49.48711118147294,39.99,0.28284955739188533,38.9010989010989,-1.5448022515695619,3.0008709299620278,0.4419821686037868,0.014097935657510989,0.00025602184,0.00045914549000000004,0.0005164844485,2.7634999999999812e-06,8.351648351648352,-14.94,122.0,15.0,54.93,122.0,13.846153846153847,5.452386632201029,604.4747251352209,2.6918856449499136,0.014165029494035405,11.601828301580658,-0.16041812234626376,-1010323.3006433517,0.6980418074023913,4.121255607041062,70.0,38.9010989010989,0.21978021978021978,1.3541262295923955,-0.00027968470419633816,11.826896986191962,0.04294136024275008,0.21744114587359686,2.4409757064055615,0.2728607044896501,0.24088319694211371,0.21136052338699549,0.126194944741675,0.06693780445701623,0.040895258184349435,0.025138971789009534,0.01187583479006047,0.0054353631647221885,0.0011877802459453984,0.0015066534559775387,0.00208699482318049,0.85609621798557,0.0016484521551558917,0.0006161766641827843,0.001453436891994404,0.0012611758249709859,0.0016470409472562038,0.003127127822773579,0.375634962341511,0.006964417058303122,0.008289555785632572,0.005247641658830319,0.0022107077248449867,0.0011772231719564227,0.0023942855538828995,0.001363541690953629,0.25506893650355594,0.3736193730440052,0.28815617300457264,5.2289679661047925,200.6599045461192,27.34210599055009,0.08862587135169406,0.08334758720055115,0.004388343245989473,0.14812492754195863,0.20436099929169313,0.25064011898756505,0.28138202514850796,0.280055686559183,0.21823897831007827,5.710547299893948,8.62166423490391,2.5041813548455334,8.164164435971376,7.726588634966769,7.319521444673072,6.998692533509026,6.827057890421138,6.671436195325492,2.0812942483681045,5.709859535860161,8.621261355458904,2.5041775097623504,8.162820587482033,7.723885584080473,7.315228889773912,6.993033771870284,6.821311329325717,6.667865674760196,32.602495919253215,74.32614735912908,6.270905000399566,66.63163994342051,59.658408515966144,53.51257370978286,48.902521334518326,46.53028825158737,44.460432656645246,5.0,4
11988.01230774348,10.084286803908244,12.0,2640.531345317947,0.5321255647951738,91.0,364.0,-2.43,0.00077131381,0.002197802197802198,0.004395604395604396,0.006593406593406593,0.008791208791208791,0.01098901098901099,0.013186813186813187,0.015384615384615385,0.017582417582417582,0.01978021978021978,0.02197802197802198,0.9953317296354052,0.21978021978021978,1.407,0.26460793698974117,1.36570098508,7.672611566342512,0.11797286124825446,0.9929570824337377,0.18443458483518388,0.9929570824337377,0.18443458483518388,0.5523080695124671,0.24425486158942533,0.0999068293460208,0.5118980021173949,0.0999068293460208,0.24425486158942533,0.5523080695124671,-2.3010603434053385,-66.39504291885883,37.532873549865435,22.002591444923453,56.551365623328415,-55.413904853298945,-61.35904282701762,96.87930065661635,3.1429184520880242,86.6501470004053,49.77586922943958,35.311025956258774,27.62,0.3081860339710864,40.43956043956044,-1.4806621650145533,2.994929668937954,0.509387317532792,-0.03841394481253747,0.00032573604,0.00042175062,0.000481232878,-5.5626649999999706e-06,10.32967032967033,-20.04,109.0,19.0,47.66,109.0,14.065934065934066,5.132960139845079,630.0658773367065,0.5301963651670472,0.013547427934197682,14.592960442300438,-0.15384069476402257,-781071.2198480447,0.6894165838679359,2.371229726428033,68.0,40.43956043956044,0.21978021978021978,0.7474581898167341,-0.00021698818180769156,13.723110035624622,0.0718265421295059,0.04599875111402378,4.236199341155983,0.25591886672426084,0.19652098042392038,0.13065621691925827,0.08508844155038287,0.043348752561976116,0.020726022012489728,0.016614391788250304,0.007676746487246651,0.0027971584278386357,0.004336998774833126,0.0074855935470633595,0.010018688190596477,2.12344036576855,0.0149622572301316,0.01924837453793614,0.018831430906947708,0.01940967863434316,0.015670126853374416,0.012231777097229413,0.7632884558382681,0.009286178943412477,0.0041919298460274465,0.0018702882547243238,0.0025457651379269773,0.0031221276352100154,0.003155770366692805,0.001482394837173607,0.3222963255703522,0.22688067947525933,0.3003112027406124,4.9147654420463285,231.26184215988758,24.15491935033284,0.0072331188573393,0.22194264453213097,0.008915244972444263,0.24557914869723615,0.2519194891750099,0.2394597516502399,0.20442803062387208,0.14277329301077402,0.05838626760717247,3.9773039418029845,9.722824164786086,2.449181512412804,9.060908414915895,8.305951223176807,7.434893143029767,6.476567804774671,5.535833305746018,4.793833805461131,2.038921808154091,3.9772973647281082,9.72029069533861,2.4491652862050266,9.057579819423001,8.302129985296911,7.4310359355617885,6.4733406916474765,5.533991884328143,4.793478235909376,15.818894327473153,94.48405120188634,5.998410599151749,82.03975218521882,68.92536229276611,55.220295075610665,41.904139710139034,30.625066175809746,22.97743359813686,6.0,4
16383.129306520384,11.563206729016946,2.0,3608.6187899824636,0.3801947767281436,91.0,364.0,-4.26,0.00075423918,0.002197802197802198,0.004395604395604396,0.006593406593406593,0.008791208791208791,0.01098901098901099,0.013186813186813187,0.015384615384615385,0.017582417582417582,0.01978021978021978,0.02197802197802198,0.9955196283340535,0.21978021978021978,0.2920000000000016,0.20719731942713546,1.6006817286450001,14.569730300911914,0.07930008286996354,1.1877358596756382,0.09127287364324672,1.1877358596756382,0.09127287364324672,0.31605271800631346,0.24454240304126945,0.3917251302523739,0.2925079163681802,0.3917251302523739,0.24454240304126945,0.3160527180063135,12.276531104135998,-130.79644535469274,44.99130312374886,36.43744352023792,-36.76214651471226,-58.724934151228496,38.24210872804312,36.61845142456292,112.22432588893925,121.39710304120075,121.29432607369584,75.33184398452758,33.25,0.22138336979145048,38.68131868131868,-1.4885359595087149,3.2625047415252264,0.7386259380136533,-0.0007248214896916361,0.00030841747,0.00044581165,0.0005184767745,4.745355999999999e-05,13.626373626373626,-39.99,119.0,17.0,73.24000000000001,119.0,29.01098901098901,6.000573105691497,735.59744259679,0.9955805820745222,0.01333308503196431,15.209355677567967,-0.11584301758442851,-955469.2786066447,0.7845036384894605,2.68121738017678,70.0,38.68131868131868,0.21978021978021978,0.6411934358930543,-0.00020406804459873954,12.08182809281968,0.0618187900475341,0.12419102697011344,3.7834770981650174,0.8173360751519382,0.6688215469711744,0.48950069345269887,0.320711022909489,0.2578117649028841,0.27538578650034345,0.27860321713198727,0.26051583045325877,0.2509739394374618,0.24250649555763326,0.21536373556927027,0.17950845467565,1.8591412174004005,0.16255469330909902,0.14157383423569495,0.12362955259338401,0.08316476921838815,0.056778145878245846,0.04415126594236885,0.6998451915467534,0.03723742023677818,0.026629840877140886,0.019659888126658007,0.012575780704212043,0.01487973447377627,0.010604428793982577,0.006131743692346195,0.6743201860394475,0.8097252024200936,0.9352243526342893,5.813014561653667,335.3361758581986,33.79113829399757,0.07756026984541538,0.24399314546475934,0.006867877606941795,0.2709569146885083,0.2724126486136979,0.24647617724354345,0.19747596441625986,0.14606040305516962,0.11760479035377136,6.390373263788374,9.415130162159512,4.532706795581808,8.798132001969181,8.088533382237426,7.214053972770646,6.1940176400122695,5.312615009810978,5.467002241559606,2.0982934992469127,6.38990257007748,9.411968089372808,4.532701592535149,8.793958669135119,8.083944805875687,7.2098421769203345,6.190868902525802,5.310606801593229,5.4657371527090115,40.830854855082784,88.58514331537202,20.545383726970677,77.3337090744567,65.3501636244445,51.98182421609935,38.32685776826103,28.202544601128263,29.87428262250361,4.0,4
15681.196989291979,13.398875596102078,18.0,3454.0081474211406,0.7590935915756822,91.0,364.0,-1.75,0.00091595242,0.002197802197802198,0.004395604395604396,0.006593406593406593,0.008791208791208791,0.01098901098901099,0.013186813186813187,0.015384615384615385,0.017582417582417582,0.01978021978021978,0.02197802197802198,0.9970130855560355,0.6593406593406593,1.206999999999999,0.4919500344065199,0.0008227168805000001,6.5430689917927385,0.19740580890891896,1.0677349051238805,0.85414378669382,1.0677349051238805,0.85414378669382,0.3451184226864122,0.17738511512922894,0.2540543248855037,0.17552031127694137,0.2540543248855037,0.17738511512922894,0.34511842268641213,-3.989463025449824,51.78740410744104,103.95882867838222,48.17747214445443,-23.813068644148334,-91.49927943467408,-52.80093285679243,-25.594531976764188,48.02684309955525,4.425409573232989,-48.508844685269224,32.59330659297207,33.58,0.30483371196673814,44.175824175824175,-0.6545413969213901,3.3306631222323566,0.5407000653584114,0.008305225353303927,0.00038819437,0.00043044099000000003,0.0005533482249999999,-6.31472499999997e-06,7.252747252747253,-25.28,111.0,19.0,58.86,112.0,15.164835164835166,5.870619150246005,627.740378206358,0.3813585240190053,0.007831613153731758,12.677931404720914,-0.003344700706006856,-870189.981101641,0.5796279883085816,3.2550873997894554,81.0,44.175824175824175,0.43956043956043955,1.225195246685704,-0.00025712872233915086,14.105287373777484,0.13815173056744734,0.10480797646644212,6.840750311974121,0.47860847892162656,0.26942941862812897,0.182605723319037,0.1436164097580611,0.09382104721680277,0.05173728765154843,0.028720497632336733,0.023066717979704433,0.02041487367886831,0.025137963961944974,0.02519740112124369,0.02729755623239039,2.0853006621273975,0.028178448518541368,0.028242121492735868,0.031101977405374244,0.02884671922197389,0.028004295002789944,0.029292256591834907,0.8577969428528482,0.029152817001852682,0.0291555126855875,0.02963206277198093,0.02884174849553789,0.02983502666564206,0.03112882177711915,0.016448901437774017,0.8781341645548976,0.9582555086168367,0.7875736579033441,5.834016178153031,245.4778296727188,34.035744766951304,0.010788250370546579,0.4061077064553096,0.0050393714779139115,0.376140002976522,0.32627943210896604,0.2547397415957885,0.16314956142323608,0.06659292379329664,0.001265916112076908,4.548921657571767,10.594967250089201,1.8832458571406692,9.713366700259968,8.830176500217872,8.000969220899357,7.34197161316777,6.860003045797425,6.163684741278102,2.0582090822566386,4.548908864813562,10.587181284988954,1.8832391147097072,9.706081153167846,8.824146347221504,7.99691291298277,7.340158676021162,6.859679815476129,6.163684611279271,20.69257186037941,112.08840756122036,3.5465895631726014,94.20801135188005,77.86555875718261,63.95061613783058,53.87792938916875,47.05520717085062,37.9910079873209,9.0,3
15465.16248321309,14.360642756456514,29.0,3406.4234544522224,0.7329958192456203,91.0,364.0,-4.35,0.00091872837,0.002197802197802198,0.004395604395604396,0.006593406593406593,0.008791208791208791,0.01098901098901099,0.013186813186813187,0.015384615384615385,0.017582417582417582,0.01978021978021978,0.02197802197802198,0.9955196283340535,0.43956043956043955,0.14199999999999768,0.33760302921056445,0.0008086912769999999,2.6691739651632798,0.24240564770672782,1.2104593679559434,0.04514457696373834,1.2104593679559434,0.04514457696373826,0.1864531935575824,0.5347781420138069,0.28753906680855545,0.7199634469897376,0.2875390668085554,0.5347781420138069,0.18645319355758233,8.905320378811814,-94.8322333078687,-9.398665089568498,15.053644238908078,-37.8397471550344,116.1057032793385,-7.204269146096618,175.69108713637277,20.9788764268613,-16.023082601446657,-9.81374212628734,-48.49720398922784,24.43,0.3546016779234467,40.43956043956044,-0.7479335033461618,3.621366077620622,0.6010938511332846,0.0005512547120484202,0.00038823655,0.00042024521,0.000535493595,7.932000000001943e-08,10.769230769230768,-19.73,117.0,16.0,44.16,118.0,15.164835164835164,5.830040145228318,656.8648503901683,0.30254562451134565,0.010666844540918728,13.698438263240986,-0.010862338259716216,-825352.6738628012,0.566548224942214,2.894551973989791,85.0,40.43956043956044,0.21978021978021978,0.86244926247914,-0.00023573808224273095,12.995853934926163,0.12994887147137113,0.14784756643375316,2.7852800840816667,0.04397752353849724,0.06215824128139919,0.1253914444167719,0.20955148505814136,0.24974092072491466,0.2507085765974385,0.24171626014051067,0.21991615590872074,0.20024302250720583,0.16987393207920234,0.13682983804435764,0.10568192115228431,1.5587902813026648,0.0814238150409192,0.05758785233543515,0.0373857034755817,0.022510210962411736,0.012881811233855784,0.0070694937490201094,0.5168892406031073,0.005830383787882117,0.007447625234637125,0.011243264923819295,0.016546684800645896,0.021278457872361087,0.02517519729501112,0.012942936570966913,0.2658312241765225,0.15058337282159062,0.09856480202013858,5.781865059783578,272.8966084145112,33.42996356954615,0.06491514827552776,0.13582457902007547,0.005377442000757524,0.18049924982409643,0.2087876021129919,0.2191920221191125,0.2106514989893571,0.1835893915671117,0.13763067845312552,3.3807808460796656,8.983283189321773,2.8448483455088023,8.735991030361339,8.401904926039354,7.856905293104945,6.9829971665757276,5.704258414584746,4.144644433097191,2.072653166445874,3.3801575633013776,8.982256316944266,2.8448432631801874,8.734126132783215,8.399310336176908,7.853847187350913,6.979819150549545,5.701303271679634,4.142358660612583,11.425465152743506,80.68092854328518,8.093133192061698,76.28495930336669,70.54841412340825,61.682915642259836,48.71787537437818,32.5048589956649,17.15913527315207,7.0,3
17840.01988533149,14.650085308791969,16.0,3929.519798531165,0.7191865025207839,91.0,364.0,-2.5,0.00091354915,0.002197802197802198,0.004395604395604396,0.006593406593406593,0.008791208791208791,0.01098901098901099,0.013186813186813187,0.015384615384615385,0.017582417582417582,0.01978021978021978,0.02197802197802198,0.9943360914874172,0.6593406593406593,-2.3190000000000026,0.39997246706829476,0.000759746905,5.6611541625426085,0.14105549608562656,1.0944061327372296,0.3919827844750491,1.0944061327372296,0.3919827844750491,0.3131067330460529,0.31809966500058096,0.33055600596361745,0.14608183424142449,0.33055600596361734,0.31809966500058096,0.31310673304605285,2.709226437601929,-32.96290441652012,51.50067526141423,54.522197066351545,-55.255162827979284,-41.15332820781906,-13.328227996140257,-35.21649010206667,60.719334778618745,99.20961230950364,101.41955615496379,33.90211663143117,31.44,0.3000695961527172,42.417582417582416,-0.5493310815471494,3.5617035637966503,0.7029278327962114,-0.014734060922246689,0.00043666535,0.00038608908,0.000499449734,3.93695499999999e-06,10.10989010989011,-29.94,115.0,14.0,61.38,115.0,22.41758241758242,6.2616958495935,696.0680150774486,0.4032612109861275,0.008067270644244423,13.763437552611679,0.020277548386554343,-939647.0271485989,0.6232811807378635,3.022729920954919,85.0,42.417582417582416,0.43956043956043955,1.0067397277802885,-0.00023437564514214356,13.301003121587874,0.15101893298488145,0.038195505561368776,5.578361675469671,0.5298153285068904,0.449076677200547,0.29886834516947736,0.14426838279508664,0.08336081394727839,0.06149571010765112,0.07438251728344059,0.08985743751930376,0.09728674699651849,0.08631258533396736,0.06965364030644983,0.05883068735415187,2.7743746277487134,0.052248944500095394,0.046752023775525293,0.042939811062987124,0.03794103141097701,0.034377665672878005,0.03510239658332292,0.9630784815345218,0.03886924315783638,0.044268155440932336,0.04772611639653878,0.042477140045101426,0.037710103819378595,0.034942045381677646,0.01690455188321362,0.8635709016972063,1.1283857712678034,0.8699294534155503,6.2375532282829225,319.12923608948,38.907070275662704,0.04070308811920262,0.36683217962083714,0.016328173700675793,0.35723360249108355,0.322378581372129,0.26104910209225274,0.17726996023997801,0.09035809238500386,0.040542308919789084,5.471695255191627,11.49324648454376,2.9530106707177715,10.601138976551878,9.496827841654266,8.244409869705704,7.077726191752279,6.322969988172755,6.057714043928095,2.0694362701097804,5.471543861133174,11.48739086592217,2.952965528433514,10.59511829822672,9.49135454528447,8.240275933850617,7.075505876374687,6.322324326264347,6.057578374168274,29.937792224304122,131.96014890647214,8.720005412116622,112.25653175341864,90.08581110429215,67.90214746599766,50.06278340661273,39.97178488647393,36.694255759191144,6.0,3
16157.477905250536,12.165846383521949,14.0,3558.915838160911,0.6094414309471723,91.0,364.0,2.6178877e-05,0.00092152938,0.002197802197802198,0.004395604395604396,0.006593406593406593,0.008791208791208791,0.01098901098901099,0.013186813186813187,0.015384615384615385,0.017582417582417582,0.01978021978021978,0.02197802197802198,0.9965152664820416,0.8791208791208791,-1.8699999999999992,0.5124707640637363,0.0007501910954999999,11.05665058232115,0.1848504205138118,1.1709348187380382,0.8501822667282888,1.170934818738038,0.8501822667282888,0.2863701254778853,0.09987429573780163,0.19725127302366036,0.4326116764339346,0.19725127302366033,0.09987429573780163,0.2863701254778853,11.713478076446346,58.36351734132371,27.696677374363244,0.48740810338279505,-36.38876730939186,-180.30777588417467,-77.43879975922572,77.76045417855286,61.333897471476405,-49.77346533027,-9.150447017417884,59.914922037812026,39.99,0.12991982080326944,42.417582417582416,-0.37869149267775015,2.956058778366847,0.5044917650905348,0.01748903104122908,0.00051300561,0.00038357398,0.0004892540014999999,1.4757154999999985e-05,7.472527472527473,-24.41,117.0,15.0,64.4,118.0,12.747252747252746,5.9591056754432605,622.1216380859712,1.1209184790410864,0.0048009784168063325,11.919315340171819,0.035375510505732045,-954004.5052261988,0.6167982376807524,3.8933561314923497,69.0,42.417582417582416,0.43956043956043955,1.3859010499821285,-0.00027302992189763776,12.997460717194175,0.14053119197023634,0.162876949499616,7.992332640156701,0.29103509198840766,0.37032852086953266,0.20094124738590805,0.09599771953143207,0.06904529811119858,0.04337448084130147,0.02552881204269045,0.01839866369210121,0.017121205121180913,0.011525529029769426,0.009763178367507782,0.006997253009224006,2.1198289401434924,0.007354602226272116,0.008010301962119234,0.006536584724789206,0.0026105682156387453,0.001796077715675522,0.002212379542814272,0.6148009853937041,0.0026406075787878567,0.0033616202546785682,0.0017639170764165897,0.0019160161608569688,0.003777849746377409,0.006012912056832924,0.004426403138840132,0.5364645387730502,0.40195006508303105,0.48635717259786765,5.947060887907033,229.03926135110282,35.36753320447358,0.10748197869181118,0.4102784950302493,0.005320091043178443,0.4175598943594744,0.4131019994882557,0.3972830749812749,0.36841449550470895,0.31912728516188726,0.23453639504023943,5.305103471148431,11.224329975281098,2.278756846603083,10.230197849110835,9.316687220718832,8.487376413254307,7.751457714557059,7.095813994892376,6.445414231672334,2.0591819302984677,5.3040145610516225,11.216829095181467,2.2787506363294163,10.221672650137767,9.307524241532997,8.47807316190412,7.742697686211709,7.08863414389371,6.441145650988324,28.132570463847635,125.8172549505095,5.19270446257172,104.48259176657446,86.6300075067244,71.87772453859894,59.94936746006816,50.248734025975715,41.4883572972458,5.0,3
20045.698999734745,13.23303645629683,4.0,4415.352202584745,0.9646222600247377,91.0,364.0,-0.25,0.00094031144,0.002197802197802198,0.004395604395604396,0.006593406593406593,0.008791208791208791,0.01098901098901099,0.013186813186813187,0.015384615384615385,0.017582417582417582,0.01978021978021978,0.02197802197802198,0.9980087237040236,0.6593406593406593,-2.5305,0.3191229895425607,0.000759148903,12.388808741395327,0.2172650719500942,1.4529390607400638,0.31662409889330256,1.4529390607400638,0.31662409889330256,0.0695008933614735,0.20457090163721275,0.2289435666081571,0.14517703413429633,0.22894356660815723,0.20457090163721275,0.0695008933614735,28.278855864067225,-40.453045658788525,78.336490188306,75.1878313502194,-104.63838922467933,-40.58442481236633,-62.434710629822135,-6.52955189973372,81.11457455721309,31.924633522494208,53.976479330563805,5.8277096958694905,39.99,0.15679189506344327,40.21978021978022,-0.41951909863495007,3.238737583391162,0.7331517387796974,-0.06680544276909692,0.00045117645,0.00038959857999999997,0.000525017268,0.0,10.54945054945055,-37.32,113.0,15.0,77.31,114.0,17.582417582417584,6.637505654844924,714.8146408469113,0.695344352733178,0.00674479645635737,13.14245094623799,0.03115726557564694,-1123204.2788185852,0.7017063555044806,3.8923775219597947,76.0,40.21978021978022,0.43956043956043955,1.1913433587946394,-0.00024739202116229114,11.796828492456367,0.12005334332746143,0.10391023781585457,5.510048644685731,1.4359950858563078,1.1063805752343714,1.1044061246668142,0.7167605128981712,0.3318630474332868,0.1306040141001603,0.08193549998143085,0.036536099649156134,0.04202087221546488,0.050487906988121535,0.008509094866969673,0.015133376352158964,1.8562292997027179,0.027792140493511475,0.01911043112235909,0.02695840684126827,0.033684174880676564,0.019438996813317014,0.019546409930749718,1.2611604458591805,0.025302989603358014,0.02048756599241993,0.021791866144666355,0.034971617209251134,0.014575940351381754,0.011214853660879412,0.007250146961382532,1.2836192273605682,1.6789034991249259,1.4604113742988414,6.624234676094956,332.8508894059826,43.88048504397886,0.11382126710383879,0.1373164547188194,0.05504071174071863,0.14391389821550624,0.1429249257405348,0.1363589436315319,0.1279813394880837,0.1217534167792461,0.11993516651480396,7.781159715334006,8.612340975926688,3.9244131589242945,8.210597484914034,7.995111481325999,7.94954507719156,8.041473124637484,8.23127234089601,8.383432367196743,2.1280334134616368,7.780327193292814,8.611246209282912,3.9240271612196103,8.209336139370656,7.993833877710549,7.948375505271016,8.040454638327969,8.230371829723264,8.382574414295114,60.533491234691645,74.15356127688933,15.397989161989232,67.39319984917711,63.90138006443288,63.17667317279227,64.64891079100975,67.73902045550228,70.26755381119506,10.0,3
21775.30500778974,12.917870359907711,15.0,4796.322688940471,0.6994129832028981,91.0,364.0,2.7371892e-05,0.00093671625,0.002197802197802198,0.004395604395604396,0.006593406593406593,0.008791208791208791,0.01098901098901099,0.013186813186813187,0.015384615384615385,0.017582417582417582,0.01978021978021978,0.02197802197802198,0.9940261711120715,0.6593406593406593,0.5174999999999992,0.45784572513941957,0.0007469312300000001,13.456454650735573,0.15036256368827383,0.9661549483928044,0.24200965931259044,0.9661549483928045,0.24200965931259039,0.27869689995325736,0.19985442485666455,0.22109216231209686,0.4621333938263091,0.22109216231209686,0.19985442485666455,0.27869689995325736,-5.570995931274011,-55.253936195114456,58.105459814242984,65.19603292395455,-13.899195786971188,-26.174994196788262,-40.1616560196391,99.04706862789908,72.17093669181114,17.108682193581032,44.054990920890184,59.67880495004908,39.99,0.21897546301820184,43.51648351648352,0.36406029078724356,3.194066555558753,0.7645052366649612,-0.08030662415231281,0.00046869502,0.000381029068,0.000513962815,-2.1130514999999984e-05,12.527472527472527,-12.64,123.0,16.0,52.63,122.0,20.87912087912088,6.9179341716970315,740.6870240056423,2.7630587222480454,-0.0006402542121655222,15.842075882076776,0.03428208057647789,-953249.4342944906,0.6885645180414395,2.4415974890116408,68.0,43.51648351648352,0.6593406593406593,0.7247459454752773,-0.00019080572297553328,13.792104361677577,0.12896625559688124,0.10269074454995952,8.900509263765215,1.0928602188028134,0.7276484254402678,0.5928035413526928,0.40837349088673724,0.35728223032463496,0.2128845141713386,0.11117381534954202,0.07455216275883854,0.044615678561312315,0.030829974470000878,0.027109622474172496,0.037712240739510024,2.4627305908044486,0.053361572096656915,0.07079410836123624,0.0757277843530707,0.07726836450388132,0.08586091939754953,0.08332584029208132,1.2116727777818437,0.0806198439594725,0.06296198855128564,0.048784507096251664,0.03467111402555897,0.02210696338797831,0.019715896245104832,0.008858969408296292,1.3591710520721076,1.107343654615534,0.9769937554804198,6.908348088262881,347.0853774458924,47.725273308605395,0.09457403588778152,0.5848087199207959,0.057217092313407526,0.5684215560582541,0.5328521615436038,0.4749318830668673,0.39136170537052545,0.282520685722858,0.1661053708809987,6.122407248730601,10.802035249993981,3.895301262670335,9.93082721623932,9.18320173763982,8.55753919218531,8.040795485198213,7.506250884932186,6.840560706050537,2.097936488009704,6.1216767532306795,10.786193225750091,3.894881016322361,9.914546188979502,9.167729420534254,8.544349988865985,8.03126565681608,7.500932236041325,6.838543688456418,37.474926271044914,116.34196430321717,15.170098131308308,98.29822613340795,84.04726272812933,73.00591673223417,64.50122805035343,56.26398440968391,46.7656797789271,6.0,3
16636.266891766303,12.708670455554897,15.0,3664.375967349406,0.7310250388085072,91.0,364.0,-1.47,0.00085258045,0.002197802197802198,0.004395604395604396,0.006593406593406593,0.008791208791208791,0.01098901098901099,0.013186813186813187,0.015384615384615385,0.017582417582417582,0.01978021978021978,0.02197802197802198,0.9963273677833933,0.6593406593406593,-2.920999999999996,0.39524190301820467,0.00072948675,10.023453026605898,0.14114379008923345,1.0046662431168294,0.38904074488294255,1.0046662431168294,0.3890407448829425,0.4068381745184033,0.14635665969762668,0.28313432267290095,0.2543644860435518,0.28313432267290095,0.14635665969762668,0.4068381745184033,-3.4248141433247854,-26.441076119283508,60.73500211353285,35.75822318353602,6.91589692702838,-75.70873367575047,-28.329050265379077,19.15906107385555,85.5581846531041,35.03161634804616,39.77940187917235,35.512942274008495,39.99,0.17280473720896122,42.1978021978022,-0.7643021306069238,3.277142425729917,0.6355668991371599,0.005925483969779727,0.00036055963,0.00038417402,0.00051035859,-1.746470000000026e-06,9.89010989010989,-38.03,116.0,16.0,78.02000000000001,116.0,26.373626373626372,6.046753173228416,681.6752420196216,0.14845530027252798,0.00932588717828863,14.22799221752458,-0.016582708038575606,-906718.7758929293,0.6534563005553122,2.669642077366462,73.0,42.1978021978022,0.43956043956043955,0.9026433203282802,-0.00022463820775081084,13.68896597978804,0.1316200673860528,0.016474845893184945,7.364537134050326,0.3256729071270308,0.36617964820325327,0.3320597569368222,0.22447358096104417,0.1954540243417271,0.14774607863359998,0.15562533760730454,0.12399089346199552,0.09764142365922635,0.10567282931750922,0.07075558457433782,0.0506762112707136,2.339949910240409,0.04591303509985545,0.02749515919829256,0.026074362529333213,0.029200271226549473,0.02539191231257843,0.031876558207631925,0.8341354137328936,0.022798723388822877,0.031297804132466016,0.0329270689821904,0.028174931049283217,0.0303942718327739,0.0215953148698036,0.013377726627641896,0.49604781679946014,0.45964352553630367,0.44262558443818323,5.998255262248984,288.5473722082706,35.97906619109763,0.0007579999552536673,0.2603034657505005,0.013670509336209556,0.2821477731824877,0.2903866725682724,0.2824894675656497,0.25252690372235775,0.19121422183377573,0.09535887809758552,5.184471553283474,11.074787295370212,2.781816484015594,10.29452161402924,9.433121972163526,8.515139139894341,7.5945442963247105,6.7424497188359185,6.076108029418596,2.074303137200104,5.184471497871469,11.07172776685788,2.7817828937419558,10.290654395897443,9.428651320422716,8.510452060406369,7.590344737344582,6.73973777920173,6.075359698777768,26.878744712241627,122.58315574341175,7.7383160679153695,105.89756789580336,88.89946572210903,72.427794272475,57.61333323173459,45.42406533239907,36.909995469533094,7.0,3
15827.413788398519,16.37885116642454,55.0,3486.214490836678,0.934568257800113,91.0,364.0,-8.63,0.00070790486,0.002197802197802198,0.004395604395604396,0.006593406593406593,0.008791208791208791,0.01098901098901099,0.013186813186813187,0.015384615384615385,0.017582417582417582,0.01978021978021978,0.02197802197802198,0.9888600816734832,0.21978021978021978,-0.3869999999999987,0.07031552760324647,8.100612124334999,2.6269379968622832,0.38360628938900243,1.7080622742381295,0.24797138406453967,1.7080622742381295,0.24797138406453967,0.17857694726800039,0.7586814381095095,0.5352487739319909,0.6870889579509326,0.5352487739319909,0.7586814381095095,0.17857694726800036,33.54022816747824,-126.80346170744161,60.753809480259655,30.506839795739626,-130.64031023643204,17.15125100934382,-50.66121739468823,46.08339641247287,124.13797422584989,138.70614894722922,-9.941160696655006,147.28652327011085,22.32,1.56161805913855,33.62637362637363,-3.1799116213947496,4.287235926526422,0.5307173651182208,0.007291170145088157,0.00013442851,0.0007455974000000001,0.0007139649918999999,6.595659999999992e-06,10.989010989010989,-28.14,120.0,15.0,50.46,121.0,8.131868131868133,5.897925466608329,631.3302246296803,0.06714627717712106,0.02165410836219398,12.097162056603445,-0.5424228999003189,-829605.3683836681,0.48881470463592913,3.508679513894439,92.0,33.62637362637363,0.0,0.9339354578870056,-0.00026930211245494983,11.456329305397132,0.0855143215476658,0.04989226778405789,2.2219242301597397,0.27771110436131274,0.34717713552338975,0.32653893889481067,0.3456710479794764,0.2829962889160758,0.22412038875514,0.18281479316819474,0.15961137880244758,0.1292671594286082,0.1021503797656028,0.0791133146425626,0.05427193543427463,0.24562319902736368,0.03119935330335122,0.01635076825607593,0.007538435125047558,0.004271991931565868,0.003278391665859478,0.002970068447625663,0.1584797144646915,0.002899448467652448,0.0031377705495232292,0.0031719872827837533,0.0039918580906356145,0.0047086101952844295,0.005185776232993767,0.002837521153783888,0.1328427817530008,0.1256247742325565,0.17418234972572622,4.967261508093337,240.9456837636722,24.67368688978569,0.03709946839677475,0.01325992594526776,0.0004029801620453323,0.0436218844915126,0.06593997854372019,0.08066825505126535,0.08998683178431723,0.0949564111123218,0.08467836686727709,4.168063714673202,4.762886561181267,2.785871255790407,4.312867623413252,3.9066190023434113,3.51976668135687,3.154858765296237,2.961088154808668,3.3702074007233556,2.1230103027600906,4.1678986022958915,4.762868103259321,2.7858712266445855,4.312647014106266,3.9060624609317602,3.5188421567067967,3.153575145619955,2.959565228295682,3.369143436850851,17.371378759020043,22.684912569045043,7.761078491446207,18.598924268279685,15.25732394870028,12.38225012381694,9.945036199071918,8.759026340536872,11.351127498075163,5.0,1
15863.511291369678,14.874241331665353,54.0,3494.1654826805457,0.8169704355939673,91.0,364.0,-8.41,0.00067350288,0.002197802197802198,0.004395604395604396,0.006593406593406593,0.008791208791208791,0.01098901098901099,0.013186813186813187,0.015384615384615385,0.017582417582417582,0.01978021978021978,0.02197802197802198,0.9916590974187989,0.21978021978021978,1.0775000000000006,0.07827507995048949,6.880601455275,7.963607841076431,0.28355872899667833,1.2032083237691773,0.25492759004462373,1.2032083237691773,0.25492759004462373,0.15468432486412934,0.8563985956364073,0.6720145216274203,0.4189134726995121,0.6720145216274204,0.8563985956364073,0.15468432486412936,-5.095656782564509,-115.69778309466732,66.19915599159536,92.6115167354223,-172.1692329620046,118.260791594918,-23.646643737597746,14.585061945380193,214.48686916999196,109.39585023090416,147.15821118909412,141.33882608806817,29.09,1.3122574286095074,44.175824175824175,-3.0440891884616708,4.04529403085366,0.5203049722307713,-0.06407421713530834,0.00022966088,0.0005732726600000001,0.00052483383,1.571263500000004e-05,14.725274725274724,-33.16,114.0,13.0,62.25,115.0,5.4945054945054945,5.904647320630781,635.3369944413496,-0.4679656831138912,0.02241768156402063,15.74016086767437,-0.4255648683633839,-711554.3161440245,0.5911252440158725,2.7387666609239583,85.0,44.175824175824175,0.0,0.6606798924895257,-0.00019294194320306293,13.351763314503735,0.0733663196090486,0.015339622727561567,1.5526666356956,0.19181164448395768,0.18100954071705616,0.12568325298402638,0.05578597484773557,0.032805927089485085,0.0229510788040535,0.03189161191367933,0.04479002357938301,0.049422611538619154,0.04719676024042101,0.036270368943112336,0.02992614481399187,0.5076485089056212,0.022049540277887723,0.015404535514581036,0.009610846384060338,0.006127650108516364,0.004920625915901797,0.0039351028882370674,0.25893061092991804,0.003612755388658902,0.0031315380220507593,0.003105576394866347,0.0025888439759560625,0.0018506344134049128,0.0017297623173505143,0.0007715717656251974,0.13230010001972553,0.18982199615386772,0.2102421883128564,5.059484261634088,236.2184573927702,25.59838099372303,0.03558369430336853,0.22662419091357724,0.0282614706247678,0.18416283295098831,0.14324824683169515,0.1058733342748187,0.07706953671395296,0.06367226417947434,0.06429750466977464,4.063535189882767,5.485061237068584,3.6048507724740855,4.783147584833982,4.106432030384168,3.474350718839741,2.914830302502687,2.6026726487943956,3.0252919716725315,2.0897005183577377,4.063379386682383,5.480377564592161,3.6047399879998467,4.779600911086889,4.103932743106871,3.4727372135812056,2.913811246271557,2.6018936872125837,3.0246086267085057,16.5110520401153,30.03453825048511,12.994150381085136,22.844584869262615,16.842263959944685,12.059903754591755,8.490295978898605,6.769850759556695,9.148257344759513,4.0,1
15651.863693982852,14.698126296641252,18.0,3447.5470691592186,0.9455421333062989,91.0,364.0,-7.46,0.00072329463,0.002197802197802198,0.004395604395604396,0.006593406593406593,0.008791208791208791,0.01098901098901099,0.013186813186813187,0.015384615384615385,0.017582417582417582,0.01978021978021978,0.02197802197802198,0.9925327138900895,0.21978021978021978,0.15650000000000475,0.08534126493542363,6.49562286959,11.876500231445428,0.317191327479349,1.0216722471524844,0.21305511418895243,1.0216722471524844,0.21305511418895243,0.6121563325168207,0.20595907374878408,0.3350256864590125,0.14803520320740896,0.33502568645901254,0.20595907374878408,0.6121563325168207,-11.019057567880154,-77.62935081206427,110.15666526289031,94.14479313068163,46.82232350777629,-58.51838742447338,17.949084380666303,-32.226270279273535,42.91721802731286,41.518335020890646,92.46247217905251,87.08863001689102,32.03,0.968343916568842,41.75824175824176,-2.6397413952660274,3.8991371613188637,0.7109333519921885,0.023282094668865626,0.00017863395,0.0006698574,0.000619505395,-3.2735154999999995e-05,12.967032967032967,-38.8,114.0,16.0,70.83,115.0,15.164835164835166,5.8651257809475785,714.5029086716681,0.4207589617407307,0.020305634297667737,16.330908036521627,-0.30617599683597935,-757456.7136100617,0.6839224905228442,2.0819306627892082,84.0,41.75824175824176,0.0,0.5370088417173107,-0.00018055940998313336,14.000040503835868,0.1257256163246111,0.0685612997771857,1.2601695928481875,0.6154314565161044,0.47457254494865325,0.33504090677984066,0.266554648162822,0.19305100348987994,0.15570857531470256,0.12306971873864993,0.12611674410728677,0.13720526510079062,0.16391716704429726,0.17560660419920313,0.18435362900931856,1.0221197967021387,0.17624777708672174,0.16415260909814033,0.14053581363620615,0.10269528442306183,0.08157309875686902,0.05887156099989833,1.1400840397526613,0.04486477893624689,0.029559457074886848,0.02373226467907827,0.013375777131433243,0.010972357348918107,0.005907121693725565,0.0030449147356284537,0.7183974473949176,0.6106377976256743,0.6153505250353299,5.237505684240821,322.7637418044536,27.431465792454908,0.044055953118330035,0.13225359089859393,0.01816316899437334,0.10056643436253472,0.07498751404512337,0.059372382839384334,0.0583800570891361,0.06765966227168645,0.06668555377429544,4.7461136600329,8.002394144773547,3.1915349241171103,7.413166079944757,6.819101142647205,6.306429742353764,5.983698543576912,5.862939311014619,5.666493005933093,2.1153466625103494,4.745909180225189,8.001301208928481,3.191483239992228,7.412483910344974,6.8186888231088645,6.306150253157637,5.983413743786964,5.862548894017163,5.666100601225369,22.523653946945725,64.02082103600037,10.18556527115129,54.94491772112311,46.49451726638975,39.76753101540013,35.80124002933873,34.36947953474186,32.104696023206486,6.0,1
15337.211990530472,14.708947846252338,24.0,3378.2405265485622,1.0856725777524117,91.0,364.0,-7.47,0.00069300671,0.002197802197802198,0.004395604395604396,0.006593406593406593,0.008791208791208791,0.01098901098901099,0.013186813186813187,0.015384615384615385,0.017582417582417582,0.01978021978021978,0.02197802197802198,0.9945239901860655,0.21978021978021978,2.028500000000001,0.1293929180595559,6.340646716185,9.873979807245563,0.2571711040375879,1.67763774836828,0.6853273504348596,1.6776377483682796,0.6853273504348596,0.37253860805612815,0.02652507477555866,0.3537542144563566,0.11879115269533298,0.35375421445635663,0.02652507477555866,0.37253860805612815,41.33060494663291,10.603286244042504,10.993147186090225,-14.873982017605483,-52.75264395835714,-108.3417283666271,-4.883909681150839,-67.02657464106741,-1.1896535875272982,-78.1985112519897,45.561330634073464,-3.918420969536718,29.92,0.9823447037398958,36.26373626373626,-2.365220206936973,3.8515603828440503,0.42882168565931134,-0.02585893736368724,0.00018203704,0.00068802485,0.000595661412,-2.582003999999997e-05,5.934065934065934,-12.99,111.0,17.0,42.910000000000004,111.0,11.64835164835165,5.805872735510665,586.4734802409487,1.6935625299486121,0.016174005160466368,9.458691067932875,-0.35565387401691234,-996722.2933460292,0.5696650334415764,5.468390657245929,91.0,36.26373626373626,0.0,1.6953524967304874,-0.0003246065749897183,10.88722514774402,0.1761631318359811,0.11559404189793424,1.7850135192067622,0.2750964837475398,0.16795795885370637,0.11152947791231643,0.06064137278148035,0.04077112218940829,0.032360375067619275,0.022224550362286842,0.01593248004783467,0.010539212062324284,0.007118068646986558,0.004895825108464487,0.005964283716057167,1.5895151325172567,0.003570214727038207,0.002067849564274064,0.0015790808754119815,0.0003774022942729695,0.0008045754003572864,0.001534382560779956,1.1419237689721877,0.0021476647781951508,0.002993482158838975,0.0036938288045973897,0.0026821571093221678,0.002743494007810431,0.002372001818616352,0.0006146076450280132,0.6543313014628924,0.5504785178876459,0.4581082058828478,5.302253444870691,194.68504528932735,28.11389159364311,0.10546627910423415,0.05668750963649287,0.025249485190694445,0.08088478554181754,0.10666209188483142,0.13333397164143537,0.1579049887478303,0.17274879020568334,0.1621408683589176,4.696052221310653,8.619572522068172,1.8686463527352029,8.287396127564408,8.070822074873574,7.9190200118813525,7.722491738448104,7.3187690513548915,6.446275070521755,2.0753651577764014,4.694867764830936,8.61938611441928,1.8684757571582729,8.287001401389853,8.070117233499234,7.917897448223466,7.720877195301565,7.316730026627513,6.44423561205191,22.04178332924863,74.29381698944388,3.4912016550881813,68.67439222663738,65.12679216242134,62.693100000583684,59.61194466492776,53.53453828255265,41.528172623638056,2.0,1
17016.159887415244,17.195267451663348,58.0,3748.052838637719,1.0541806949060284,91.0,364.0,-8.54,0.00066178414,0.002197802197802198,0.004395604395604396,0.006593406593406593,0.008791208791208791,0.01098901098901099,0.013186813186813187,0.015384615384615385,0.017582417582417582,0.01978021978021978,0.02197802197802198,0.9883622625994891,0.21978021978021978,1.8934999999999995,0.07964559203316918,7.99559657394,2.363935282055267,0.4327268101591146,1.2572431097245198,0.5833754634620344,1.2572431097245198,0.5833754634620344,0.7418974822494208,0.21008527958870443,0.5188722245865072,0.21959354778269063,0.5188722245865072,0.21008527958870443,0.7418974822494208,-0.5060977240889244,-32.819261433388945,76.79589902821544,29.699441290778505,36.048250919409654,-78.49393966484656,74.08940709742174,-69.60395874745778,-14.479492137192164,-33.571104512708914,92.75512062611233,44.87587128291733,24.68,1.7554663505514727,40.879120879120876,-3.509687183820781,4.328441202297096,0.36733199720532295,-0.035218959088854675,0.00016482004,0.00070589494,0.000639756875,-5.706798499999997e-05,7.032967032967033,-16.75,104.0,17.0,41.43,103.0,5.4945054945054945,6.115402979257771,562.8710648124056,0.16819530074481298,0.023062849351120077,12.541569097542247,-0.6185666962299337,-799125.4058246565,0.4498328674192618,2.779410381866798,92.0,40.879120879120876,0.0,0.9984503095488428,-0.0002599869853789568,13.653138238127028,0.11983799998933109,0.09939997274411655,2.2213037128046658,0.060009447199468866,0.03565036925021301,0.023159785228480403,0.008436807326725151,0.009802691139667443,0.015409278353113499,0.017594263423178012,0.019519957376465003,0.01735047202011964,0.01942708479403219,0.014420144473787647,0.014237282829759747,0.4306704260099327,0.011884053047323458,0.01029113879441394,0.008974248377095642,0.00837916595330238,0.006309388555230448,0.006301155600649011,0.2965626443085169,0.00465784800627337,0.005437338038411116,0.005245425995879666,0.0044831771747568866,0.0038505371480262404,0.005109046947056458,0.0019363028318440266,0.212424178840265,0.11375825415535919,0.09498480088762722,5.008018517381797,166.76872673121662,25.08024947043897,0.08439025924173925,0.20334509929162048,0.028262778563904693,0.15298237489032138,0.10142665705054706,0.04761789376463896,0.007753084168174041,0.059356358746485836,0.09273983165935501,3.155261671293816,6.213268412892506,1.688784543461361,6.038111384316427,5.815322310140288,5.557098818758309,5.286871835881493,4.957882495576246,4.358576750475544,2.0649475281370346,3.154132923400813,6.2099400271855965,1.6885480299896256,6.0361730825403415,5.814437737568004,5.556894799943437,5.286866151012604,4.957527172151224,4.357590000609252,9.948554498480958,38.56335514124185,2.8511944495818455,36.43538548238457,33.807686204054924,30.87907981763841,27.95095369872283,24.577075662617705,18.98859061340974,2.0,1
22695.88798416272,19.287664807284276,12.0,4999.094269639366,1.3849119545136548,91.0,364.0,-9.02,0.00074158561,0.002197802197802198,0.004395604395604396,0.006593406593406593,0.008791208791208791,0.01098901098901099,0.013186813186813187,0.015384615384615385,0.017582417582417582,0.01978021978021978,0.02197802197802198,0.9874886461281985,0.21978021978021978,-0.3850000000000007,0.13254194529504315,8.140599543355,9.80123138638496,0.1022087310460293,1.1882992211716392,0.35993249785827547,1.1882992211716392,0.35993249785827547,0.26311705235211924,0.24114182389859784,0.39916524787244884,0.28470963189419607,0.3991652478724488,0.24114182389859784,0.26311705235211924,10.920356654105106,-48.7731754575904,-9.036962352935126,19.35115934500323,-49.49638084001628,-47.47466200102548,53.1934270713853,4.647230616839328,38.940324008264895,47.7795875903519,49.881056027800014,72.11266944116626,37.37,1.019701207831262,40.65934065934066,-2.933644535140654,4.686890278344069,0.7786629235924613,0.024648703887995584,9.0171066e-05,0.0008671403840000001,0.0008291092930000001,2.160251000000003e-05,9.23076923076923,-12.97,112.0,15.0,50.339999999999996,111.0,19.78021978021978,7.062653360647492,738.0743761650156,2.094472254189979,0.021184350850609986,12.800455493720648,-0.2959776365118727,-1160095.0221043848,0.6456736789683835,3.243823275308743,99.0,40.65934065934066,0.0,1.0606284416507321,-0.0002545605194220869,12.798273800691344,0.09553470825363175,0.026983098697427252,7.1909162535754545,0.86777858064306,0.8160161179237895,0.5972278841878234,0.4746804204644616,0.4089078278110476,0.3793951353547824,0.2883987142270209,0.19681796232341564,0.11062130885112433,0.06600297522896957,0.0514316171680231,0.054108227442215974,2.457171253874388,0.06025056678199065,0.057595782105879616,0.05157964376525292,0.04000564539964096,0.03528725672737761,0.03523934959533031,1.400384122059456,0.035153122482642636,0.026082219824891475,0.013407287135728096,0.012426149678716874,0.017740358529715602,0.026861155663425156,0.014858081545389274,0.5053769164237565,0.42264154121253655,0.5960296957650505,6.424546850487175,353.5129673109774,41.27480223410468,0.010586621450750289,0.007023325950223062,0.016986019390615854,0.046761258824572084,0.08192329233752944,0.10782991348152353,0.1144811964132495,0.09095518536092728,0.03928465866657612,5.59387115520771,12.319929400203119,3.310734471407559,11.785113393416616,11.053171082337359,10.05938924379018,8.795824639994912,7.4056974711782235,6.343578533105976,2.0810251383289637,5.593861137399738,12.319927398279658,3.3106908969747613,11.78502062282289,11.052867480866285,10.058811294971198,8.795079599026344,7.405138904090287,6.343456890471979,31.291282424511095,151.7806110988818,10.960674215311549,138.8867110803608,122.16587954959141,101.17968466784014,77.35342515320941,54.8360821888715,40.23944532127643,6.0,1
22178.78147464589,18.009305852866333,12.0,4885.194157410989,0.9222462047187212,91.0,364.0,-9.08,0.00066006867,0.002197802197802198,0.004395604395604396,0.006593406593406593,0.008791208791208791,0.01098901098901099,0.013186813186813187,0.015384615384615385,0.017582417582417582,0.01978021978021978,0.02197802197802198,0.9911612783448048,0.21978021978021978,0.8630000000000013,0.09943075185303396,7.85554640495,11.586792398939293,0.0934294449203569,1.394002711564115,0.10886541557844723,1.394002711564115,0.10886541557844727,0.10439827959870758,0.6198367740258449,0.383148568387435,0.2612989384902794,0.38314856838743494,0.6198367740258449,0.10439827959870762,22.12282456179466,-96.4581278222853,-20.944734507866922,14.191633995740155,-102.60452686517165,110.59732971825386,-85.95162287497618,17.036489477063842,202.10109943863026,33.405393670844155,32.9486803511115,41.27902400651682,39.99,1.125456202416205,39.56043956043956,-3.055349679516268,4.590425090143102,0.7721360612610827,0.014120310720110123,0.00010609769,0.0007822646599999999,0.0007017004429999999,-1.6711493500000037e-05,11.868131868131869,-31.15,112.0,18.0,71.14,112.0,10.989010989010989,6.981731495091415,736.0729450207967,1.6213579861575063,0.01577589234881331,13.695359857261646,-0.31829590665102614,-1077034.2812008236,0.6440921694535403,3.1322317416647714,97.0,39.56043956043956,0.0,0.8653124902808439,-0.00023580260809459068,12.325023423108746,0.11062007389257789,0.05704389013694991,2.063243366274166,0.3617166929211994,0.5213850727012747,0.619847085187277,0.5366244722565001,0.46067079098894936,0.49034150440326824,0.4465550846568021,0.4560932731536341,0.4294376481162572,0.36438496272810394,0.2609302252513713,0.16946402205735808,1.9933166853160345,0.11022691825973675,0.05721457597711275,0.028508678835526644,0.02243823594898795,0.02003864209184421,0.015701531556955556,0.7579552728375171,0.01603133883112319,0.01841213923960193,0.015434185191877578,0.01874888148091372,0.02305995294414596,0.02504518580818807,0.012334890525956146,0.29046281588237843,0.18854840340843426,0.2801816738764225,6.277691694040992,350.54977181253156,39.409413005431254,0.06760290133386591,0.36060303977919056,0.002801497584475328,0.3761045278991775,0.3802402017097356,0.36731806791687954,0.3337075249203103,0.276400496180106,0.18782509324832164,5.665336396228869,8.903384296212645,4.017157208068455,8.801403767130074,8.580089096013248,8.130713262045205,7.340957951842229,6.216125927544154,5.420790143835653,2.0861477745196746,5.6649330384539205,8.89607876391323,4.017156231209787,8.793364183072665,8.571659482534825,8.122411931598865,7.333369139660653,6.209977802923137,5.41753518842767,32.09146633016677,79.14021737374794,16.137544185947622,77.32325365614518,73.47334628452919,65.97357558657961,53.77830293852723,38.56382431279807,29.349687517852026,7.0,1
22920.96609625379,17.81495680777322,5.0,5048.6709463114075,1.2254202767400129,91.0,364.0,-8.51,0.00070146899,0.002197802197802198,0.004395604395604396,0.006593406593406593,0.008791208791208791,0.01098901098901099,0.013186813186813187,0.015384615384615385,0.017582417582417582,0.01978021978021978,0.02197802197802198,0.9856193915089199,0.21978021978021978,-0.3139999999999983,0.08614725326379999,7.95062682959,14.97171176860564,0.2594324971103158,1.1249571873171145,0.2480840418846269,1.1249571873171145,0.2480840418846269,0.3074160820917074,0.4698567274622272,0.05230906120107957,0.15522150763957865,0.052309061201079546,0.4698567274622272,0.30741608209170745,1.766101891651231,-55.336097948336985,78.18659260911792,76.70361389044882,-28.604941346447955,64.2086430356503,-96.64962781146758,-2.2101274036118683,0.36106754001464453,60.89245148189268,78.432941948088,38.853038587328534,39.99,0.8964628166095516,43.956043956043956,-3.060921434835962,4.55184238122869,0.7894966900988533,0.027291041287731296,0.00021188769,0.0006876976700000001,0.000636776035,0.0,10.769230769230768,-33.29,114.0,17.0,73.28,112.0,22.41758241758242,7.097587594534938,746.6004218945724,1.959465169295512,0.023063256886276008,14.976756086041345,-0.2847206202786672,-1077510.9624304106,0.7214721074630958,2.7366833068258125,93.0,43.956043956043956,0.0,0.8404971315338611,-0.00020894351810230404,13.570548505892276,0.1078610788930866,0.047115987070730295,3.7735563462564556,0.9445019320773858,0.8197517741829118,0.5099447491329637,0.35002059711839534,0.21704958261595378,0.16782218094960424,0.20929913211157194,0.29127161795969264,0.36141972173889697,0.3481296404107979,0.3234316871813559,0.2539268429240824,1.597625791753842,0.18589333712604786,0.1250022730868566,0.0803756074088954,0.042412728633880674,0.01995786843208238,0.006750231634132483,1.8082596981573071,0.006894698944923564,0.01836488869984321,0.03909074077889281,0.06313045606208906,0.08555743619042654,0.10003770375924573,0.05254111416656143,1.8275636051175768,1.341777399174134,1.4448211842493386,6.403632534105779,358.4314973048794,41.006509631858,0.04740693648690995,0.27459007807329244,0.021055917971999735,0.22805895073134896,0.18332761849687557,0.14451044863561183,0.11700139876382878,0.09811898557872453,0.07419264567158043,6.497546966277233,9.87532309645483,3.9773736284263816,9.47564329757715,9.186272857361642,9.020587169603933,8.919171966547179,8.739724444588635,8.147012006762957,2.113138670066564,6.497374020429438,9.871504776294135,3.9773178938098477,9.472898448622265,9.184443368772845,9.019429561488812,8.918404523317406,8.739173646976534,8.14667417353045,42.21586916135141,97.4466065483979,15.819057628420001,89.73580501791012,84.35399999419549,81.35010961465827,79.53793924152836,76.37315603200912,66.36830008966803,5.0,1
16708.680804837342,12.977075589154044,13.0,3680.326168466375,0.7651401862567437,91.0,364.0,-4.22,0.000896236,0.002197802197802198,0.004395604395604396,0.006593406593406593,0.008791208791208791,0.01098901098901099,0.013186813186813187,0.015384615384615385,0.017582417582417582,0.01978021978021978,0.02197802197802198,0.9985065427780178,0.21978021978021978,2.1930000000000014,0.4704118192097418,0.0008088065575000001,8.921349178944851,0.21284124498718743,1.0700977989984204,0.3152960309140318,1.0700977989984204,0.3152960309140318,0.5526724046248301,0.36832599635546937,0.024454383411750658,0.01237404212943934,0.02445438341175062,0.36832599635546937,0.5526724046248301,0.21057548563833706,-18.216681173938323,72.77624105527383,34.483327667160225,21.012090414652512,1.7597022232985353,-128.3814801500248,-70.07812839648899,-0.5497057285851382,102.52269478040695,136.65753465717998,-33.28790783165346,38.24,0.408441410195867,43.2967032967033,-1.359070183653177,3.6257120454905936,0.6930548192377074,0.025001692009251078,0.00042548236,0.00040492318999999996,0.0005210488584999999,-4.9570089999999994e-05,9.010989010989011,-27.3,111.0,19.0,65.54,112.0,8.131868131868133,6.059898959161523,692.3575255335082,0.2807872313591375,0.009900110454368038,14.047767224095438,-0.12525759182179425,-926203.0204302038,0.6517314280562981,2.813345651082957,64.0,43.2967032967033,0.21978021978021978,0.9703200586276076,-0.00022841586778184008,13.657851301266195,0.13012666620686064,0.1343089545993517,8.113908364908314,0.6028883715869044,0.49543352075212443,0.25156129450744324,0.16423356384040333,0.1415232348835201,0.12802098922220215,0.14483420785942802,0.15250294474494683,0.15258009675380704,0.14656135995403213,0.1386302500983206,0.12660164660895645,1.625967983880678,0.10912843157822422,0.09376612103345953,0.07494724486739605,0.05936452614804034,0.04854816791599211,0.0434847565822641,1.261215647614212,0.03828867975451915,0.0396266645731192,0.03820647741547461,0.03805412072923726,0.03970146922374755,0.040235908762518806,0.01903856146894349,1.0206202320747244,0.8952147634892189,0.6433219840243258,5.905531612916132,314.6468879339192,34.875303631151816,0.02639024519689358,0.1404682552846569,0.018816242161908216,0.17790571621466658,0.20666983747038523,0.21827626266275646,0.19773705626097687,0.1327937886848014,0.03668846899231029,5.554249083004863,11.440415824166708,2.6444238123226254,10.108402139301175,8.979749203287229,8.178113234125744,7.7583266234319455,7.586085008731427,7.190318512196187,2.0764377773740366,5.554186387853653,11.439553439671554,2.644356868542866,10.106836466766776,8.97737062464381,8.17519978614227,7.755806344438609,7.584922647554583,7.1902249104651945,30.848986431018808,130.86338289910128,6.992623248209832,102.14814336596672,80.59318333221759,66.83389154334061,60.15253205243418,57.53105156938643,51.69933426307421,5.0,2
19213.9694899518,14.111193575008516,12.0,4232.151870033436,0.8576645605687914,91.0,364.0,-4.7,0.00081165956,0.002197802197802198,0.004395604395604396,0.006593406593406593,0.008791208791208791,0.01098901098901099,0.013186813186813187,0.015384615384615385,0.017582417582417582,0.01978021978021978,0.02197802197802198,0.9955196283340535,0.21978021978021978,-1.2644999999999964,0.42162802633276614,2.295746520185,6.984576767130514,0.0789312835157652,1.5884901178350614,0.07900936125880342,1.5884901178350619,0.07900936125880342,0.004546521104218233,0.42723542750641763,0.44520303793360283,0.13654994610439378,0.44520303793360294,0.42723542750641763,0.0045465211042183444,37.03046083366996,-90.26381212684095,67.55682138988148,-6.555515035224646,-125.20566910793133,91.30380816420183,-17.067717941619804,-12.844437842259241,118.75569668554893,-48.168266473221685,71.55841275009207,-38.86864100526217,36.02,0.5358513583421043,35.604395604395606,-1.6875259882083922,3.9128209998336674,0.7337031484384211,-0.036099800289030856,0.00032955247,0.00048522554999999996,0.00057806917,5.585213949999997e-06,10.32967032967033,-31.77,112.0,16.0,67.79,114.0,7.472527472527473,6.498346279902329,708.898092049841,0.295397756498311,0.009922267867016275,12.600530479243531,-0.1528962195365105,-1109767.8952366342,0.662595124752207,3.567478010026471,78.0,35.604395604395606,0.21978021978021978,0.9977511436509018,-0.00025875110765306977,11.454941574661245,0.1139502869648833,0.20646316887895172,8.190815777838885,0.20314014014586262,0.17623782343545663,0.304382407084679,0.347313315602779,0.37427035825355437,0.4045280667368181,0.36108579642189687,0.2977799454817421,0.23663037714971802,0.16718777181597344,0.1084214884200144,0.06497454822718988,1.697858651106243,0.03661803125305192,0.02101400477482493,0.012024089001090418,0.007719311885757559,0.006191213354728205,0.00795409537007614,1.1666431907528025,0.00976977580690033,0.01229266673627078,0.012337313290632987,0.009868956483856061,0.007743031303837723,0.0075651319073868385,0.0036133869971041537,0.3046825299011031,0.3404873943667097,0.20655769935323828,6.275409182885346,333.1012293910432,39.38076041264172,0.11883330942422085,0.06965559955385262,0.03045866707238008,0.09619128984619611,0.12037303895861287,0.14186652784009565,0.15964714260230098,0.1727396339620477,0.1721488457820042,5.398995874554243,11.16502537281487,3.7564051234339475,10.251159796714376,9.503585120591014,8.795057748264815,7.950872868750176,6.906063404498993,5.894547293917284,2.083787328865823,5.397687940037384,11.16480808939637,3.756281634936468,10.250708483491804,9.502822763569295,8.7939135021668,7.9492699139535175,6.903902719898281,5.892032974714542,29.13503509802502,124.65293967305062,14.109651720960983,105.07702441353086,90.30364047581077,77.33291468359155,63.19089216488656,47.66387276581888,34.7160525751235,10.0,2
18519.863790489577,13.959131916401196,3.0,4079.265152090215,0.8389111563792934,91.0,364.0,-5.22,0.00086992067,0.002197802197802198,0.004395604395604396,0.006593406593406593,0.008791208791208791,0.01098901098901099,0.013186813186813187,0.015384615384615385,0.017582417582417582,0.01978021978021978,0.02197802197802198,0.9955196283340537,0.21978021978021978,-0.9400000000000048,0.41945273400057737,2.455791894325,8.423591663674094,0.09087119170797867,1.3955341288237382,0.06049587245375383,1.3955341288237382,0.060495872453753874,0.03618209294147282,0.412502724374637,0.4906661605528351,0.3660164167365905,0.4906661605528351,0.412502724374637,0.03618209294147279,24.77161932928476,-106.58286856349481,15.652118581237355,65.7123994902771,-143.0400733876292,61.978826683299374,11.481502239225023,52.83584224459659,141.0046540481853,-9.506398880194592,71.24753854250625,57.40992402010197,31.01,0.5146791629873478,38.68131868131868,-1.6144535975000118,3.9055385577912034,0.8266288280040063,-0.026077438337555055,0.00036257602,0.00048836502,0.000616525385,1.1468714999999995e-05,13.406593406593407,-39.99,100.0,16.0,71.0,100.0,12.527472527472527,6.379890072856689,745.3077441787643,-0.16459060616639198,0.010633583572470072,14.11400129340911,-0.14882767602170613,-991438.2083689853,0.684084754753586,3.30332187772402,85.0,38.68131868131868,0.21978021978021978,0.8258065065881387,-0.00022702754870590093,11.726097634626939,0.145079308763289,0.10714934987676877,8.755993152075098,0.41974991176688903,0.4185757988738601,0.45647930256069036,0.500705202692739,0.533699058098203,0.4849124016176835,0.38077532532069,0.3154602728062529,0.28798366303237505,0.2280005339356318,0.15830402009132427,0.10778915248329271,0.916859311349918,0.07519424442121515,0.05249402039208548,0.035412109107170485,0.020986585841937015,0.018246116280192896,0.01775612340008017,1.0382620494777388,0.017733438184454615,0.015594424712973403,0.01584607324096173,0.017526158546785776,0.019225319280241158,0.01757788428896088,0.007998006161933233,0.2886504925709621,0.2671472790897476,0.33913617048213757,6.172239214681704,375.28948791381885,38.09653692325461,0.10318498175151655,0.024568892728632007,0.027086394498449167,0.039697120365251484,0.05185100872330029,0.06219316367569378,0.07185050059138262,0.08558073925799076,0.10756918408443258,5.858440179441611,9.543548696048529,4.489359678930619,8.332993878400885,7.432356996540381,6.764796654523811,6.128174790780595,5.430051111385292,5.079213061181681,2.100430786272423,5.8575314079940535,9.54351707094191,4.489277965780366,8.332899322330814,7.4321761279531815,6.764510757434609,6.127753566513879,5.429376668580353,5.078073866291627,34.3106741956368,91.07871808335966,20.153616654041105,69.43721111610132,55.23724199691715,45.758605787448545,37.54936377192356,29.478131009324695,25.78683419151399,10.0,2
20222.12259263385,14.071035106843032,10.0,4454.212024809218,0.8194679292636332,91.0,364.0,-2.97,0.00092652916,0.002197802197802198,0.004395604395604396,0.006593406593406593,0.008791208791208791,0.01098901098901099,0.013186813186813187,0.015384615384615385,0.017582417582417582,0.01978021978021978,0.02197802197802198,0.9985065427780178,0.21978021978021978,0.18099999999999739,0.4678350051568471,0.000814049255,8.23168620238219,0.02843770701601045,1.5740473429789064,0.013984265136655155,1.5740473429789068,0.013984265136655159,0.022849033074191873,0.3332241191640183,0.52083980520957,0.1223290972311919,0.5208398052095701,0.3332241191640183,0.022849033074191984,45.721477805246096,-110.59726821855661,-100.24955748500965,-31.38345883000962,-125.99447072869481,49.76817161998174,-4.779993888662641,-9.491190333285983,242.77273448146374,-16.14337944668566,37.54035543062187,48.29048922296755,39.99,0.5256383496463493,32.30769230769231,-1.1772987715477627,3.804811957750854,0.8319305856617797,-0.0112096182740749,0.00043443942,0.00040794594000000004,0.000546183051,-2.5536698499999958e-05,11.428571428571429,-32.39,102.0,17.0,72.38,101.0,5.934065934065933,6.666650244186817,749.0734523508374,0.4697601014253504,0.005786471365115471,12.39960074817495,-0.07887951624508176,-1156242.9396470925,0.6753846704720218,3.623363265208573,78.0,32.30769230769231,0.43956043956043955,0.968459676498637,-0.00026296275554752043,10.905746495637976,0.10067568643722069,0.16455737089643077,9.946678555741588,0.5235390734951999,0.6282465097337202,0.6339604213735449,0.5053602863318938,0.4106227663714446,0.3069155971438444,0.28817733095995274,0.27184823420626203,0.23715843532794428,0.18136984205673573,0.13939362145967835,0.09540209660447851,2.3321830660833798,0.06468753774857298,0.0357113797788301,0.01822986356667058,0.010815618373186989,0.006011608463568595,0.004311003268730754,0.9555225525072063,0.005246498323988696,0.0048708055266372995,0.0059175693551852615,0.006311710250003808,0.006910817250845715,0.006784024358497947,0.0035241794521507592,0.44045315826754217,0.3081170522245316,0.4903297457655025,6.561874204892097,377.696485890448,43.05819308082828,0.10870695384985171,0.1362416378258526,0.017463650129175366,0.16598552785134585,0.19220875916339392,0.21010755459574887,0.21441802411771327,0.20574847120361037,0.18287122998053423,6.238823473178967,13.060351740092537,4.071398427810795,11.922853194338797,10.825518597374712,9.675688815787753,8.340124299089418,6.785332322111659,5.770893021117352,2.0594044870846084,6.237876331546944,13.059641104986792,4.071360973790506,11.921697743958232,10.823812114731417,9.673407304329844,8.337367584267543,6.7822121972178495,5.767994831345324,38.911101127673554,170.55422579106065,16.57598017890438,142.1268770982988,117.1549086950066,93.574808875462,69.5116982351952,45.99840228809057,33.26976437442637,12.0,2
17142.67598780751,14.05826600358151,12.0,3775.9198211029757,0.8364600807724041,91.0,364.0,-4.43,0.00088700192,0.002197802197802198,0.004395604395604396,0.006593406593406593,0.008791208791208791,0.01098901098901099,0.013186813186813187,0.015384615384615385,0.017582417582417582,0.01978021978021978,0.02197802197802198,0.9970130855560355,0.21978021978021978,-1.6925000000000008,0.4985538168798139,2.0707824718800003,5.351529613129987,0.12842964627290948,1.470851806981709,0.12125059311841704,1.470851806981709,0.12125059311841703,0.06860171634636916,0.45740841032026336,0.5750138468415361,0.11939841020862658,0.5750138468415362,0.45740841032026336,0.0686017163463691,35.29003722483883,-87.09386463747136,59.268708182567835,-9.131067879648084,-151.25583050077037,-3.557206560198079,68.4682947697424,-42.93097225263379,142.16989744261272,134.3094928516936,1.734701886337021,-13.53276075265563,31.5,0.5664341001955989,36.043956043956044,-1.3604790200566577,3.7905228775972355,0.7155576845057809,0.022182099748237854,0.00035767446,0.00047196277,0.0005684295749999999,-5.569894000000003e-05,10.989010989010989,-28.85,104.0,15.0,60.35,105.0,6.813186813186813,6.138095059724499,699.7417666217759,0.23499989873950403,0.008204280712319854,12.2733425509424,-0.12737661410752918,-1031140.4237097907,0.6382466208074248,3.8302692252569153,82.0,36.043956043956044,0.21978021978021978,1.0576481006552911,-0.0002656092283601979,11.20117845731562,0.1169141947397111,0.04033300857207517,10.578978718093712,0.49769732145873946,0.6528397435736524,0.7476563453882006,0.6645798565492154,0.5915894694677174,0.4865808168786141,0.36920653167055956,0.2622466081384666,0.18199460031754736,0.11729416479491492,0.06990932086419518,0.038731853401071166,2.460249997981026,0.0156262150819284,0.00740398811276052,0.005470213268595524,0.00868262100975142,0.011446598816323065,0.012181339696466604,0.5226850762632835,0.010113555074556888,0.00826683788940364,0.0048926878093421946,0.003531665751962606,0.002356129902880812,0.0024510147173235964,0.0011996416636967432,0.25264884086961387,0.2495032942144094,0.2919224644311161,5.9854246130245405,324.86318876562456,35.82530779819997,0.0005546926424066593,0.18878900282569014,0.014210970085163152,0.19116877862748705,0.18537203568235455,0.1717567756425477,0.15128120540651716,0.12059667572506885,0.06644753228831657,5.548441065660652,11.547621159559922,3.558178272859071,10.435157299059348,9.324436855769974,8.115881920475232,6.755453352395681,5.406440922744853,4.891667237537244,2.062611176597816,5.548441037933592,11.546077825700298,3.5581498942253122,10.43340607635827,9.32259405346111,8.11406426873226,6.753759248987545,5.405095733928705,4.891215911023357,30.785197951425594,133.31191315712812,12.6604306697756,108.85596235418967,86.91075988562844,65.8380389571176,45.613263993284804,29.215059892934285,23.923993088248046,7.0,2
19704.676500653288,13.817908604050139,10.0,4340.237114681341,0.8082994182305532,91.0,364.0,-1.66,0.00090643795,0.002197802197802198,0.004395604395604396,0.006593406593406593,0.008791208791208791,0.01098901098901099,0.013186813186813187,0.015384615384615385,0.017582417582417582,0.01978021978021978,0.02197802197802198,0.9958295487093992,0.21978021978021978,-2.2285000000000004,0.4868535152601473,0.0008416532939000001,6.702858634401396,0.031722631519934666,1.3544204892992684,0.008804348540740154,1.3544204892992684,0.008804348540740154,0.056929475808689345,0.38116065871816884,0.3611407317435028,0.2436603301814984,0.3611407317435029,0.38116065871816884,0.05692947580868936,32.082778429603245,-102.91482109577149,-65.13829960611325,-9.120124048426579,-75.01745713936629,15.340221503083642,7.420878790570889,30.07506220820118,131.4358484768292,86.65142103243323,-16.203169949923907,46.14031277657084,32.68,0.4357370507498661,36.043956043956044,-1.169568863326805,3.728839375753642,0.825895221202583,-0.001563566316960354,0.00041848127,0.00042444235999999994,0.00055288723,-1.2105704999999995e-05,11.208791208791208,-30.79,103.0,16.0,63.47,104.0,9.89010989010989,6.580804002560562,750.4003983234984,0.04444659072619261,0.007111645506244532,12.854265582037783,-0.08469080349191066,-1110755.2249555779,0.6752569718125699,3.420002150606223,68.0,36.043956043956044,0.43956043956043955,0.962375570187595,-0.00025343261692624506,11.455143205787618,0.12592535481548128,0.11446351361193795,10.175630692781635,0.5180236839073177,0.597672651200097,0.6927922468539985,0.5009379828414752,0.4476741770666752,0.35142825616173395,0.36313128438629627,0.3318801921192995,0.2962793622304996,0.2457324146715988,0.1793177179262571,0.12516855656321277,3.1133572180473386,0.08228387217244612,0.051893632312427745,0.03464720908925508,0.023072852543151574,0.017222661358568415,0.014488646111234483,1.1786021387115353,0.014272210935968066,0.012251368790816178,0.011300304220898455,0.009801072107078443,0.01036349600696173,0.009340076142657998,0.004861388845998007,0.5644166486337895,0.3854632360621263,0.33143154608219466,6.47603968441003,374.95643042597266,41.93908999405356,0.08105413577200515,0.14047598669978095,0.008913168314130854,0.16979264930379764,0.1925936248053533,0.2048102003628384,0.20366503696309035,0.19033541310217963,0.1594587837738445,5.9302865830774625,14.304222549542587,3.895725683211051,13.013076743679289,11.71890970048828,10.367134586750204,8.85041172620265,7.135238328052659,5.857118516008843,2.051638920743428,5.929732640221043,14.30353275397387,3.8957154868214925,13.011968982176722,11.717327010196595,10.365111302905515,8.848068053311083,7.132699238621445,5.854947498214735,35.161729184502825,204.59104924400336,15.176599154260817,169.31133679312913,137.2957522638827,107.43553232161966,78.2883082760242,50.87539842863094,34.28041020685099,11.0,2
27397.161650620197,25.551859529142902,11.0,6034.617103660837,1.4927510232625179,91.0,364.0,-9.37,0.00047670849,0.002197802197802198,0.004395604395604396,0.006593406593406593,0.008791208791208791,0.01098901098901099,0.013186813186813187,0.015384615384615385,0.017582417582417582,0.01978021978021978,0.02197802197802198,0.9846896303828827,0.21978021978021978,-7.3774999999999995,0.0791708380285359,8.920346572,4.829829060008902,0.18797823068265154,1.6656941679084127,0.08851950171805313,1.6656941679084127,0.08851950171805317,0.228888284713772,0.6809273269983709,0.40886114677174823,0.3528128143292323,0.4088611467717481,0.6809273269983709,0.228888284713772,39.72316284121986,-116.07370455406198,-20.29232277599571,-47.26211378668577,-75.37290024564948,66.71699987249063,-75.19749784239747,25.11503534457953,147.89997079006838,100.91668890069285,-12.35342077968141,8.536867994573385,31.2,0.8532776777545904,32.30769230769231,-5.00093120025445,4.677162225651094,0.9031620059755373,0.002600665065792978,-5.88,5.11,0.15000000000000036,-5.321298999999999e-05,9.45054945054945,-28.15,90.0,16.0,59.349999999999994,89.0,12.527472527472527,7.759738532275115,753.7844216105062,0.7926899923950118,0.01722153299157431,11.65804707157932,-0.7006805396066115,-1157987.3074016818,0.6030708990702516,3.4139501625338236,77.0,32.30769230769231,0.0,0.9740736409377515,-0.00027850631380565646,11.378434472835824,0.20187063201758093,0.08219167207322363,4.328545722902951,0.408930701859536,0.5251754533995385,0.5972838474864882,0.43863531153557145,0.26812412943877945,0.19408975947242366,0.21619327823953488,0.25506911373637453,0.2549966782591548,0.2438988628639259,0.17626238237315345,0.11021862634690494,1.6528725564159823,0.06155399454006688,0.033730588110376936,0.014313795792461274,0.007624810719931073,0.009465307487721375,0.007799695189902427,1.132157152771423,0.006534119810969176,0.005310931973047313,0.00518216799114628,0.0037651267500476166,0.004715890323765085,0.005194452696803835,0.0022607982045402654,0.36004441205361254,0.24226197926375778,0.31995899975802916,5.933315196380245,410.03555071289395,35.20422921959674,0.06079965369050955,0.07330177250926921,0.005376005527844252,0.1166997174716381,0.15000310320380542,0.17001585577127085,0.17482119192571532,0.16458290529178074,0.1324156049577321,5.235451518700772,9.964663796848678,3.418240441236096,9.606158590004235,9.238450919388235,8.69930675965854,7.771623100006248,6.42088689048889,5.318398601335849,2.074741061912313,5.235098471545434,9.964394183008503,3.4182362137023983,9.605449704842258,9.237233052108978,8.697645239225794,7.769656566374371,6.418777214371738,5.316749927376197,27.406256006777333,99.2891514343737,11.684338812666509,92.2646640322542,85.32647445897456,75.64903270742711,60.367563159404384,41.2007009277378,28.267829790254794,7.0,5
23964.979152402335,24.263595406629026,24.0,5278.6297692516155,1.5212849085977016,91.0,364.0,-9.82,0.00050738208,0.002197802197802198,0.004395604395604396,0.006593406593406593,0.008791208791208791,0.01098901098901099,0.013186813186813187,0.015384615384615385,0.017582417582417582,0.01978021978021978,0.02197802197802198,0.9787719461497011,0.21978021978021978,-8.161,0.07754495794370202,8.685316954544998,2.9370242607807455,0.5238934257864473,1.5912050769731376,0.366278569774784,1.5912050769731376,0.366278569774784,0.5774532636989806,0.4628120852189471,0.18297514663065723,0.6927089207949063,0.18297514663065712,0.4628120852189471,0.5774532636989806,21.188234992917508,-85.27870557420157,103.71180642229159,85.36013181977734,-8.100187788079035,-15.032218160938445,-100.99143737210782,90.274076922097,-64.73597788876896,15.902651559313767,62.699445732918754,47.68107052976634,20.89,0.9322876455067488,36.48351648351648,-5.1571210291337515,4.169240949869454,0.6438484498779163,0.02555106600057265,-5.49,4.789999999999999,0.14000000000000012,4.855461e-05,8.131868131868131,-31.93,83.0,12.0,52.82,85.0,6.813186813186813,7.257429562278486,648.2476146606546,-0.05157712144173623,0.020250436479169662,11.916365624311705,-0.8422132385191592,-1013078.6705879609,0.5837004640836608,3.2431156758739226,75.0,36.48351648351648,0.0,1.0393176531256025,-0.00027309175030165446,12.430240125127888,0.1473854386145037,0.057622644767890537,4.221588324892822,0.4944633901555353,0.4281220841214903,0.3315476626498153,0.23616108386991583,0.15782793453853072,0.10145698561949525,0.09546185669482729,0.10534889602822389,0.09715566419769742,0.10159790242803256,0.08736138988514337,0.07725963638904645,0.511386840183925,0.06936850018430304,0.05493940030564447,0.04035831255263608,0.026889295985125666,0.016770049475421617,0.0119966645453646,0.4581496077581684,0.009846201515924262,0.008457442241609464,0.00684952497398675,0.006460388776210122,0.005857462460377029,0.0051500039027220675,0.002580786739323162,0.5176773253131458,0.5016439008479376,0.6207080891957847,5.106308504418837,292.307196244574,26.07438654230014,0.06868970728280654,0.28631200089918313,0.021120475691849713,0.24884387697129126,0.21683746857588498,0.1935531809710397,0.179706477443892,0.16368340154810274,0.12425851730169385,4.400191953846727,7.819057419844067,2.4905868867891345,6.927573358003309,6.150208846926391,5.621680238104394,5.449798757818586,5.512146797253615,5.356070920119015,2.080929112079011,4.3996557768546944,7.813813689419504,2.4904973330948463,6.923102581603941,6.146385146818678,5.618347253919917,5.446835051907273,5.509715968952567,5.3546293543272006,19.356970954810887,61.05568437295965,6.202576966152542,47.92934935541115,37.77805037303325,31.565825865629474,29.668012082685706,30.356970058530923,28.672055522222536,3.0,5
25000.397058060895,24.10691245661941,22.0,5506.695387238083,1.298854208353892,91.0,364.0,-9.59,0.00053883678,0.002197802197802198,0.004395604395604396,0.006593406593406593,0.008791208791208791,0.01098901098901099,0.013186813186813187,0.015384615384615385,0.017582417582417582,0.01978021978021978,0.02197802197802198,0.9830082744622524,0.21978021978021978,1.5820000000000007,0.08432869981160039,8.780393231129999,5.463178000107574,0.20649399508191119,1.6484396692333387,0.13496711133877137,1.6484396692333387,0.13496711133877137,0.2825946322308234,0.5724971971424715,0.5962489753226623,0.39649295379886196,0.5962489753226623,0.5724971971424715,0.2825946322308234,33.67597969490076,-122.9671046144372,25.50511540518479,-50.96048455794779,-86.31145486812731,43.89077352775571,-12.794734566801703,42.228299306982024,148.42729926337933,42.361093973998145,79.35099580548889,-12.146191154284633,28.51,0.9425416991032146,33.40659340659341,-4.837127133967789,4.450635111418596,0.7548166942914449,-0.007069160651696097,-5.27,5.27015538571,0.11000000000000032,-1.124981500000001e-05,10.32967032967033,-31.33,85.0,14.0,59.84,85.0,9.230769230769232,7.412552030180553,695.5970704454153,0.7773984002071734,0.020669650438934883,11.934041997458385,-0.7136748667413512,-1076771.9648717241,0.5838073891243775,3.2585943048001167,83.0,33.40659340659341,0.0,0.9094200166567927,-0.00027272123938050394,11.515139259039906,0.15616909809487456,0.13355842465542128,2.452830942253988,0.42107432096365394,0.3395213430747325,0.32705801384014377,0.2593868578711005,0.25736455423748017,0.24903835290598975,0.2623372376259679,0.23511923443825258,0.20243613416760506,0.16751309156499503,0.12145731063007324,0.07721153944139998,0.7966086522199517,0.03536676265222939,0.01760683892215794,0.009021927320233422,0.007422825347310543,0.004931815020306876,0.004368846853299125,0.44666095184264076,0.0033571768674326846,0.0038021159687634154,0.004196350597412244,0.005910185599297542,0.005825720253567912,0.006304323351105865,0.0022752016976487315,0.27701194623460196,0.1587918938015619,0.2384878565111529,5.616772088127344,342.686779208316,31.5481286899664,0.08115485537381721,0.1418429819832121,0.01349513923413218,0.07024082378675292,0.002408077424996566,0.05680297348933311,0.10053708559690651,0.12556980665917125,0.12804031036939906,4.77230401113124,8.868874740170117,3.360721164893958,8.221360029271393,7.552778692857325,6.825678540902403,5.980923611523251,5.007700666651205,4.408473607353732,2.069450494104472,4.771613926556567,8.867740395686473,3.3606940695908714,8.221059965574698,7.552778308969669,6.825442180982733,5.98007855644857,5.0061260661747715,4.4066138049135795,22.768299464108576,78.63681972528968,11.294264629383251,67.58582695757507,57.044460184442734,46.58666096593832,35.76133954129601,25.061298190434496,19.418245225654932,4.0,5
26263.90984710578,24.65614268562645,24.0,5785.002168966031,1.3039970242666872,91.0,364.0,-9.47,0.00039374439,0.002197802197802198,0.004395604395604396,0.006593406593406593,0.008791208791208791,0.01098901098901099,0.013186813186813187,0.015384615384615385,0.017582417582417582,0.01978021978021978,0.02197802197802198,0.9785279027963063,0.21978021978021978,-8.192500000000003,0.0672028319856703,8.740268503385,6.92936180060838,0.27484971704380917,1.8655091957271648,0.009848925737690528,1.8655091957271648,0.009848925737690509,0.3091659749065042,0.537955936698743,0.6458067828658993,0.31125688425712783,0.6458067828658993,0.537955936698743,0.3091659749065042,50.277165138708625,-150.839741258816,90.94213150215072,-91.96532608877645,-76.58428362028734,5.476046721649421,14.371118774158306,-7.5019458353904875,150.396188935633,56.34762805916551,70.26169626901387,-34.07266877570621,28.85,1.033194663275199,31.428571428571427,-4.9164515712684835,4.5494690287487565,0.7581820676406301,-0.011012737577599132,-5.91,5.029999999999999,0.13999999999999924,-3.06281e-05,10.769230769230768,-38.5,87.0,17.0,67.35,86.0,6.813186813186813,7.597557422280392,700.2843404291548,0.7006323096133262,0.019954033085252006,11.841257543092532,-0.6855425522893542,-1141345.711502327,0.6021373093369436,3.124798748876383,81.0,31.428571428571427,0.0,0.8127694397576861,-0.000274666075765789,10.884479706046653,0.13958443809524435,0.17666238719075106,1.6329659443241613,0.4056147842441871,0.4451201910821725,0.4333019856149854,0.38977202324725924,0.38625498375278616,0.3697768664016533,0.34099136919514267,0.31813302226582596,0.2650068707166248,0.19283007318331927,0.12085552287571268,0.06756353893470472,0.6642370846019622,0.02930891206173334,0.010315847338618931,0.002979057190838511,0.0016426963335408325,0.0019907544388616787,0.001632473298186678,0.41233014811773316,0.0007859848035456317,0.0005210504570810457,0.0007201981812121573,0.0009971359966952666,0.001013642717113692,0.0014174448804594036,0.0007140472142501594,0.17229743585425888,0.18371219103819272,0.3176598641196309,5.7923555426285365,344.21465870884606,33.55138273221952,0.09187918195926746,0.1343234013084694,0.017802334884297284,0.07147456030140097,0.011041559836772978,0.043554292637149314,0.08778448512992809,0.12018507911662488,0.13425212668573372,5.4076995295325565,7.977890215403182,3.7277951521021606,7.537958942444862,7.093148615547626,6.587164757284579,5.942008009062666,5.169665563981014,4.855793987903195,2.0924867893750343,5.40691893943576,7.9767593365280085,3.727752643739796,7.5376200756746945,7.093140021612543,6.587020765354007,5.9413595299338136,5.1682683357357595,4.853937743671335,29.234772417629127,63.62868951288676,13.896139772909038,56.81571640521418,50.31263536620158,43.38884256320488,35.29975306393534,26.710997590168873,23.560711619437175,4.0,5
26738.353460330334,24.59098619930618,20.0,5889.505167473641,1.549284219250277,91.0,364.0,-9.41,0.00055734666,0.002197802197802198,0.004395604395604396,0.006593406593406593,0.008791208791208791,0.01098901098901099,0.013186813186813187,0.015384615384615385,0.017582417582417582,0.01978021978021978,0.02197802197802198,0.9822005350129127,0.21978021978021978,0.857999999999997,0.0910205262291021,8.61044928812,10.938517055463668,0.3366426285563128,1.4372137011688582,0.4822515747775791,1.4372137011688582,0.4822515747775791,0.4229789251826819,0.21113490370820653,0.40053446707667584,0.06298703324800461,0.4005344670766758,0.21113490370820653,0.4229789251826819,18.741303469528606,-29.841311868773037,56.06027422731928,41.03344179423441,-23.332799286630372,-62.623753909743584,37.7375157813647,-85.8572059720352,5.4602766768813265,6.881222498197032,40.07237341486896,21.111014616913987,36.19,1.0923825240865528,40.0,-4.473430624445762,4.673401816545554,0.7117922045022554,-0.04066000859154182,-5.68,4.960000000000001,0.10999999999999943,1.4830984999999986e-05,7.472527472527473,-28.05,97.0,15.0,64.24,98.0,11.20879120879121,7.66587320536454,682.8541560024192,2.0817864824630163,0.02150420883715447,12.028065169068052,-0.5632793895829553,-1187785.6791373638,0.6080100467855651,3.414702102613569,85.0,40.0,0.0,1.1628442955098564,-0.00027075043849089225,12.658794702292427,0.18114184518656584,0.4230033454261428,2.1671295816505034,0.31018694774086136,0.23265134280466496,0.19194963292360423,0.11696982287972132,0.09979096445550638,0.06655297149600437,0.050431397811032744,0.03711859735650619,0.03037437926340762,0.023663714068908413,0.025892832417255707,0.022016318727591633,0.6547236581996154,0.02506331926898488,0.020851921130042958,0.019395428784023887,0.015057998734016274,0.014900967098173581,0.015627609748692536,0.7191036980408096,0.011606830554361815,0.011036161850182448,0.009145931395652996,0.009463853252500544,0.007704578845681726,0.00792780142733189,0.0041886352197409524,0.6172666294267567,0.5042419048747839,0.36767586797805873,6.225273524030635,323.153660844024,38.7540304489968,0.10452100559584297,0.1968865882034923,0.0380499528908514,0.16213426938766076,0.12396992922876034,0.07947780088060692,0.025967861766370753,0.03486864683547763,0.0899954932987691,5.8644711426274245,10.203201627852412,2.8308546047418264,9.599928920256048,9.167392858948261,8.949796308652367,8.85167911686827,8.600520123063536,7.778130028671656,2.0828038912307467,5.863539642749851,10.201301835059862,2.830598875551427,9.598559670734907,9.166554602845205,8.949443404231054,8.851641026281913,8.600449439691433,7.777609372687063,34.38109714209905,104.06655912999571,8.012289994273004,92.13234775265862,84.0257232869426,80.09253724553471,78.3515488581571,73.96773056468868,60.49120755410965,4.0,5
26931.8651456362,25.764847593582004,22.0,5932.128886704008,1.4588315356245416,91.0,364.0,-9.89,0.00040916232,0.002197802197802198,0.004395604395604396,0.006593406593406593,0.008791208791208791,0.01098901098901099,0.013186813186813187,0.015384615384615385,0.017582417582417582,0.01978021978021978,0.02197802197802198,0.9816368389169677,0.21978021978021978,-6.9785,0.08193875985924362,8.755265468065,7.536466887969841,0.2513573455603,1.7293052674728335,0.23595649501761345,1.7293052674728338,0.23595649501761345,0.2616533314009609,0.6136515072678057,0.6132671633685134,0.2318873740381826,0.6132671633685134,0.6136515072678057,0.261653331400961,38.41318111747763,-102.44432840415176,78.86580627596253,-74.20823369751083,-110.09426402337623,23.411207997059403,-51.40674703265916,-37.88498809586559,201.65126904222893,90.30090677632671,47.6272775605764,11.043350796557203,32.73,0.9149306550014523,32.967032967032964,-4.990284429872591,4.527190170563753,0.7110606776630618,-0.04164989418647577,-6.29,4.239999999999999,0.15000000000000036,-0.00012520238,9.89010989010989,-28.36,93.0,15.0,61.089999999999996,94.0,10.54945054945055,7.693563050238273,677.841447358323,1.4611510664356904,0.014503336565309992,11.508596874439442,-0.7373785139899115,-1116075.2249407808,0.5653712107193305,3.606794579032474,76.0,32.967032967032964,0.0,1.0232751969236267,-0.00028163890948854504,11.263697158050388,0.19368431311353307,0.13929324060869303,4.2019415524595845,0.3833986540991706,0.4351792807051934,0.37541151124661704,0.2914711245424933,0.22876165278992538,0.19499556783412647,0.17327247282062005,0.18000230743063123,0.17985062240824518,0.13748921511788828,0.10092896882822538,0.06663815250305621,0.6335872299207367,0.04046262932907068,0.020692380916009376,0.010277539048361574,0.004025290401839838,0.0024359747928480034,0.003550793175311126,0.44183780008078066,0.004832662771793449,0.003961919577886945,0.003011051151554944,0.004465638768176816,0.005236295146357965,0.004586104579597141,0.0015282272729748973,0.2378267216159749,0.29730871259918235,0.39677735644415046,5.8555933701857095,322.82154765903005,34.28797371696284,0.12004734984820964,0.11699672860582831,0.034829312591156104,0.14893934727851496,0.17319060181081228,0.18637344567187678,0.18687410205802882,0.1802681657359333,0.169715754051373,5.449318219088686,8.56712817226088,3.275034876024165,7.987015149112825,7.363592791731595,6.640278076961761,5.77638159671478,4.939671921762448,4.922578823112463,2.076817442595978,5.447995749510668,8.566329253854395,3.2748496695511147,7.985626341307863,7.361555801451614,6.637662079235984,5.773357984816565,4.936381476655803,4.919652308098821,29.680657686686306,73.38199688544158,10.724640358159045,63.77022806299001,54.19250381788591,44.05855787812737,33.33166242084519,24.367862083070523,24.20297883258206,4.0,5
23244.650352190583,24.121492064877135,28.0,5119.967037927441,1.5619169804846218,91.0,364.0,-9.75,0.00048495915,0.002197802197802198,0.004395604395604396,0.006593406593406593,0.008791208791208791,0.01098901098901099,0.013186813186813187,0.015384615384615385,0.017582417582417582,0.01978021978021978,0.02197802197802198,0.9815148172402703,0.21978021978021978,-0.6935000000000002,0.07606454622049988,9.04535393284,3.2852653920994443,0.4071425958715782,1.344587893855632,0.6729609825865085,1.344587893855632,0.6729609825865085,0.6865980203097435,0.3286162508203703,0.45414216533008145,0.1587437303180126,0.45414216533008134,0.3286162508203703,0.6865980203097435,3.2579038057501934,-15.064482917270306,92.62083482978188,34.87299198681932,29.031315589176092,-66.06463944376416,-34.407348667393485,-76.52091542690228,55.730653574944235,-10.836250983099738,26.734336814552403,41.83411571542051,27.38,1.150433570761123,40.879120879120876,-4.90644034061879,4.318642957369625,0.649453238544452,0.02528800463625551,-5.79,4.840000000000001,0.11000000000000076,6.107539000000002e-05,6.153846153846153,-15.81,89.0,15.0,43.19,90.0,12.747252747252746,7.147527099017401,647.2975089433924,0.7340719500087354,0.017702149361022664,11.526311393979398,-0.8726793641315427,-951409.1394075655,0.500235038147692,3.2391671132773525,86.0,40.879120879120876,0.0,1.1819349368198804,-0.00028126759898847674,13.366911089344846,0.16321734272668997,0.018776818519160472,3.712130941965523,0.3373668499353217,0.2239406959367598,0.15423969670441182,0.09434243381387021,0.048267368983191276,0.028492901872397166,0.010133576990318914,0.009390104252840674,0.0149001386538304,0.022504512117170302,0.02231189464261574,0.02684023767203115,1.3133645560598728,0.035558401645478514,0.03451044260405308,0.032334812566463554,0.029822771648236563,0.01978442177766384,0.014455792401226557,0.8039664783069108,0.013589516695436423,0.01306286041191451,0.008963253998820727,0.00966122351468203,0.010493476927323732,0.009633124483747082,0.003935548717891881,0.384556552040378,0.39277108841665914,0.4093594824174768,5.197498130363941,294.8517702991812,27.013986815136665,0.008845431056394955,0.05331132840190609,0.017386239492408504,0.09398145577249255,0.12805132956704868,0.1494642201495082,0.1473141595350185,0.11150516178810636,0.04783514925304333,3.918187277370978,8.132202185851945,1.8000574605191404,7.569945977228463,7.0619328271878485,6.614173129378052,6.198306379970965,5.7783542920627164,5.211383110849153,2.0663630697157287,3.9181772929388,8.13202744054883,1.7999734942067702,7.569362561281383,7.060771778829102,6.612484149869984,6.196555536617844,5.777278331835348,5.211163567432875,15.352113298901223,66.12987029383916,3.2399045798469297,57.295249584128264,49.85449811270947,43.72494663228177,38.397300518389265,33.376944923494214,27.156225726539727,7.0,5
28928.051651516827,24.37001795587386,18.0,6371.817544386966,1.3999835683820274,91.0,364.0,-10.98,0.00099523346,0.002197802197802198,0.004395604395604396,0.006593406593406593,0.008791208791208791,0.01098901098901099,0.013186813186813187,0.015384615384615385,0.017582417582417582,0.01978021978021978,0.02197802197802198,0.9900436185201195,0.21978021978021978,1.0845000000000056,0.47755154544700956,9.400832261045,1.3423374286251173,0.198642605377003,1.3124422114205876,0.13668986252785487,1.3124422114205876,0.13668986252785487,0.07159585673742433,0.6885366987360846,0.42866637897320525,0.5420787975324783,0.4286663789732053,0.6885366987360846,0.07159585673742433,16.820306348882486,-104.61397456404636,31.145408705228267,41.085898846641484,-114.50318457877002,80.8465170377593,13.706808140053214,79.8214254160473,48.53892275784193,120.90137927564611,27.755132926165654,1.2045531839632448,31.68,2.0450790699452908,38.9010989010989,-3.2597847732204923,5.882064183417272,1.0184564570218195,0.024825211758149824,0.00011447103,3.58988552897,0.2799999999999998,-2.2728544999999953e-05,11.428571428571429,-36.31,77.0,15.0,67.99000000000001,77.0,7.032967032967033,7.973589875196691,781.8408965703054,-0.0881765014510508,0.012557955989652581,13.093466511650114,-0.3558636984846826,-1161317.1393095572,0.5527155740193723,3.2239813216187976,78.0,38.9010989010989,0.0,0.9166997573917137,-0.0002484187740957456,12.443593323200309,0.23062187567021997,0.12276645548109019,17.209648878779074,0.5626018654826143,0.5524318861841555,0.6238332272347162,0.5869034835284961,0.530633685847885,0.5139112213938936,0.5283882545310353,0.48542746759882616,0.393628033039836,0.24424375277308844,0.12911951514076273,0.056010500918265205,2.5872691754763673,0.027275543463589257,0.01715626529382473,0.016721930023390032,0.015046018640035116,0.01142145342798512,0.010353552961185905,0.6758000285836316,0.009973998217537807,0.008865425168798007,0.00880014467023374,0.009695731957641462,0.013349336949483618,0.014145824442932345,0.008039025303262191,0.5024875346936013,0.37467015624253225,0.4244384396759051,7.276808279054699,462.37923148790605,52.95193873011902,0.06304537577934176,0.1896509506116253,0.020425074226502398,0.15379018128302052,0.12490879410687768,0.10437897156955317,0.09072678361680131,0.0810349051715227,0.07652992961413294,5.111159251800226,12.839597822444599,4.080487970601103,11.026566394352887,9.345956615740896,7.861110066730556,6.5982872118795015,5.492472290411623,4.746763093941748,2.0590751665481637,5.110770409425167,12.838197099244745,4.080436850946618,11.025493867814419,9.345121874885622,7.860417069821841,6.597663433457873,5.491874470987418,4.746146125002968,26.119974177855887,164.8193047590562,16.649964894563148,121.56151502921335,87.33130285646578,61.78615651154657,43.529162781187125,30.160685205083336,22.525903039880692,12.0,6
28195.128060251525,23.03890782313846,16.0,6210.380630011349,1.3215661508500645,91.0,364.0,-10.16,0.00098686131,0.002197802197802198,0.004395604395604396,0.006593406593406593,0.008791208791208791,0.01098901098901099,0.013186813186813187,0.015384615384615385,0.017582417582417582,0.01978021978021978,0.02197802197802198,0.9945239901860655,0.21978021978021978,2.643500000000003,0.42858756336912757,7.99089569592,4.224892866398668,0.1824524049371951,1.62361924028942,0.12867843222049152,1.6236192402894196,0.12867843222049152,0.04551041016149041,0.6477365598042933,0.3712843658069623,0.46278838085749446,0.3712843658069623,0.6477365598042933,0.04551041016149036,40.177791443288584,-115.79091974241716,57.781499545656324,6.640601111457057,-140.7307685272134,15.167920461356616,-38.09860607820223,48.99634924099945,62.255241874192315,174.69237627687298,39.6741071135457,38.55975732605672,37.46,1.7871147486804762,33.40659340659341,-2.8968218068151455,5.5701949978045455,0.9166146633478173,0.023634540142171787,0.00014027849,2.88014027849,0.20999999999999952,-6.109403649999998e-05,11.208791208791208,-39.91,80.0,14.0,77.37,80.0,4.175824175824176,7.871932063866863,748.9855966029525,0.21730116489322332,0.007770942044480756,12.171821285054245,-0.2969899515331356,-1263086.2363186136,0.5889570572560155,3.799006427047441,81.0,33.40659340659341,0.0,0.9994143930285313,-0.0002677371953038946,11.035544201664518,0.2023763855416577,0.11726807740009305,15.52011863417904,0.9953643817263613,1.2177765279615715,1.2178521470177608,1.1400705554472328,0.9479254670897977,0.705459698528665,0.5157388404977189,0.3733376263699157,0.25726835885581006,0.18103325137562243,0.13275653812948182,0.08297547142041198,2.117889296780161,0.05748193688725446,0.030104576546228518,0.021043290788314614,0.014497219883488129,0.00929663580507116,0.0067021807647088556,0.7335901927516355,0.008210669663028948,0.00999902762288158,0.010752698679316266,0.008833059211092367,0.0069358150656383295,0.0076768051297966145,0.003838936393137042,0.1433144051678874,0.3411622126599639,0.6160401600000527,7.319544920122797,416.14305715990906,53.57573783769545,0.009906944414187031,0.23018871929448176,0.016683912116181407,0.23127276101171482,0.2246754784147922,0.20982441109615468,0.18494548572447372,0.14125432492503925,0.06475975265228937,6.9009676011197545,12.085729611207636,4.360936722575266,10.437706885513185,8.938647405141428,7.562280422028554,6.296746157956248,5.387538584564058,5.779454326272762,2.0550826466632226,6.900960489972167,12.08353728792735,4.36090480810829,10.435144365934923,8.935823317570724,7.559368948391427,6.294029499855154,5.385686512957885,5.779091492951929,47.623255684156895,146.01187338873063,19.017490745382002,108.89223793790335,79.84893836284066,57.14405889790451,39.61480734504692,29.005619215856463,33.39789848390936,11.0,6
27282.636941295423,24.58827858046039,20.0,6009.391396761106,1.528593423440603,91.0,364.0,-10.19,0.7,0.002197802197802198,0.004395604395604396,0.006593406593406593,0.008791208791208791,0.01098901098901099,0.013186813186813187,0.015384615384615385,0.017582417582417582,0.01978021978021978,0.02197802197802198,0.9878644435254951,0.21978021978021978,0.5774999999999988,0.4498093043436272,9.430847713624999,1.650288495800842,0.1550376581085047,1.5147276823905274,0.3019665657008151,1.5147276823905274,0.30196656570081515,0.36679796546858634,0.17489801407825015,0.68577983675978,0.38280988851941916,0.68577983675978,0.17489801407825015,0.36679796546858634,31.989398577352112,-82.70795524314369,35.141644696612865,-36.53528388088152,-74.39099372906993,-126.64038704368328,150.02398547133203,-21.447554393951243,96.88619131530898,72.9968589340008,91.92478155455181,-41.95242616189044,32.23,1.9147577622983876,36.92307692307692,-3.2994425811981447,5.712826985703559,0.845723418477313,-0.03931582135944936,6.9858878e-06,4.1799930141122,0.25,-3.644445000000005e-06,9.45054945054945,-25.32,72.0,12.0,57.55,75.0,3.2967032967032965,7.743503046517029,705.387325508044,0.29888829622438,0.008277674659584103,11.521891820757524,-0.41887330030917735,-1153593.1954687235,0.4991296691310051,3.5888984392633976,73.0,36.92307692307692,0.0,1.09187404994801,-0.00028136023677859025,11.535077793082241,0.29063088819735383,0.204662827592168,12.841561689848561,0.33219294108557534,0.33979255719545964,0.2986467800258086,0.20268180830263127,0.16005472578726665,0.16134798731345246,0.14533230017491636,0.13147589817555777,0.09706028327198067,0.05856535071202194,0.02767418407295361,0.013527516451516,1.4371175618096796,0.00561150820939294,0.0021031106698023005,0.0036042116218934425,0.003653415360743217,0.0038918601608713254,0.0028719827900954716,0.6932204303898546,0.002935566755583432,0.003954371503811123,0.004826843531205789,0.0032665961685885325,0.0028210402535026827,0.002208795503071102,0.0007017753215580641,0.2705041302005036,0.426633370430817,0.4802544698440025,7.005392072168054,383.9584319887001,49.07551808479503,0.10983483384829916,0.06145272336070021,0.03337121469206759,0.009129560519935695,0.038578797964470134,0.0771560485052332,0.10143272026121193,0.11394189555603453,0.12456177513395919,5.361069941467372,10.934319019434867,3.2847376147479306,9.870240526911125,8.91770278887308,7.932028750506381,6.801027618646656,5.598108279749727,5.001410142311184,2.0588206584354602,5.359944703686643,10.934146330718582,3.284568093337372,9.870236304679008,8.917619340778254,7.931653487327778,6.800271176420467,5.596948593317571,4.999858775584431,28.729007226578492,119.55555598156663,10.788387559769902,97.42156471020351,79.52393470702236,62.911127043038896,46.243688072855,31.32583355623954,24.998587775788646,10.0,6
24253.26854455295,22.614928997813937,19.0,5342.1296353640855,1.638433156174605,91.0,364.0,-9.57,2.74,0.002197802197802198,0.004395604395604396,0.006593406593406593,0.008791208791208791,0.01098901098901099,0.013186813186813187,0.015384615384615385,0.017582417582417582,0.01978021978021978,0.02197802197802198,0.9866809066788588,0.21978021978021978,1.2559999999999967,0.5388802465980755,8.310933160705,1.1533670243423257,0.2408960106509771,1.0813032714521689,0.2924741143037532,1.0813032714521689,0.2924741143037532,0.420730478369489,0.45806922606421707,0.3232117534208374,0.2508758973469169,0.3232117534208374,0.45806922606421707,0.420730478369489,-6.005447069336441,-65.44144054439371,96.70273849134861,76.63471868340719,-8.834506025353068,27.675266662951085,3.5734196426651805,-12.875679850803989,8.956728879604,47.375421987657866,47.27365683506007,61.90280550894218,26.24,2.203634291764488,42.857142857142854,-2.491476396062376,5.469921764839107,0.9918820953352202,0.026234978018612274,0.00014654218,3.56014654218,0.26000000000000023,9.1596894e-05,10.769230769230768,-29.28,74.0,11.0,55.519999999999996,76.0,9.45054945054945,7.300951096337065,772.2233562142081,0.06362600519348849,0.007888143197621296,14.98535548206953,-0.27298175876131314,-923475.3635172795,0.5362121444870657,2.4395116338937846,74.0,42.857142857142854,0.0,0.7394347728012368,-0.00020876326788257278,13.95243386790955,0.3431544015117327,0.06609409090454961,13.586705722291594,0.5273480606057714,0.4829644645451645,0.26539106983049965,0.25628866795966215,0.17544235072307368,0.16883413531204514,0.12339870111855539,0.1744858673832118,0.17895716675297688,0.17992092430285253,0.17476513706607227,0.13275837940993904,2.0257164171685047,0.11538544229542215,0.08225244094178127,0.05878958012594643,0.04482566304572153,0.03512378283864615,0.018353153279670548,1.065403322245631,0.020003692151110006,0.011544996715088341,0.015492244533120574,0.02015279926262775,0.02598460024317369,0.027635630065038008,0.018620943016866884,0.8689864152557378,0.7550952734118465,0.7263801884725055,6.862684043358649,450.31447128218997,47.09643227896942,0.02310339714001059,0.009902948868740508,0.01880333894040604,0.03743313697456069,0.058644425829313486,0.06667373868645689,0.05374043865522004,0.022516944839571836,0.007003923017846455,4.754146371088721,11.215552420153323,3.3067637714137046,9.716169024478358,8.500587248988303,7.621457516299848,7.053506052003959,6.6024915285002015,5.930269134909753,2.075552362646913,4.754090233764673,11.215548048170039,3.3067103100179307,9.716096915556625,8.50038495651707,7.621165874414034,7.053301325684988,6.602453132822075,5.930264998929274,22.601373950776644,125.78851802081077,10.934333074378879,94.40253927248897,72.25654440898171,58.08216928533302,49.74905959090961,43.592387371112025,35.168042957525614,13.0,6
29956.295050935398,24.699829406906698,17.0,6598.302874655374,1.5840314294628244,91.0,364.0,-10.78,2.57,0.002197802197802198,0.004395604395604396,0.006593406593406593,0.008791208791208791,0.01098901098901099,0.013186813186813187,0.015384615384615385,0.017582417582417582,0.01978021978021978,0.02197802197802198,0.9853753481555251,0.8791208791208791,0.3460000000000001,0.5605506929625929,8.184999999999999,1.5543829028327956,0.1741983476684466,1.490816330164133,0.08915986844034325,1.490816330164133,0.08915986844034325,0.132907527948807,0.44145960302273163,0.5752194591402087,0.09444999466838107,0.5752194591402087,0.44145960302273163,0.132907527948807,31.03099645542737,-96.8812012969686,49.15104854337767,-19.069402724657948,-81.75648329031971,17.55444923678884,98.68689575200581,-81.18634661153723,96.9979038523219,62.057425682381925,-55.04485427336516,60.14963612229696,29.38,2.039718110422389,37.14285714285714,-2.428278513332979,5.954570123692584,0.9747662920873723,-0.01541702315936124,0.00017538238,3.7201753823800003,0.2599999999999998,3.0379900000000065e-06,10.10989010989011,-35.14,73.0,13.0,64.52,74.0,5.054945054945055,8.11406255219646,764.7855402150215,0.09910912947882819,0.007552925386766409,12.52571186730663,-0.23365939914052258,-1237213.9126320048,0.5436979271106738,3.246687163167273,75.0,37.14285714285714,0.0,0.9326933497865268,-0.0002603193656094905,11.665386348511394,0.3196728286880638,0.13678245651503876,18.78442526018766,0.3476202290379183,0.2861310273367881,0.4005653729369356,0.4597639203953194,0.5578584267869628,0.5423496768265824,0.5172029439127008,0.4636219254982314,0.34168270503082143,0.2572368514158528,0.1750674391391955,0.11318701368398579,1.4146113991846785,0.0694413738697904,0.0359730410758202,0.02772958860241925,0.020559460478093417,0.022547325385162027,0.02018062048789888,1.9319125478978882,0.024148516413252774,0.022176303600542926,0.017971313653050144,0.014562533265850362,0.00950319710473461,0.00915330467130974,0.0029270810965759332,0.6229379044241884,0.6014506544318882,0.2750960773410297,7.742187969988994,442.543896607667,59.941474562642306,0.08995085224983934,0.013099192200172544,0.018215737010146584,0.03896982254090587,0.06401825885621738,0.08803853470298234,0.11037443034138952,0.12993367182488758,0.1365428723486348,5.677936130355381,14.0213173347667,4.07259676727026,12.294581519689789,10.806863746159786,9.55917167559088,8.449889114921836,7.334502044996823,6.25045692843353,2.0424909889076153,5.677223577117124,14.02131121590962,4.072556029780971,12.294519758706674,10.806674127158445,9.558766256155984,8.449168215842395,7.333351040894517,6.2489653430158745,32.23086754457456,196.59716821339288,16.585712615705344,151.1552160972288,116.78420569059573,91.37001233982629,71.38844353960135,53.778037488988694,39.04956785821351,10.0,6
35091.164536046104,27.847337107029535,18.0,7729.331395604869,1.5823854960411,91.0,364.0,-10.96,2.44,0.002197802197802198,0.004395604395604396,0.006593406593406593,0.008791208791208791,0.01098901098901099,0.013186813186813187,0.015384615384615385,0.017582417582417582,0.01978021978021978,0.02197802197802198,0.980894976489579,0.8791208791208791,1.0380000000000003,0.535698434247992,10.21,2.41623942448639,0.07478727365746714,2.00475250529575,0.08962798369220462,2.00475250529575,0.08962798369220466,0.010950487049122307,0.6400854876216242,0.4372312321294343,0.3455532630173757,0.43723123212943416,0.6400854876216242,0.01095048704912227,71.26492834442604,-125.63719562210981,40.76503644535894,-137.1836220564258,-167.54580962655047,81.05755084831951,-20.779100173896413,4.449577118535585,36.27567796798219,102.98547801588799,-37.56444931168642,45.687298306755835,37.14,2.167859973660917,27.912087912087912,-2.961309313342311,6.426434501501738,1.0213576914312628,0.02238043298314976,6.4616033e-07,4.58000064616033,0.2950000000000008,-5.5514694999999985e-05,9.23076923076923,-28.5,73.0,11.0,65.64,75.0,3.516483516483517,8.781995134407708,775.1428809687047,0.49258399708010986,0.0057291847194567095,10.717165431521845,-0.297222343370768,-1439455.4315002288,0.5350463182587832,3.9163583134772733,71.0,27.912087912087912,0.0,1.005941370201344,-0.0002982279456278917,10.024051042888306,0.2376206719021695,0.18516466009624005,14.635113826073974,0.9746099643211228,1.163620956931312,1.2048682921497122,1.1532750526339561,1.0084263244950002,0.8162082202182596,0.5856439628915587,0.4175591031095401,0.2747374165317049,0.16623028224377498,0.08637178291648226,0.039162942560119776,2.348751608716681,0.01364266142702737,0.004906666241321077,0.002690047113191757,0.002166347647432708,0.0007493019938928866,0.0007865823699914068,1.8150913803186903,0.0012764577680428148,0.0019004527507495285,0.002965055065431211,0.0035211516927689188,0.003245372351188275,0.0022076396483763144,0.0010879628575274603,0.5131774902875638,0.3463695468125425,0.40353600150207225,8.267652973575556,463.6963919097933,68.35408569147275,0.039933831080889284,0.32095273918684375,0.017457004250870035,0.30554809117890347,0.2760549205897251,0.229593175110405,0.1635776780814056,0.0782502666269245,0.007742742584536338,6.517849028796597,13.89839093909364,4.290111777391845,12.213485325450305,10.72656537559764,9.386056593389034,8.11278222279524,6.921754351957565,6.313466103766582,2.048938228812225,6.517726693512083,13.894684596459491,4.290076259872171,12.20966273731453,10.723012563537743,9.383248123557454,8.1111329503181,6.9213120291326495,6.313461355971608,42.480761251319954,193.06226003508866,18.404754315518797,149.07586415896694,114.98299843778828,88.04534534824448,65.79047773773598,47.90456020461631,39.85979429334686,9.0,6
32547.365838058002,26.99905321744968,19.0,7169.023312347577,1.496465202005491,91.0,364.0,-11.37,1.05,0.002197802197802198,0.004395604395604396,0.006593406593406593,0.008791208791208791,0.01098901098901099,0.013186813186813187,0.015384615384615385,0.017582417582417582,0.01978021978021978,0.02197802197802198,0.9891700020488288,0.21978021978021978,-1.977500000000001,0.49644122803867297,9.495849133165,1.0368052878593916,0.10403246341052641,1.901556611617598,0.2785686689685716,1.901556611617598,0.2785686689685716,0.14862368202602974,0.4074080565161071,0.46398833607331913,0.588817143760624,0.46398833607331913,0.4074080565161071,0.1486236820260297,63.346581855880174,-93.74417754710868,60.93650520694344,-39.79047700769655,-158.80238495614506,6.199349804567215,14.320574928496407,90.99074019200255,-44.39618039746422,41.47554218323315,157.22910877666007,-204.56512813594438,29.84,1.8616366058562819,28.35164835164835,-3.494677758430477,6.228174815628457,0.883952048588863,-0.04856659900799564,6.3419966e-05,4.619936580034,0.2699999999999996,3.7933995999999995e-05,7.252747252747253,-28.01,74.0,13.0,57.85,74.0,3.2967032967032965,8.457698987996443,723.2384721913153,0.2890986863954227,0.010514043701737119,10.030076742711683,-0.41708899053270704,-1359269.8172591487,0.5032610062310077,4.5013805121489865,71.0,28.35164835164835,0.0,1.2232615848098065,-0.00031262987417345116,10.105072821041139,0.2872870160420222,0.1950690914748702,12.660021771194694,0.6188648218446405,0.3703612901973,0.28212685788087044,0.18961456141382912,0.12198780131883179,0.09909530334322054,0.08144423136329994,0.07865229100146691,0.06994329781477443,0.05718038425544371,0.04661313034335661,0.03332817458701846,2.770012574359763,0.020898282837279656,0.014618419138312801,0.009837173228660016,0.00416908857175535,0.0025264129642061915,0.002146990894222309,1.5966273847977213,0.0017536589666898074,0.0016421620768779694,0.0012685595488581545,0.0012408907761778996,0.001086672187528647,0.0008188007273377362,0.0004059158886953605,0.7382730743703411,0.7745668078329843,0.5182295725742465,7.701941283617227,401.3142300593438,59.31989953628739,0.07558692203085052,0.12312850420304389,0.0418186690065775,0.061032518200448624,0.005425347328892715,0.036830311670749905,0.05696715035644236,0.05455882089067905,0.05244746917055384,5.691134079111083,13.167065278913876,3.523328625029067,11.836364301014834,10.631374090253349,9.419520869662515,8.079479501482231,6.6260164524677085,5.6104208987028645,2.0479665213914213,5.690632102292105,13.16648956368523,3.523080441725924,11.8362069472471,10.631372705935794,9.419448866157184,8.079278665738164,6.62579182916546,5.610175748011773,32.383293723637465,173.35644743063207,12.412095798871732,140.0957948980605,113.02608561251658,88.72601694214987,65.27474375865184,43.90111736343578,31.474071923579462,8.0,6
16216.710292496491,14.906930678758037,29.0,3571.962619492619,1.0560241707615343,91.0,364.0,-5.22,0.00089678095,0.002197802197802198,0.004395604395604396,0.006593406593406593,0.008791208791208791,0.01098901098901099,0.013186813186813187,0.015384615384615385,0.017582417582417582,0.01978021978021978,0.02197802197802198,0.9950218092600596,0.43956043956043955,2.1625000000000014,0.3646339089907397,2.645808246955,2.9032293435037504,0.14988876340146368,1.5376793056345068,0.481528650599517,1.5376793056345068,0.481528650599517,0.21699116711462407,0.42261614749281035,0.5224479061321529,0.4539301674742447,0.522447906132153,0.42261614749281035,0.21699116711462413,28.951181460812823,-58.091855295531026,-28.640543584745533,2.10517801133973,-71.00188642287411,-33.8142892560257,-56.376802233289176,12.294240206954882,173.15586550933122,30.558272739380726,-48.162085048662355,100.97515636558124,23.29,0.8057422231807788,35.824175824175825,-0.6551689956813976,3.6065482220581635,0.4983250672111304,-0.0005064357305704412,0.00037603981,0.00045951014999999994,0.000519734445,1.7955044999999983e-05,5.714285714285714,-23.66,114.0,16.0,46.95,116.0,4.835164835164835,5.970018552900009,606.3102896851069,0.7437908599928811,0.012092010904026278,10.331563655523203,0.02582545458188837,-878623.5399776127,0.4753475149015637,4.2698260634965415,81.0,35.824175824175825,0.21978021978021978,1.3529238772959793,-0.00030631046731019473,11.566133879362262,0.09286387045030886,0.08726650131585063,6.8852935669741475,0.16395153080496802,0.21751168687089553,0.21491043940472015,0.19634997423641212,0.14236622395559764,0.08254072439858295,0.05823191029493424,0.043070689134087015,0.03666039060601622,0.032840724685603985,0.029218797622184278,0.032958066825203546,0.8243562302414857,0.025906389864529377,0.01421492694810475,0.010476166637693973,0.007437106246193133,0.006361696547474973,0.0037616241875273806,0.4422815324523373,0.00410925714725389,0.0042051478431321225,0.004276916852090249,0.0036322827697608186,0.004003833598509119,0.0037159288803276435,0.0017319313083594776,0.2254719475355754,0.16221673394520653,0.15187627571257736,5.933959479897729,226.2395805138532,35.21187510906813,0.04194945971799886,0.14209906710981318,0.006132522859483927,0.09835594435130218,0.05795786108750257,0.021066312326522087,0.012849066594098273,0.04371034724755219,0.061953795304842546,3.532440042596887,8.34929548230024,1.928977047658467,7.3683542692943345,6.559488301167571,5.833852630374683,5.069337698120614,4.268689400466526,3.7444359476135607,2.067180990057426,3.5321909485999288,8.348086182226782,1.9289672995042073,7.367697791443321,6.559232246192567,5.833814594535429,5.069321414062681,4.26846560290683,3.7439233823661495,12.476372897371265,69.6905429058857,3.720914842556554,54.2829707460388,43.02352765949239,34.03339272341457,25.698019599074467,18.21979860319877,14.016962293027989,4.0,3
21765.141504219377,15.397756379978665,23.0,4794.084031766382,0.8865520080290381,91.0,364.0,-4.29,0.00090868974,0.002197802197802198,0.004395604395604396,0.006593406593406593,0.008791208791208791,0.01098901098901099,0.013186813186813187,0.015384615384615385,0.017582417582417582,0.01978021978021978,0.02197802197802198,0.9965152664820416,0.43956043956043955,0.5,0.34988106931018026,0.0008089725695,8.727673282229288,0.12571222714112196,1.2616076469789663,0.18291786797525372,1.2616076469789663,0.18291786797525372,0.282272949137878,0.35729461720442723,0.3143587368229175,0.3871619214389872,0.3143587368229175,0.35729461720442723,0.28227294913787804,15.624804210020312,-81.23791515509808,28.78679748707947,14.892260010869162,-54.373279252219454,-29.038710578077254,-56.05179197554022,63.93819084637264,122.07286920065138,89.60339870618904,82.46628831263361,20.714791460660454,39.99,0.5227364557984671,40.0,-0.09751420052080836,3.4887295848099935,0.8073852121008189,-0.026275767554339136,0.00044274579,0.00040526927,0.000565803465,2.457148500000002e-05,11.208791208791208,-31.81,123.0,17.0,71.8,123.0,24.835164835164836,6.916319529449835,746.8515797424288,1.7108795084061263,0.006440020013432911,13.65969185812426,0.0924502925067946,-1046563.3890571587,0.6315979518408752,3.1714733577201235,80.0,40.0,0.43956043956043955,0.9577195774172493,-0.00023655023788868496,12.397971269375411,0.1469002690157989,0.3970306547779456,2.7198517262887574,0.6274833168766896,0.6763867505264557,0.6862148574459418,0.5142552650789047,0.37936413433845845,0.35143998025734785,0.2554404797744985,0.2273827955119813,0.23141873287520345,0.1712261606721094,0.14702407844987844,0.1329749670666078,0.8539052548204926,0.10494147544580996,0.06510460654864199,0.06007156595937987,0.052052244602687335,0.030018715242577685,0.02432682016075053,0.5471403802534055,0.021049115896611816,0.012789024701027975,0.008327932804780247,0.010305937387301798,0.008125135930912226,0.005938481266990213,0.00615392079593366,0.13669231830012607,0.28057963912859607,0.41664203203957395,6.915632061796374,366.5528862937718,47.825966814145964,0.12733192463457096,0.04872339113531966,0.030604019341665317,0.09827914354394586,0.14060906130725692,0.17217618693518238,0.1908100464090641,0.19945370812555027,0.19216441373822288,6.347698198778745,9.738010519106846,3.8022103475793343,9.07198088436565,8.552126822896224,8.038614211353412,7.309364581084137,6.377906134449737,6.042801705940213,2.098767656854075,6.346420960174938,9.737888626462714,3.8020871795948463,9.071448526902417,8.550970838845103,8.036770109915144,7.306873620461534,6.374786653541165,6.039745466110851,40.27705900374778,94.82647490139189,14.455866921239494,82.29117837624004,73.11910228677934,64.58967379962549,53.39040210539665,40.63790487816656,36.478525295406584,4.0,3
13840.605707852555,12.309202509723214,23.0,3048.59156560629,0.8458646055849499,91.0,364.0,-0.69,0.00092992175,0.002197802197802198,0.004395604395604396,0.006593406593406593,0.008791208791208791,0.01098901098901099,0.013186813186813187,0.015384615384615385,0.017582417582417582,0.01978021978021978,0.02197802197802198,0.9975109046300296,0.6593406593406593,-0.6875000000000009,0.5465286196909445,0.0008156724245000001,5.3542946419315385,0.21071781675491885,1.2564614494726745,0.7338670479812573,1.2564614494726745,0.7338670479812573,0.7173014044456784,0.11101592222495071,0.23824651016213994,0.18720210520193684,0.23824651016213988,0.11101592222495071,0.7173014044456784,8.815584904292635,24.048184725941628,-34.21105617929662,-21.111459300303537,45.775647417832026,-93.95616087761063,24.173177010905093,-62.511622661648495,-116.4475796251098,-17.181013397112125,113.77188910746374,1.52623108351345,33.88,0.5223208912169999,39.78021978021978,-0.059086398772810064,2.7635943108475174,0.38745009277521847,0.009979901260132169,0.00051732672,0.00040096645,0.00055840976,1.1033610000000057e-05,5.274725274725275,-12.21,111.0,16.0,46.09,111.0,1.978021978021978,5.515334409048284,564.9774645014586,1.149685387877225,0.004154982658798734,10.502079043424205,0.12825662907700233,-806417.9534000965,0.49768564388346265,4.002843311155277,64.0,39.78021978021978,0.43956043956043955,1.4589182594955619,-0.0003027363283781142,12.716430996513994,0.1253439776109384,0.12167365876398166,3.46869361982041,0.09729751369117823,0.0541008545490059,0.0439842171511352,0.011328974978744391,0.011568174892880836,0.002607697809779686,0.011239053001076025,0.011802327793841962,0.016139358165004853,0.012700726860671939,0.011191926222863456,0.009334634365416466,1.4856243868382406,0.010269013679417743,0.009030058509003338,0.00852930071420356,0.005120739580625467,0.00512437520925807,0.002913546093347405,0.4423844548164813,0.003069625249349306,0.0015707420778823958,0.002624347460542251,0.0018034485477969144,0.002403238917970811,0.0012556365715629678,0.0011234872087788153,0.31370306941022164,0.17122932065257745,0.14733049963816305,5.515017900343756,175.9023421199492,30.415422441112053,0.05552916473434764,0.2663809952816161,0.0006525945503818869,0.2798262254842346,0.28944021935121983,0.29060147128636077,0.27476909543385314,0.23044222324297303,0.15124426535278296,3.0485707795607,9.444229143074132,1.2360522771225138,8.55837871401265,7.792983182633807,7.088717883971537,6.377980062315241,5.572897118437169,4.542389575505407,2.0106754178377537,3.048065010765886,9.440471665771977,1.2360521048483775,8.553802867496776,7.787606258937032,7.082758786195115,6.37205866415911,5.568130626559701,4.539870948370458,9.290700309855243,89.12250527224353,1.527824805900104,73.16754349599606,60.64681124423524,50.16547202342411,40.60313161948518,31.00407867443213,20.610428227858087,9.0,3
18346.32870531572,13.060306402957297,17.0,4041.041565047515,0.7691876653575043,91.0,364.0,-1.83,0.00087425348,0.002197802197802198,0.004395604395604396,0.006593406593406593,0.008791208791208791,0.01098901098901099,0.013186813186813187,0.015384615384615385,0.017582417582417582,0.01978021978021978,0.02197802197802198,0.9990043618520118,0.6593406593406593,-0.08750000000000213,0.5106072827421432,0.0007477084995000001,7.350975718173704,0.0642701103009576,1.3283264034637967,0.5347856190953242,1.3283264034637967,0.5347856190953242,0.17056615527871455,0.35137908013847047,0.21289460484650286,0.3725083765107846,0.2128946048465028,0.35137908013847047,0.1705661552787146,20.42081817245883,-9.288191243232248,-0.8827852570101151,56.76439332797869,-112.75250367413477,-3.520366988148427,-87.90507664455046,39.80574887753568,34.097430209010994,27.726032426200444,109.44281671922343,-21.09022716011958,37.58,0.3866060310889445,42.857142857142854,-0.0243605667846276,2.932976441703798,0.6187816267185705,-0.0315625470605066,0.00043823778,0.0003821072,0.0004998673349999999,2.2357899999999957e-06,8.571428571428571,-20.37,113.0,15.0,57.95,114.0,6.813186813186813,6.349929255522808,663.6543421909566,1.738906631134016,0.0034677191631069916,12.105473161817883,0.10387676591384577,-1012285.7645489404,0.6014751873339454,4.071762443592651,71.0,42.857142857142854,0.43956043956043955,1.339864986014816,-0.0002691279050412894,12.56969946041051,0.12021329960696747,0.23610703907924763,4.810177157600116,0.29225790497356474,0.18708596681383452,0.1876711683306351,0.20360955733939215,0.2322759810592667,0.15349633076914804,0.14602378631055593,0.10421119611910896,0.05078105317697562,0.03291675853884004,0.009015464712142339,0.009632591713691619,1.6868828105323295,0.00715775531921976,0.008385443032300276,0.014746877126507478,0.012809278453734736,0.01695990596599498,0.020338558850655736,0.734110666793733,0.016025724680654187,0.01306580553456522,0.014634980178244359,0.0217758784183469,0.019845636257497332,0.019734651481344085,0.011755720337667377,0.520386128836302,0.3085001283598431,0.3740165406732379,6.349882527490597,280.926858530231,40.32100811293037,0.13592733665435602,0.2895400932289118,0.03322395856575141,0.30868405273532457,0.3181487926308608,0.3149313465220346,0.29824178722992367,0.27098647758908345,0.2267977490044521,5.188303987496053,12.032410841070606,2.581251666726054,10.748047124480978,9.49286252798426,8.30783943501582,7.218797584431238,6.279254497181602,5.760232897469277,2.0525322536149577,5.186523115326635,12.028926684568594,2.5810378407829,10.743613505038738,9.487529727012992,8.301868122596371,7.212634082035507,6.273404448091901,5.755766309896,26.9000220258175,144.6950771827264,6.661756335553255,115.42523114565074,90.01322032095524,68.92101432498178,52.02209040134018,39.35560336933924,33.12884581413381,4.0,3
18796.364192059926,14.91990101730228,23.0,4140.168324242274,0.7195540758705244,91.0,364.0,-4.93,0.00084564624,0.002197802197802198,0.004395604395604396,0.006593406593406593,0.008791208791208791,0.01098901098901099,0.013186813186813187,0.015384615384615385,0.017582417582417582,0.01978021978021978,0.02197802197802198,0.9965152664820416,0.43956043956043955,-2.902499999999998,0.3307273279459223,0.0007690765144999999,5.378315748261983,0.16497010496667353,1.6560375183375795,0.100879545245336,1.6560375183375795,0.100879545245336,0.24795902678380372,0.34826055793053823,0.3636393826548916,0.5649557865671001,0.3636393826548915,0.34826055793053823,0.24795902678380366,40.91938936153338,-113.80167915594858,85.74350950473121,-49.78554782404313,-81.60181091282655,-66.55250948103411,-3.9203890832963535,81.88134119681492,30.684110151195675,119.8513229984108,65.7083721290385,21.517786475031237,35.02,0.4504112708542789,34.285714285714285,-0.6054281281844329,3.6753772924303156,0.7095487893745636,0.010396916061035282,0.00037669704,0.00039199242,0.000535739622,-2.8952849999999988e-05,10.769230769230768,-33.93,115.0,15.0,68.95,116.0,5.4945054945054945,6.427339304253342,700.0204604407104,0.7399647450093215,0.010643362542564322,12.112250112651719,0.023964272097143798,-1064048.0526959666,0.6106627831887697,3.6312686229768807,73.0,34.285714285714285,0.21978021978021978,0.9964201554840323,-0.00026898585473067416,10.925696042087218,0.08459452989495742,0.21925978452295045,2.8580407989627394,0.5171631448513835,0.46412098405712143,0.5220256986498617,0.46377983467608197,0.40237647513871455,0.41263442099738745,0.36588911580673084,0.2708682770940674,0.16627186750304632,0.08497066421243325,0.044133099196177146,0.027228226941906186,0.4525796970129086,0.012844463230340834,0.008298316747906724,0.0071967496434753135,0.011118252156206935,0.007600427125006098,0.009187006999628574,0.3424198772515774,0.007056313246839673,0.005627874016443688,0.003503182001868963,0.006006743168027447,0.0033144604502158767,0.004597267852110912,0.0018347596796535058,0.35614366338404246,0.20960777225597033,0.42318489640172197,6.3987613890192,322.13515037605185,40.944147313602926,0.07289544504019287,0.010395446219472092,0.0010700974837176086,0.05339935726287036,0.10590077531925493,0.1443028914708321,0.16790758611288173,0.17621663736052234,0.15469568975953352,5.841456520043617,9.09566674587137,3.550105612116896,8.131899336890356,7.2795970495034625,6.5237958518722765,5.784441533740598,5.111153727328115,5.180682377648821,2.0958342787156097,5.841001671772786,9.095660805386718,3.550105450838786,8.131724007488309,7.278826706889395,6.5221997050396325,5.782004055670405,5.108115124103747,5.178372248269804,34.11730052965248,82.73104548664817,12.60324871207526,66.12493533396173,52.981318228926305,42.539088992419074,33.431570899789016,26.09284012109743,26.815539141650866,5.0,3
20546.87209868599,13.833072525413444,13.0,4525.742753014536,0.6806857752648738,91.0,364.0,-0.85,0.00093692585,0.002197802197802198,0.004395604395604396,0.006593406593406593,0.008791208791208791,0.01098901098901099,0.013186813186813187,0.015384615384615385,0.017582417582417582,0.01978021978021978,0.02197802197802198,0.9975109046300296,0.6593406593406593,1.342500000000002,0.519446253801054,0.0008041847960000001,9.21956174737863,0.016388025817503683,1.3044161738090136,0.6772277640285032,1.3044161738090136,0.6772277640285032,0.13642920419719573,0.4724107544407488,0.2573668702763724,0.09666716020943769,0.2573668702763724,0.4724107544407488,0.13642920419719579,25.791684919044883,18.216950049495992,5.438780612732486,-104.76858809869427,-146.05274779371575,-30.678353398556116,-49.81898577807639,-60.34777290466618,50.84736094112429,237.26882278578793,81.54937057998298,-57.32785850493379,39.99,0.4167359632615235,41.97802197802198,0.4515332184858892,3.388677837030654,0.6629944201091743,0.024274721893105717,0.00049250999,0.00039747373199999997,0.000544986695,5.803877950000001e-05,8.791208791208792,-11.54,119.0,13.0,51.53,118.0,4.175824175824176,6.719967310668463,677.9643692794662,2.3378603203658104,-0.001432324678275304,11.31566426993587,0.029939259125864922,-1108206.0075778463,0.5998397371735296,4.814140972474725,72.0,41.97802197802198,0.43956043956043955,1.5318590697598755,-0.00028568293121299066,12.012546678460684,0.11420204929735167,0.14336253332121787,7.097708959514621,1.3302636767196476,1.3453286287646016,0.8452757749180863,0.40886902855682594,0.17005800434153828,0.053822327098699274,0.05531206292794455,0.06858126733015493,0.07587396662127713,0.04607150464486011,0.03173857941357915,0.0078328746137888,2.9300056267783874,0.005610275575177546,0.0043793290158643475,0.002253122042010768,0.010771304420421056,0.008017496532130752,0.01710161443934247,0.7336872520505578,0.014082347664217188,0.01630594955158973,0.0174414701253497,0.016184779664282868,0.02395756981741067,0.03283545501352852,0.02118961700707903,0.3372134135693879,0.13979259577209313,0.5685512173853992,6.70478026553119,300.99946672956514,44.9540784090565,0.015066534622758984,0.7662805020426648,0.017521270514449936,0.6934166380851202,0.6004671776427708,0.4879965377455133,0.35972122876093016,0.21797634387782694,0.07489544139554849,6.423809143980314,12.156019902969684,2.8806760633205655,11.070480604016597,10.044495603051136,8.983583022429213,7.778300515323105,6.606947331632298,6.470856383157231,2.075668300445164,6.423791475275295,12.13184380354381,2.8806227776068893,11.04874265108634,10.026531358764473,8.970319018854724,7.769978091619976,6.603350615897417,6.470422938595656,41.26509691781955,147.18163407358432,8.297987586867631,122.07471416993438,100.53133108828733,80.46662330002678,60.3725595442544,43.6042393564728,41.86637300430485,7.0,3
14941.829896594223,12.901369201559266,21.0,3291.1519596022517,0.7953606854318791,91.0,364.0,-2.33,0.00089752598,0.002197802197802198,0.004395604395604396,0.006593406593406593,0.008791208791208791,0.01098901098901099,0.013186813186813187,0.015384615384615385,0.017582417582417582,0.01978021978021978,0.02197802197802198,0.9953317296354052,0.6593406593406593,1.5465000000000018,0.45013074162897676,0.0007720746535,5.429658412105413,0.23872413134545317,1.4281997114376934,0.5029602665726365,1.4281997114376934,0.5029602665726364,0.7067281773516966,0.40738682240618695,0.13282694759386415,0.03425905394900493,0.13282694759386415,0.40738682240618695,0.7067281773516966,25.352348773614775,3.139117945840537,245.7313483312299,-68.8106066703245,-10.17112620164649,-113.21245742264135,-116.81625337429014,-120.89587090893323,-4.8684018642337925,238.72196475267805,158.8069986307797,-281.22647462718555,34.56,0.49160955276005225,38.02197802197802,-0.3368197029259194,3.0813819353914558,0.587253471074597,0.029031343668634343,0.00045178769,0.00038604698,0.0005051259455000001,2.827922000000002e-05,8.131868131868131,-16.23,116.0,15.0,50.790000000000006,116.0,2.8571428571428568,5.73054854145058,645.5995980561174,1.1441108669495794,0.006637463862935616,11.191978784785304,0.05645574928803595,-939744.5294015747,0.5940190085265559,4.19532428046024,56.0,38.02197802197802,0.43956043956043955,1.405213940088942,-0.00028827547792242044,11.88092434366663,0.08210793979895814,0.24573483634259854,4.243723359116822,1.1768991316296054,0.6216973000041975,0.353411013210162,0.1235727059634506,0.015401970053270856,0.0034863183408911217,0.020918261145642058,0.04424755066144682,0.06685313543529132,0.06689478362254996,0.03584958491995448,0.010499760532857826,0.9582920095474788,0.0018541324220774668,0.01267735705534505,0.03138984023184259,0.044037678106682875,0.035509205093902915,0.0174051344713975,0.49434114989291966,0.004183625488213283,0.005426976297243106,0.012652112267119384,0.018620513677516368,0.015173402132289675,0.005621742966540713,0.0004675201640635475,0.19272205674030787,0.3786524627592203,0.873704830066531,5.720641491445017,266.61307586786705,32.725739073642266,0.07677813454223804,0.1956971601816691,0.02378823459793109,0.15235581724240674,0.10026158720662776,0.03958274598537698,0.02823748487952931,0.09099452474287105,0.11481997139277042,5.409303152661571,9.072268807998917,2.182050997162177,8.096993929240332,7.248933639050914,6.546633699729836,6.063823948029513,5.951265695333638,6.204993051274568,2.093046574061613,5.408758241542196,9.070157878785073,2.1819213262881787,8.095560412664907,7.248240235912076,6.546514034557523,6.0637582007484365,5.950570004035058,6.203930620222557,29.254665715450624,82.26776394608693,4.760780674111165,65.5380983951072,52.53698651749474,42.85684600465862,36.769163517143916,35.40928337292179,38.488755140535034,7.0,3
18926.997895962457,13.528185004474206,12.0,4168.94226783314,0.719256272120661,91.0,364.0,2.6914468e-05,0.00096901989,0.002197802197802198,0.004395604395604396,0.006593406593406593,0.008791208791208791,0.01098901098901099,0.013186813186813187,0.015384615384615385,0.017582417582417582,0.01978021978021978,0.02197802197802198,0.9999999999999998,0.6593406593406593,-2.459999999999999,0.5221744806526966,0.00078635625,8.036438924890309,0.04392168636602304,1.159053295869249,0.3006800942908876,1.1590532958692492,0.3006800942908876,0.2351968453193567,0.4300274106139559,0.1703650238649751,0.5100274181495559,0.17036502386497498,0.4300274106139559,0.23519684531935672,12.116857261429043,-61.11045377790625,-1.2189003920242554,-35.58360477250309,-70.49086079547627,25.086171469871083,-158.00771078511707,157.39989509784982,131.4576798378798,51.24077710074007,134.40667464454953,-3.4995731550144207,39.99,0.4283407304840276,42.857142857142854,0.34383282914731994,3.244559149438952,0.5832261461261296,0.028614259095198206,0.00046531091,0.00038781333,0.0005042108149999999,-3.7829940000000045e-06,10.769230769230768,-16.61,104.0,16.0,56.6,103.0,3.0769230769230766,6.449635460515878,644.392110501801,1.7414555949990218,-0.0006414508830779378,13.532365201533162,0.03920861508118834,-966726.184276845,0.6178547337234703,3.2616976269041076,75.0,42.857142857142854,0.43956043956043955,1.036973061070655,-0.00023921910646421848,12.913997063159703,0.1399564829822848,0.2935558783105374,8.1710141648797,0.5709332627922137,0.6217287178585729,0.4373200981385409,0.27176114461647716,0.15983026880187182,0.16182024840349307,0.11686882145219651,0.08663988807168092,0.060896811141396154,0.06250130767825454,0.07245071431758282,0.07441320290668825,1.8442840142275432,0.05960058031906941,0.053381825735904366,0.034830676718241874,0.01928618562585947,0.00625042414446002,0.0037508929301704,0.4281524361428533,0.005124709594882471,0.009947849448263435,0.01425120120291602,0.01334029357682448,0.015102416691353522,0.013739288265994744,0.006228595891242433,0.16105160856992135,0.20012808761333467,0.2763218333047117,6.440464001851452,264.7846703412628,41.47957655914441,0.072749734365301,0.5763865884337245,0.02378873726069468,0.460354815337664,0.33884587818897294,0.21855852972118656,0.1086281741758934,0.013138801144654032,0.061173529597207225,5.4726331008224935,12.849378771887656,3.086791126171177,11.709290133502202,10.515672416159205,9.189283064292605,7.671444141865265,6.110363611381692,5.3912209089158845,2.0472134985701733,5.472149534905619,12.836444730692017,3.086699459388404,11.700237128987062,10.510211693148998,9.186683591197694,7.670675012118171,6.1103494855206115,5.390873833434469,29.94442053236779,164.77431332411084,9.527713552588667,136.89554887452744,110.46454983480594,84.39515540478097,58.8392551415341,37.336370835202004,29.061520688008443,7.0,3
15781.486696836684,12.832726125261111,18.0,3476.098391373719,0.7253015531124194,91.0,364.0,-0.53,0.00090085884,0.002197802197802198,0.004395604395604396,0.006593406593406593,0.008791208791208791,0.01098901098901099,0.013186813186813187,0.015384615384615385,0.017582417582417582,0.01978021978021978,0.02197802197802198,0.9980087237040236,0.6593406593406593,-2.2650000000000015,0.5752613822372644,0.00072096349,5.955691203332707,0.1407505561572712,0.9229267281807291,0.4308350283364275,0.922926728180729,0.4308350283364275,0.5192626628492405,0.4539374617428196,0.4473172275466891,0.3590127112640401,0.4473172275466891,0.4539374617428196,0.5192626628492405,-1.585333216778511,-12.762749463809449,-100.25492298052517,41.639517200283805,-1.118955698500158,2.5253964862116964,-101.02661360156281,-240.1092106980076,152.1413970097024,123.83022983320953,263.20111476565205,32.67171067774072,32.25,0.4159700564077101,42.417582417582416,0.16995169970500212,2.995091360088175,0.6190419406031232,0.030332206342136576,0.00045909866,0.000361683128,0.0005048347,1.9155530000000053e-05,9.010989010989011,-13.77,123.0,16.0,46.019999999999996,123.0,2.4175824175824174,5.889362117147647,661.8011162929031,1.6667347725593396,0.0005288184190126284,13.213572213225781,0.07197895442702613,-851369.9518988975,0.5771601339086001,3.0140795777062186,62.0,42.417582417582416,0.43956043956043955,1.0636949136004965,-0.0002459012625136493,13.50611698095275,0.11148786734574967,0.10690804271926733,5.648438611838267,0.5247582088766691,0.49578263939752154,0.2198708556463533,0.06299320733650753,0.07514167664115552,0.04952547789376235,0.05520216039019421,0.07454756539702143,0.09365424436817076,0.10243614745436593,0.08534825100437443,0.06488983168568965,1.8000944738407214,0.04246443298688245,0.029057935064266394,0.022815254279009906,0.01695008289760022,0.02028971059583606,0.02805197648079557,0.3898811844861367,0.03233269486901594,0.03393583302400195,0.03483813404378471,0.031120851664233673,0.02520130776910769,0.015246092123089836,0.005628616135630257,0.2996567289868602,0.2194968977722131,0.28456971948852666,5.886909424023882,281.04504103381794,34.6557025666612,0.0007985483511689073,0.6065097174075368,0.019794067876752502,0.5519313842912785,0.48445362286119736,0.4048269589270679,0.31483630684367236,0.21240561688847875,0.09629382258732049,4.765244427515242,10.687641157312026,2.2908455612141454,9.449891657415284,8.275490293960608,7.110195090008398,5.94997939534826,5.1061030592362675,5.161250207060759,2.04973310590901,4.765244360605823,10.67041796136216,2.2907600442236293,9.433759806350876,8.261297978691537,7.098661095678916,5.941643956428379,5.101683281570524,5.160351848432066,22.707553816285596,113.85781947016018,5.247581580211444,88.9958240839213,68.24904429273288,50.390989351305386,35.303132904961885,26.027172305456187,26.629231199616243,7.0,3
20266.09710509931,14.58398170684494,18.0,4463.898040770773,0.7174974819041694,91.0,364.0,3.1465787e-05,0.00096060321,0.002197802197802198,0.004395604395604396,0.006593406593406593,0.008791208791208791,0.01098901098901099,0.013186813186813187,0.015384615384615385,0.017582417582417582,0.01978021978021978,0.02197802197802198,0.9970130855560355,0.6593406593406593,0.2624999999999984,0.5667001628085241,0.00075764903,7.927466893274023,0.0827928999488677,1.1155057462646643,0.4501441428382527,1.1155057462646645,0.4501441428382527,0.35245598718473414,0.17518484994478337,0.295553707213709,0.3364830746682666,0.295553707213709,0.17518484994478337,0.35245598718473403,6.374317471567543,-23.40032112434671,-121.02667432671012,22.908088804646447,18.136195832652756,-5.223013936646923,43.14965916557741,47.04263279556202,9.768824566943714,-67.50567497398728,-25.31173264566508,39.5218030424786,39.99,0.4438736300749352,41.098901098901095,0.4833704843159095,3.539913185941888,0.6246857398535952,0.024429073476850242,0.0005607547,0.00038223975,0.0005612621285,-2.106856300000003e-05,6.373626373626373,-12.98,117.0,18.0,52.97,117.0,5.4945054945054945,6.673894871696739,658.7760160593039,1.885110609421757,-0.0021108833813875344,12.526713112900055,0.02234813025174838,-1016136.1633859235,0.57508155879835,3.166771077124002,70.0,41.098901098901095,0.43956043956043955,1.1274614208600415,-0.0002602983787009184,13.253657811095378,0.12153652268180892,0.3756489244852931,7.38648031233266,0.19011799257588624,0.2214616824600545,0.3610536327302604,0.24956479171853846,0.2083343815634769,0.16506746697692665,0.10526020312393063,0.09513570096966839,0.06774806978621238,0.09322442671539934,0.06914721007146454,0.07413790101232175,2.6584027651050577,0.07605275582650572,0.059050722323804254,0.05559081597527243,0.041749653888975675,0.04747243634707245,0.03323646920214086,1.184118241704917,0.035864274168864056,0.029707093409122236,0.026078707105684492,0.0231641291778311,0.02076036138459297,0.023086279648970087,0.0075990357937294525,1.1454692045003148,0.3061430441002613,0.28301469172855015,6.6563673075749215,283.6073258935322,44.30722573335221,0.05849548887625812,0.6734953325677233,0.01977295511098974,0.5428901674557143,0.39593764987523744,0.23894656543371448,0.08931733665801705,0.026146118825494745,0.07692349105999714,4.271187622490468,12.310820706221351,2.271273763847129,11.518966436114951,10.98282401161637,10.573442056046709,9.994365182386336,8.782579378880785,6.665519217900624,2.063819173217795,4.270787045065219,12.292384247888522,2.2711876938259605,11.506166087034496,10.975684791736155,10.570741764485815,9.993966070197985,8.78254045973102,6.665075334962516,18.239621984296903,151.10271049773786,5.1582935405864845,132.3918580224227,120.46565664754831,111.74058145144468,99.87935781226855,77.13301692681236,44.423229220725695,7.0,3
23859.921608389854,14.562152818956857,13.0,5255.489341055034,0.9239207751469566,91.0,364.0,-1.67,0.00092358147,0.002197802197802198,0.004395604395604396,0.006593406593406593,0.008791208791208791,0.01098901098901099,0.013186813186813187,0.015384615384615385,0.017582417582417582,0.01978021978021978,0.02197802197802198,0.9980087237040237,0.6593406593406593,0.3009999999999984,0.43674474679555897,0.0007942985265,8.523051657561355,0.10784797112108971,1.1648016962618835,0.4533765287502496,1.1648016962618835,0.4533765287502496,0.2963621319913389,0.18641648638616504,0.3025462977296192,0.0787513626765414,0.30254629772961916,0.18641648638616504,0.2963621319913389,10.89808124298974,-19.919970772141788,17.315746245094477,49.34071085284033,-66.91444639405593,-86.72709254789164,0.8196607120681398,-59.86193802315843,32.68831252185908,100.10161919374205,144.11014263000217,46.30200987224986,39.99,0.4431249973103336,42.1978021978022,0.4077935870485181,3.6045133960571074,0.8380725249844243,0.030617763367136567,0.00048762456,0.00039024107999999994,0.00055315132,1.1170720000000013e-05,10.10989010989011,-21.07,117.0,18.0,61.06,117.0,22.41758241758242,7.241504550182053,755.5139440627402,2.192079925976998,0.00028052405917294854,13.577802037413278,0.03846596443935523,-1136311.1084817485,0.6605874173712984,3.2908604432675452,74.0,42.1978021978022,0.43956043956043955,1.1044319234130844,-0.00023826671403753634,12.944554513785107,0.13473486184965144,0.21358708856650968,6.046035897515528,1.6532225417769295,1.3883836642151648,0.9666251415313413,0.516303036675198,0.4638422731252233,0.3014159177636419,0.2418716855251885,0.2094328925368648,0.15302931977912698,0.10129810211448217,0.09849305061558877,0.05935606871582211,1.8588709840644928,0.050541227991343265,0.0617990259286284,0.055167626712816796,0.055325439043637764,0.08901028467277425,0.0548537180053905,1.0537406897783026,0.07507060190665653,0.06862931360830134,0.046004349246851414,0.05144439770305317,0.043658891132469034,0.02674932504635343,0.02109043691417244,1.8649659617332963,1.068793973436036,1.2419740323766246,7.230013315386734,380.48492634292865,52.273092540669474,0.03053838872307368,0.5125411377853042,0.022170538063535795,0.45629945104414343,0.3873708776614997,0.3093771576076707,0.2265867736519679,0.1354101038897137,0.03459182953915469,7.750689527834349,11.369395960150104,3.7356825848902537,10.171305489056966,9.243952539915954,8.604695739452882,8.165376024572481,7.969592277538607,8.305812157547017,2.1134884623545775,7.750629365651235,11.357837209643183,3.735616795429411,10.16106520807229,9.235832521400457,8.599132197082982,8.162231561078691,7.968441828486141,8.305740123660561,60.07225556369526,129.00046608075525,13.954832842294303,103.24724616269718,85.30060236335834,73.9450745429092,66.62202405666909,63.496065173967565,68.98531900178496,9.0,3
7760.656904723799,8.112466520769626,13.0,1709.3957939920263,0.4978377496801142,91.0,364.0,-0.21,0.00090823926,0.002197802197802198,0.004395604395604396,0.006593406593406593,0.008791208791208791,0.01098901098901099,0.013186813186813187,0.015384615384615385,0.017582417582417582,0.01978021978021978,0.02197802197802198,0.9970130855560355,0.6593406593406593,1.1164999999999994,0.4333825627482111,0.00072274682,8.711189136131726,0.15709718337166395,1.2391677388679805,0.42134400403487304,1.2391677388679805,0.42134400403487293,0.37410406593097634,0.11379316948083859,0.39944051585769325,0.3367469965148185,0.39944051585769313,0.11379316948083859,0.37410406593097634,16.325342576027,-16.499121965768513,48.45390760047827,15.908883426101308,-19.328828084234747,-160.96369467521797,79.0839610530267,19.230287328570746,16.562783399826408,-4.652621266335093,52.77094363809497,-17.64465804542637,28.41,0.11421909719571022,39.56043956043956,-0.4663809321842319,2.1087367945685287,0.39120958448535464,0.019559576119876635,0.00050055606,0.00035621486,0.00048928213,-1.2680614999999976e-05,8.131868131868131,-13.58,115.0,14.0,41.99,114.0,9.89010989010989,4.129938111109023,572.4627857443995,0.18227254519283842,0.006302440510572058,12.268190636119929,-0.0017554882958215946,-716873.3623723086,0.6728939336371248,3.4070541904847316,59.0,39.56043956043956,0.43956043956043955,1.1733313842653177,-0.00026571721661608743,12.506956874903613,0.035343516764818284,0.09286234009614264,2.8059250765863615,0.06418814234097928,0.0364291577465117,0.06639277190856736,0.040354272730327975,0.03523454469237921,0.020531779880609148,0.021780037439063378,0.008969493460056337,0.006480725276708687,0.00465223704598156,0.002636461735889694,0.004540458448563646,1.4826619418169888,0.002467330986290166,0.0029149275929692196,0.002478779125122372,0.003023713858038612,0.0034194919405044198,0.002963516596714763,0.3364864748155254,0.002675427680997679,0.002386916057530353,0.001965257701454494,0.0024847993256462237,0.002684922590073077,0.0033515137755239463,0.00127356455535329,0.1915109420515316,0.05035103066506026,0.09024350229064919,4.10352015075907,177.60915135635102,16.838877627685736,0.06815105041744773,0.020010624954256286,0.0009200845089055781,0.003587691217130077,0.029593599479628602,0.05897360953105983,0.09025035220668748,0.1154031163981091,0.11658751436461422,3.4791738872299907,8.587550588316214,1.8136791067524292,7.715782613407607,6.922761231380217,6.216453113624968,5.571603113062308,4.925102680084518,4.2362815049102265,2.0593889554644083,3.478506342082768,8.587527274004962,1.8136788733716855,7.7157817793036925,6.922697977347473,6.216173374937064,5.570872115155057,4.923750453678711,4.2346768873597345,12.10000637191004,73.7456246817791,3.2894310557147866,59.53328846583486,47.923747285570784,38.64081142727645,31.034616123412174,24.24331853010131,17.932488340338733,9.0,4
12928.612988964758,10.398661596902965,4.0,2847.712112106775,0.46794652542446724,91.0,364.0,-0.59,0.00093714067,0.002197802197802198,0.004395604395604396,0.006593406593406593,0.008791208791208791,0.01098901098901099,0.013186813186813187,0.015384615384615385,0.017582417582417582,0.01978021978021978,0.02197802197802198,0.9955196283340535,0.6593406593406593,0.9314999999999998,0.312115152272798,0.00079366378,20.161922457830766,0.22388914680690203,1.2457161708809457,0.309585325957204,1.2457161708809457,0.30958532595720406,0.22888100789126337,0.3140186339545683,0.0248968478327967,0.06327940761523743,0.024896847832796665,0.3140186339545683,0.22888100789126326,15.056899463897434,-29.638735387768232,94.42983589381286,45.08019997930292,-38.271915321718694,-18.33507461867009,-81.71299701966299,-71.95811923307578,0.5809709064744234,114.7135772165686,43.06433678227729,32.30837159892287,39.99,0.0970654575457184,41.97802197802198,-0.6913701067569419,2.746453013180801,0.6602732821842181,0.024671549494691646,0.00045709524,0.00040503273,0.000563584485,-2.6201204999999942e-05,9.67032967032967,-20.1,110.0,14.0,60.09,110.0,24.615384615384617,5.330528495532201,680.0787111550658,2.0574826635448624,0.007445561904446367,13.711179950552532,-0.02385999869154504,-914017.8794636184,0.7392845801400018,3.3289355341021447,76.0,41.97802197802198,0.43956043956043955,1.0954334608261347,-0.00023547100628412576,12.743682805487932,0.06440071123902025,0.00966450195005031,5.515216564745846,0.6008113054215466,0.6090905028767446,0.4289544199549178,0.2829704952478669,0.252132285649436,0.22936205270987897,0.1727263278875101,0.16975990539394162,0.12725647934110565,0.10264323339623173,0.10381372916572362,0.07325958252309188,0.6966475189168898,0.0695985592814871,0.05870532619452561,0.045495570327309894,0.04347965992906957,0.043446203881905704,0.03114357949237055,1.1409454987435252,0.03141608781921671,0.03173553873839665,0.017971794553167657,0.017554805773871297,0.014362383470241612,0.006728838820204819,0.005525878133503321,1.095855331490552,0.7425439621022342,0.7693641528534638,5.285502948363919,299.764070111635,27.936541417163678,0.006168141687121405,0.2165082636905677,0.016857344383077552,0.24214052507903874,0.2646307963135012,0.27626190626763764,0.26021705516579524,0.19647864604172366,0.08567071973714004,6.175982605680864,7.886879189738776,2.9066600763763866,7.23548539584167,6.880016411673491,6.901606450921856,7.21878535130743,7.577400522307497,7.552964415255763,2.117798474917347,6.175979525524735,7.883906869394658,2.9066111933901198,7.23143256067237,6.874925189886728,6.896075040379967,7.2140937776308105,7.574852791778566,7.552478532634142,38.142723099700724,62.155987525288275,8.448388629540736,52.293616879552545,47.26459636653906,47.55585096255156,52.04314903245157,57.378394817115534,57.03993198589956,14.0,4
12565.033803671206,9.329426001582807,3.0,2767.6285911170057,0.3307959682743726,91.0,364.0,2.0653837e-06,0.00093974145,0.002197802197802198,0.004395604395604396,0.006593406593406593,0.008791208791208791,0.01098901098901099,0.013186813186813187,0.015384615384615385,0.017582417582417582,0.01978021978021978,0.02197802197802198,0.9950218092600597,0.43956043956043955,2.0879999999999974,0.22233502714155137,0.000782383828,20.545771638399852,0.22718942937561654,1.2281200549121398,0.14950195424517282,1.2281200549121398,0.1495019542451728,0.17821837569534496,0.3796966311474137,0.05948233695280709,0.12464385509226814,0.059482336952807094,0.3796966311474137,0.17821837569534488,15.735523988164847,-56.251312061080455,111.94423143592937,44.18084351128607,-48.34710440247159,8.238313453585935,-88.16068936689966,-83.59902471396437,41.00910671722876,139.19131998331576,51.13701588135974,42.346074516572216,36.0,0.10900671694422524,41.53846153846154,-0.7377075255319656,2.5898473643114146,0.5781968145380542,0.025464650769493388,0.00049527364,0.00039310659,0.0005326800920000001,-2.8462989999999988e-05,10.989010989010989,-39.36,117.0,16.0,75.36,117.0,11.648351648351648,5.255041285201048,654.9746901945729,-0.2472289016443563,0.008941428464955442,14.622437956109438,-0.03025666359772297,-894943.8995396779,0.7833255084107176,3.0951455713314058,60.0,41.53846153846154,0.43956043956043955,0.9423075792910651,-0.0002163703095380824,12.550043031737172,0.028165867956864377,0.030457096790625086,3.2591050515411286,0.75660686961975,0.6748130412983644,0.5612840897864377,0.42416888444821843,0.30564599244343266,0.3015920295482227,0.27264409829747976,0.24050061285890162,0.23062207303912363,0.19740246257745556,0.15423761276709833,0.13041940407066105,0.5748736336563414,0.10253858430048117,0.06734347973914188,0.05666961334344738,0.042666879270816936,0.03223889750039433,0.033941050559727376,1.0855185313008024,0.03003126674791425,0.025392006486731643,0.02310098631504327,0.017106755270914247,0.010595866523856627,0.006705826302475088,0.0037585658506858774,0.8601799087426161,0.6877202753141571,0.9372297553066746,5.203003605220834,262.5013538002766,27.071246515940995,0.008062253265918713,0.06925237864073447,0.015505360042300737,0.007031258147098818,0.058895020967229705,0.12262282408833418,0.1673244806681153,0.16510531866864794,0.09560538219380393,6.404596972260715,7.046470367959421,3.3797578157464163,6.681080974871573,6.513631882599343,6.5685318679886615,6.7958290139722655,7.114505193672192,7.335976472324328,2.116280549800588,6.40459189778423,7.0461300551851,3.3797222484856566,6.681077274975927,6.513365618366586,6.56738719307726,6.793768799813281,7.112589147739094,7.335353462062457,41.0187973771634,49.64794875458278,11.422522476908943,44.63679355419975,42.42393167851994,43.13057454379521,46.1552945053164,50.58892438453593,53.80741041339168,7.0,4
7981.836497484989,9.000369515473604,20.0,1758.1137659658566,0.6055514732138112,91.0,364.0,-1.93,0.00092631557,0.002197802197802198,0.004395604395604396,0.006593406593406593,0.008791208791208791,0.01098901098901099,0.013186813186813187,0.015384615384615385,0.017582417582417582,0.01978021978021978,0.02197802197802198,0.9936503737147749,0.43956043956043955,0.128000000000001,0.3490779713918494,0.0008562668261,4.806900279291335,0.20221423173152503,1.472400423280953,0.5623617137620264,1.472400423280953,0.5623617137620263,0.2915882452771782,0.34972061700747165,0.20518787674533626,0.02325091624484421,0.20518787674533626,0.34972061700747165,0.29158824527717814,26.123544554153277,-6.326628780211723,-32.26446158759661,56.785704476455116,-45.9629010717501,-1.8794519661980214,-118.20161547812505,-84.03478225139887,77.59075609203157,4.145714230808676,22.267121897512784,27.43764827104391,18.41,0.23584298841402918,39.56043956043956,-0.9164349848347574,2.5218590615444354,0.40945652393646476,-0.03257651826949338,0.00044130057,0.0004315153002,0.0006578811616,-2.506405000000055e-06,6.813186813186813,-14.83,114.0,17.0,33.24,117.0,18.9010989010989,4.188376510853615,571.7201115619018,-0.8149255190487795,0.009520437852262198,10.72510149729833,-0.10711586022945443,-719356.2457975022,0.6110444337565435,4.488390960434071,79.0,39.56043956043956,0.21978021978021978,1.479442584615886,-0.00029806159934085897,11.99710166645944,0.06967933793589398,0.06600052927306363,3.5320894967964214,0.12464234007517362,0.14874621041013317,0.12033165434801593,0.08481890996338094,0.05526149541541685,0.03868801788369216,0.028597450197215622,0.023456724490663966,0.0151163822934145,0.012967017380578408,0.011723481103682421,0.010487104124556956,0.2671028824661674,0.008007575165637241,0.005228061242003941,0.004930596074584739,0.005381029770981184,0.0038995924592524316,0.004935954196569309,0.3980791237200057,0.005026932082538934,0.0035696398996032113,0.002682696626799522,0.002015254032169858,0.002125220993195207,0.0025157994257232327,0.0015050885833988387,0.27779334898866426,0.18331221201015774,0.1673740009952305,4.086886922247937,185.893261867155,16.70264471524122,0.08288657863293535,0.026850345232408205,0.02752665537467924,0.010908010738645205,0.008527544888719542,0.034054815915093364,0.06629796913797989,0.09857207753668908,0.1118256269028246,3.496068746873069,6.692218304518774,1.4686092645940712,5.977049222064155,5.454462988310328,5.181374068953713,5.123831560006553,5.072756652906582,4.652623848755888,2.107451133527281,3.49508605014886,6.692164440171583,1.4683512710844848,5.977039268591051,5.4544563222951385,5.181262154334496,5.123402622731047,5.071798852984816,4.651279792399061,12.215626497945157,44.78506489429704,2.1560554552954225,35.72499841827945,29.75109377182541,26.84547751193894,26.24925443460737,25.723143605138095,21.63440370717985,8.0,4
6755.977191300616,7.698510256917866,21.0,1488.100702929651,0.5255624695673401,91.0,364.0,-0.55,0.00094377627,0.002197802197802198,0.004395604395604396,0.006593406593406593,0.008791208791208791,0.01098901098901099,0.013186813186813187,0.015384615384615385,0.017582417582417582,0.01978021978021978,0.02197802197802198,0.9950218092600596,0.43956043956043955,-0.7599999999999998,0.3231350960961874,0.0008345144345,7.106111676261936,0.21399042694211204,1.7868058985943835,0.27063784473364244,1.7868058985943833,0.27063784473364244,0.050637831420027236,0.5210032625057937,0.26985518725964674,0.19484170542190307,0.26985518725964674,0.5210032625057937,0.050637831420027236,46.36052554280092,-83.28471234853033,35.61685928086237,75.90940841909399,-143.87545925605602,70.8034408468508,-66.4572929877318,-37.661404872797675,15.11793247553126,-2.7130409305881367,74.67406855288367,59.876910023476434,22.77,0.20536208345162607,32.747252747252745,-0.9341404447501067,2.2816800116087514,0.4454211572439229,0.028965074656013213,0.00045576118,0.00041844813799999997,0.0006147507060000001,1.3138050000000148e-06,8.791208791208792,-13.43,107.0,14.0,36.2,108.0,25.054945054945055,3.853349389731226,587.4700056492898,-0.6786636044280423,0.01023316604846739,11.407214401259868,-0.12444486979458813,-679519.183427101,0.646181020318889,4.237305116170865,83.0,32.747252747252745,0.21978021978021978,1.1976115797853089,-0.00028376396722604435,11.002791043524482,0.055267395735430824,0.020211412270625822,3.0283532227621572,0.1270468298290407,0.07908616260565199,0.04966617590066603,0.048041367694715016,0.037255448275466764,0.03776614376221133,0.036315722000247186,0.035511469163480996,0.032550818789895214,0.022288118717918207,0.016138316674845835,0.010334862963215154,0.18262740007091785,0.006536057129026203,0.0043239930431284105,0.0022012301886109704,0.00112890689257667,0.0004840355954355703,0.0003526283360355823,0.4386099105675983,0.0009899241573340357,0.0014080918628991761,0.0021862723537553266,0.002645206344788632,0.003004611412480415,0.003301455346193915,0.0016348815523347068,0.21031309261794645,0.12796817563192872,0.1522272531528409,3.738406498606603,202.221205388741,13.975683148824082,0.003621457169502097,0.1386124842575416,0.0207170012059455,0.09633551730761106,0.050350495795706274,0.0026928050620772964,0.03886832567416042,0.060363311666623586,0.04561104906067196,3.4187376586222933,5.715244308662551,1.9993732424141655,4.987598998688473,4.437178953576569,4.104011733426143,3.9440332899919666,3.869692686088092,3.7974486154817026,2.1079579353811297,3.4187357405231267,5.713563169066011,1.9992659073626915,4.986668551229702,4.436893270480595,4.1040108499978825,3.943841762269899,3.8692218539867045,3.797174689084963,11.687754063530212,32.644804086907634,3.9970641683427663,24.866863239823335,19.686021893635985,16.842905056900342,15.553887845824143,14.97087775536831,14.418535619427486,15.0,4
12046.246493223733,8.788176761389295,4.0,2653.3582584193246,0.31783583146425587,91.0,364.0,5.9266621e-05,0.15,0.002197802197802198,0.004395604395604396,0.006593406593406593,0.008791208791208791,0.01098901098901099,0.013186813186813187,0.015384615384615385,0.017582417582417582,0.01978021978021978,0.02197802197802198,0.9938382724134232,0.6593406593406593,0.11250000000000071,0.3936947150943485,0.000742990485,21.737973731069946,0.11004168543987813,1.2136969194957576,0.26643972131455707,1.2136969194957576,0.26643972131455707,0.24368024002411737,0.5137077895936929,0.30491764382957565,0.031576971266935795,0.30491764382957565,0.5137077895936929,0.2436802400241173,27.80990754191711,-40.86592525891318,-21.624403764929376,26.267232056595127,-160.44307913891456,48.469034099226654,-42.24632444987839,-26.624885027243174,158.16429357316616,154.7541366846834,-61.236734236647145,11.600606340650113,39.99,0.04858920604500921,41.53846153846154,-0.13419082964754003,2.0708381880282833,0.6006696526622322,-0.05010860060480177,0.00054622597,0.00037881557999999997,0.0005324514650000001,7.364790000000007e-06,11.428571428571429,-21.36,124.0,15.0,61.35,124.0,14.065934065934066,5.145412230139986,658.6872479669287,2.541422716712858,0.001423286596171246,13.422124989469221,0.05211604675232534,-886388.4320312643,0.7403006558718788,3.9100981168256945,68.0,41.53846153846154,0.6593406593406593,1.1788040582126351,-0.00024152982949437283,12.077264933333403,0.04793989373256269,0.17832662716524117,4.163932051010628,0.2938608733176596,0.44845410049862644,0.41095609010431733,0.41634119614955384,0.3063534550744619,0.14992539888899048,0.10879900817974222,0.12424993724723711,0.11788473052184352,0.09365588496466193,0.08079967013232296,0.03821628140246654,1.2524829910295243,0.009964722862596607,0.002248555041515382,0.0045484606907550155,0.010362924231853032,0.007802760480739757,0.009732857150278261,0.5049677938925878,0.004399764418121285,0.0013979722791159135,0.0023737339297580703,0.00217592281440708,0.004336106117571019,0.0015463295085229997,0.0009026782081856072,0.13687684723553667,0.11734894056360949,0.1823841406275116,5.143662103920965,272.7040223086534,26.45725983931265,0.14724546239667924,0.3594196969321916,0.03924128621775542,0.36150489083442694,0.35847684303371485,0.34748045212396644,0.3260106728185482,0.29417079101491767,0.24585081301114795,5.505100940920751,10.006682664235052,3.187549624673709,9.23457087157734,8.47782207621969,7.703404325474076,6.804448405838249,5.744896259374088,5.173783927494266,2.0804440320389324,5.503131394354502,10.000225768659401,3.1873080697060767,9.227492259335008,8.470239755110034,7.6955633671047385,6.796634104387485,5.737359721743448,5.167939386848471,30.284455143530124,100.00451542415951,10.158932731213476,85.14661339608749,71.7449615090465,59.22169553712442,46.19423514892308,32.91729657668405,26.707597506139752,12.0,4
9996.271991801163,8.271640837643899,5.0,2201.8220246258065,0.3326230232290386,91.0,364.0,2.1282671e-05,0.00098642144,0.002197802197802198,0.004395604395604396,0.006593406593406593,0.008791208791208791,0.01098901098901099,0.013186813186813187,0.015384615384615385,0.017582417582417582,0.01978021978021978,0.02197802197802198,0.9955196283340535,0.6593406593406593,0.9825000000000017,0.4264893605407164,0.0007785527050000001,28.29946575510264,0.05821202421995082,1.589583222112275,0.7532026893215449,1.589583222112275,0.7532026893215449,0.2717646236046747,0.23232205623185967,0.057592774010882156,0.2791614020109981,0.05759277401088214,0.23232205623185967,0.2717646236046747,45.20359773997463,43.767364630506925,-87.22995243096065,-32.29802158480186,-26.013893139611756,-10.774150695999046,-187.95714637918792,-182.35522275638843,91.03505086935998,-34.63165778314128,-36.621788238818354,26.12362866427575,39.99,0.0537332268722401,33.84615384615385,-0.1789684078347147,1.9578754010632262,0.3947712727097277,-0.02852294858671807,0.0004947122,0.00039248308,0.000552306546,-6.388537e-05,6.153846153846153,-12.02,121.0,20.0,52.010000000000005,120.0,11.20879120879121,4.687198369325662,568.1681788275511,3.0904215559492862,0.00205172115502976,9.269405958141213,0.05610339364724393,-903824.0503035185,0.6801303127445328,6.727240489365311,67.0,33.84615384615385,0.43956043956043955,1.9932147116961048,-0.00032857414230723386,10.403605067058617,0.03862777304262632,0.1706280969716323,3.7804064893672304,0.20346936989203127,0.1593811038055832,0.12068109890312888,0.0505123184399179,0.014225603826627619,0.002134189539241736,0.0044145675590106775,0.003547977464590614,0.005783406736482393,0.005074140348401618,0.00533284736942217,0.0035693806468491372,1.0518303815135197,0.0031360227061783905,0.002743106208983386,0.0026536477047677497,0.0013930388151378308,0.000820530450111323,0.0009521857556940221,0.5971660887200957,0.0009882881769672296,0.00028877217032378184,0.00038426927119123843,0.00026625419671207876,0.00020076959646356975,0.00025554957509205594,1.5799518274217805e-05,0.4812942207306299,0.33376300462838854,0.17621871029345235,4.683780402880376,179.2261578102164,21.937798862406257,0.12132992609729998,0.28820973788416543,0.024547720684120193,0.308212476009203,0.32969698023933586,0.34922838498350367,0.35682060602228866,0.33275401039247204,0.2523516664089395,4.55532862792024,9.546671627932348,1.534214063617671,8.964283239228564,8.532119163743332,8.238247147955912,8.000515318525464,7.587688362194645,6.598199630965381,2.0615558374108076,4.553712546635209,9.542320174808493,1.5340176669163437,8.95898314892636,8.525746731256874,8.230841731313118,7.992554311174776,7.580388476216227,6.5933722029423105,20.73629795738292,91.0558743185572,2.3532102024114625,80.26337906274645,72.68835732553727,67.74675560592553,63.880924417078496,57.46228945035176,43.472557006532334,10.0,4
9467.22669458485,7.908933890806106,12.0,2085.292223476839,0.3895060979839546,91.0,364.0,2.0089743e-05,0.00098423028,0.002197802197802198,0.004395604395604396,0.006593406593406593,0.008791208791208791,0.01098901098901099,0.013186813186813187,0.015384615384615385,0.017582417582417582,0.01978021978021978,0.02197802197802198,0.9940261711120715,0.6593406593406593,-0.05249999999999844,0.4601046087053541,0.0008361985139999999,25.960339238919936,0.11748793225284335,0.7761934663408834,0.046196965905269706,0.7761934663408832,0.04619696590526965,0.2540291798748337,0.20315345055600575,0.5293360861892565,0.5537332159118136,0.5293360861892564,0.20315345055600575,0.25402917987483375,-17.35509786592898,-100.77405806107446,2.8005183857767313,-6.140606605659187,-15.315415803943418,14.091436090005343,152.77809749582005,148.5833044259093,112.46977143824881,29.82129821642911,47.616788115655766,-14.981803585694635,39.99,0.07066104769954785,42.417582417582416,-0.2986380025352957,2.0052901617904073,0.4849440526616894,-0.08808166900585905,0.00051637183,0.00041938216000000006,0.0005709952855,-1.2900050000000168e-06,15.604395604395604,-13.4,112.0,13.0,53.39,111.0,35.604395604395606,4.561479106216559,608.4205002597519,2.4895078227742737,0.0031122197467365956,16.621796913243024,0.02638966239194006,-592619.2736664359,0.7166778912229168,2.2237948582519063,80.0,42.417582417582416,0.43956043956043955,0.5190973574479304,-0.00017446214643409387,13.64812532089456,0.05708388648399798,0.09117552981314088,4.441570575012438,0.1737648245172099,0.1350274210500364,0.11483283987575871,0.06247438860515426,0.050248930862031395,0.05184512968294213,0.038343565396892536,0.025743076444953283,0.020273174204377867,0.01727471166035521,0.012923048097446582,0.011996760363569598,0.9548861731514227,0.011533467996024857,0.010386537583757804,0.009689359401444067,0.009947875200833595,0.008755654902619417,0.007385316705918758,0.3671648270601672,0.007369742899259019,0.006900493701895545,0.008033350892950276,0.008564476776385443,0.008078775190855935,0.009041605759477477,0.005154347544011576,0.0816468599508358,0.11104322958882291,0.1529890159958909,4.551692759830341,220.16459990840698,20.717906979891946,0.1018669313574787,0.3290800218002438,0.06462314315928123,0.3178972680461538,0.301053911446095,0.2766791490490797,0.24150869531666572,0.19314619230760716,0.13683865243283388,3.06846348248869,8.207158387585176,2.8879496785773076,7.283150747490411,6.433856572563621,5.632573068732486,4.799696952607389,3.8240819995462654,2.829957275799422,2.0614768041014684,3.0667721258128116,8.200558221131148,2.887226557678318,7.27620959962252,6.426809234660937,5.625773548863478,4.793617046339341,3.8192011844953697,2.826647018297554,9.40509127166243,67.24915513816167,8.336077195362988,52.943226137638916,41.30387693872311,31.649328023091968,22.978764386955106,14.586297687650836,7.989933366050452,17.0,4
7100.353090010113,7.8904634513576175,14.0,1563.9544251123598,0.5110632840509102,91.0,364.0,-0.11,0.00099144922,0.002197802197802198,0.004395604395604396,0.006593406593406593,0.008791208791208791,0.01098901098901099,0.013186813186813187,0.015384615384615385,0.017582417582417582,0.01978021978021978,0.02197802197802198,0.9955196283340535,0.6593406593406593,0.7459999999999987,0.49093622009978005,0.00081974838,6.208934401671037,0.2697187387842535,1.2210815732751308,0.7073423765204094,1.221081573275131,0.7073423765204094,0.02594398660564375,0.30627116952238337,0.41880610500049703,0.15669341811789098,0.41880610500049703,0.30627116952238337,0.025943986605643787,11.287255501700976,30.103353774607545,162.76863821884336,22.97411489101033,-67.94314429361006,30.464041983911937,41.05842015438032,-73.19617385318475,11.817664814782862,-83.18287483078187,-213.03170717761597,19.5253118998079,18.72,0.10802071886407573,42.857142857142854,-0.44079808832907313,2.0202837659649053,0.40914532867999254,0.013658010930132174,0.00049289244,0.00041097171199999997,0.0005866274755,-2.746305000000005e-06,5.934065934065934,-13.96,110.0,17.0,32.68,110.0,11.868131868131869,3.9503381660809564,572.3866386179648,-0.19772123361272625,0.005244068369119735,11.341527608663256,-0.002128692817606014,-666089.5268448282,0.6318120172117015,4.059765336353009,65.0,42.857142857142854,0.43956043956043955,1.4390293543820862,-0.0002851408149442067,13.067796629758472,0.03921714827375644,0.020109862481792914,4.6390631317923425,0.1595203728642791,0.08694872628442837,0.04467102280206201,0.039482309032038615,0.02213985489931591,0.019867741383341363,0.012579661365795148,0.004729858043884615,0.004971397884906474,0.0074381646633256615,0.005999511067286224,0.008701427323638955,0.6899432516365678,0.006969480015232902,0.0064570599518190795,0.007015061207483584,0.005736200695663835,0.004755092765728531,0.002895157491276929,0.7623336193938463,0.0043798370279394235,0.0034193734131385397,0.0051577006862051165,0.0038116937959805103,0.0066564876254427445,0.0057583352804285864,0.004438049418769848,0.375035159526189,0.2997785402172089,0.25803543772109927,3.9256679268273933,185.7519792207166,15.410868671721285,0.02982558997604339,0.19267188740336147,0.006053331719082413,0.21454081289736548,0.2306391745071882,0.23474422045288212,0.21662783854544856,0.16838479302576528,0.09788182226904206,2.834388424721484,8.421372286517169,1.296720940271679,7.635470001356239,6.9415946685136625,6.35339748253219,5.84277038050811,5.278613302527651,4.3381364676587735,2.0496416271734423,2.8342314966102746,8.41916793584282,1.2967068111620939,7.632455331098399,6.937762039240027,6.349059357259969,5.838753128786147,5.275926928900698,4.33703206823517,8.032868176377717,70.88238873192384,1.6814485541141664,58.25437438121237,48.132542113119946,40.310554722010366,34.09103809891002,27.83540495909955,18.809847160900237,11.0,4
10916.647395509513,7.611869145279953,9.0,2404.547884473461,0.24688864617708425,91.0,364.0,5.7715836e-05,0.1,0.002197802197802198,0.004395604395604396,0.006593406593406593,0.008791208791208791,0.01098901098901099,0.013186813186813187,0.015384615384615385,0.017582417582417582,0.01978021978021978,0.02197802197802198,0.9950218092600596,0.6593406593406593,2.392499999999999,0.4133259391799388,0.0008091556349999999,29.117425712266147,0.03752345193881127,0.9769673987876033,0.3243843023246363,0.9769673987876033,0.3243843023246362,0.00033164075638440294,0.2629024342600524,0.061894651309665275,0.7000121777952677,0.061894651309665275,0.2629024342600524,0.00033164075638440294,11.021139648432534,-51.95791625498798,-54.33748804475259,-3.930313048495698,-86.43411790158501,-85.62597579645764,57.72486512073509,189.0269032629486,-100.8828988810849,286.2972102097644,-17.234360775390414,42.93224618538181,39.99,0.041541076164965905,41.53846153846154,0.20881845645833053,1.8812973950558618,0.5526142302614301,-0.08187011823548454,0.00050414921,0.000404319853,0.00057587996,-7.004029999999951e-06,11.868131868131869,-10.14,120.0,21.0,50.13,120.0,14.065934065934066,4.898227397588075,635.9144275681598,4.1078799834856285,-0.002509425904480023,14.473827344105139,0.03155364995896741,-777372.1073759142,0.7350007516144386,3.170270669055991,63.0,41.53846153846154,0.6593406593406593,0.9971334849037015,-0.00021948530684491341,12.983366813966546,0.055184964256009605,0.13601792655164707,3.8224653724613358,0.26494061642511224,0.10394442498584185,0.10053270045173714,0.0469056505573161,0.05329541494458804,0.02766624182890366,0.009355294792345245,0.011352228632374964,0.00992225152613641,0.01971638635684434,0.025448932267049217,0.03183081407989538,1.9333985364983506,0.037596494238362706,0.03035328809442845,0.03185624613404556,0.025543953756903194,0.016995030432683862,0.018144858069466124,0.7946241391968908,0.015540715430893831,0.016241856222479766,0.01609763184338062,0.013407162674399802,0.015112282603510028,0.015562060347329345,0.006223138109080933,0.45249125762913506,0.44614672278936357,0.36364884502147277,4.8937742582514785,250.88686053868923,23.949026490724805,0.15986477822667022,0.562664423756187,0.06578956630105758,0.542149028395442,0.5080982350906357,0.454023748222505,0.3774556779403763,0.2879281708093799,0.21224835610702605,4.7096262537058236,10.158534945140284,2.8196281494979254,9.583056443909973,8.933041704918901,8.073259675676807,6.874698428366272,5.387488949377792,4.46302577155958,2.068012364593223,4.706912225894773,10.142940450277495,2.8188605205662465,9.567708463272401,8.918580059926478,8.06048287802655,6.864328495357158,5.379789452025255,4.4579759614577155,22.15502270227769,102.87924097787543,7.945974634407011,91.54104523817433,79.54107028531818,64.97138422695917,47.119005692172266,28.94213454812219,19.873549672934843,14.0,4
8497.361495567899,7.69708232728373,5.0,1871.6655276581275,0.4433589665196187,91.0,364.0,-0.12,0.0009372881,0.002197802197802198,0.004395604395604396,0.006593406593406593,0.008791208791208791,0.01098901098901099,0.013186813186813187,0.015384615384615385,0.017582417582417582,0.01978021978021978,0.02197802197802198,0.9945239901860655,0.6593406593406593,-0.33000000000000096,0.38789358977460286,0.0007683897305,21.446565654989772,0.051669845423656525,1.4041179472582475,0.5568243698862583,1.4041179472582475,0.5568243698862583,0.2217922295167838,0.04667320038673918,0.2980017977549728,0.15564764175301865,0.29800179775497276,0.04667320038673918,0.22179222951678382,34.47364605419624,8.719388541483108,30.513538485741655,-7.742153065657533,-61.389841498139646,-95.30585969952256,86.1834617332191,-141.31517426699483,-49.62361553825382,0.05243197037527354,50.738487213352066,-25.095172850214,36.57,0.06443493705568074,38.9010989010989,-0.23920018377444266,1.8662838857653778,0.40863058363931226,-0.03971351590609912,0.00047496253,0.000389424713,0.0005193843711,-5.922954999999997e-05,7.252747252747253,-12.63,114.0,20.0,49.2,115.0,11.20879120879121,4.321518225170282,576.9753917085291,2.32454124682253,0.0030234871983358573,11.077738048859917,0.03640538090312478,-822438.5990108494,0.7151554953292919,4.6185349707781596,58.0,38.9010989010989,0.43956043956043955,1.502696640293268,-0.0002906700551328803,11.381135700248947,0.052650506164256816,0.16689229106850384,3.4791233643230646,0.11059164934982273,0.06708835075840076,0.06272172794995637,0.02370932739605142,0.013889838483662854,0.007947587969191844,0.005740342716441939,0.005934235837272694,0.0039291199465360934,0.008199293637280726,0.004533872600136588,0.007130554565199525,1.2175930475436,0.0034952210521102967,0.004229156360261833,0.003432876923410806,0.004042422855471411,0.002539801906936059,0.0038786658936623914,0.4516148414693799,0.002695391153995945,0.004404908530844736,0.0023394044588556295,0.0036281985614055497,0.0018254846952122693,0.0026934966413213364,0.0008593956865373597,0.3111008119553388,0.12884854215704664,0.07957863243873024,4.3148931669928015,185.51828497224776,18.61830304256117,0.13967634366174983,0.06734048119940511,0.03885672234439673,0.08314448192605738,0.10481826702895417,0.13326411866962087,0.1665168659396383,0.19469118253804152,0.19538672077998456,4.212093084640349,9.260244695178308,1.7567327817173195,8.704947243509983,8.20703413166066,7.761477864265438,7.335628048456829,6.80054112665841,5.892502180250006,2.0770924512718407,4.209776558523782,9.259999842017809,1.7563029982007439,8.704550161117877,8.20636474750788,7.760333711391385,7.333737859963646,6.797753670060012,5.889261920953586,17.722218672696332,85.74759707416983,3.0846002214889223,75.76919350741726,67.34442236914008,60.22277931215759,53.78371099866416,46.20945495881436,34.68340597359392,14.0,4
